tid,survivors,spans,dropped,feasible,recon_ns
000000008ec640e7,3,5,2,1,63023
0000001744f6e2e6,4,4,0,0,45183
00000017f04bb3bb,2,3,1,1,56236
00000021bd08c582,4,4,0,0,41881
000000133f772c4e,11,13,2,1,104591
0000001d52e8117a,3,4,1,1,45954
000000197abff9c5,4,5,1,1,58199
000000165cd97154,3,3,0,0,75451
0000001cac3a6285,10,13,3,1,101774
0000002904b0f256,2,3,1,1,47686
00000035c18b5a8e,2,3,1,1,37077
0000003a82a364b8,3,4,1,1,53241
0000003787dc00d9,3,3,0,0,34734
00000040c74e2025,4,5,1,1,51102
00000045472b332e,2,3,1,1,49100
0000004cd14cf302,2,3,1,1,40417
0000004d2e2281a1,3,4,1,1,43378
000000514ee51cd8,3,4,1,1,32659
000000531953fb97,3,5,2,1,55891
000000570f8a0e7c,4,5,1,1,109224
000000575825761c,4,5,1,1,117305
000000625472c7e6,3,3,0,0,21380
000000672237e583,3,3,0,0,43967
00000067c3b5ae8e,11,18,7,1,224634
0000006be9055780,4,4,0,0,207533
000000748e0f9b9f,2,5,3,1,51948
0000005152de00da,3,3,0,0,47053
0000008908ced95d,2,3,1,1,34597
000000944cb04b7b,5,5,0,0,151114
0000009df8766dcf,3,5,2,1,55758
000000a5b99649b8,4,5,1,1,310346
000000aed08cbee9,3,4,1,1,144969
000000bb9bbe2b8a,2,3,1,1,78846
000000bc0b3b6bb5,3,5,2,1,350861
000000bc2ec51d02,4,4,0,0,413643
000000baf26ab347,9,14,5,1,930748
000000ca719e4b6c,3,3,0,0,43136
000000d404654c42,2,3,1,1,43504
00000178065b05ed,67,95,28,1,1312193
0000017a0c8a9e0c,329,419,90,1,6322109
000002571b21ab43,5,7,2,1,140870
0000019f9ca7d3e8,24,35,11,1,588993
0000026b62356a85,61,90,29,1,1360122
00000193e0db0625,83,111,28,1,4010787
00000309e627d9e0,6,8,2,1,125045
000001ba5310d89a,408,545,137,1,7832516
0000031fa7ddec43,60,82,22,1,1593190
000003862a806203,6,7,1,1,113998
00000386293f76fb,38,48,10,1,702761
000004a1fc4d7ccf,6,7,1,1,420018
00000170990eddcb,925,1233,308,1,24380126
0000060c16896db2,135,175,40,1,1104925
0000087c8dc7cdb6,36,54,18,1,443331
000007f5b3d8ff79,228,316,88,1,5972499
00000a138b820933,25,40,15,1,1029574
00000af28a4f6fd6,10,13,3,1,168708
00000ccbc48b305f,124,167,43,1,4695332
00000aac7c9d6e87,595,750,155,1,17888688
000009bdfc0a6987,966,1244,278,1,20202200
00000e21f3b8f379,603,737,134,1,11683168
00000b6d8ac2cd6f,838,1092,254,1,26886394
000015f42bdc0ad2,7,9,2,1,140872
00001567bd2b6163,6,9,3,1,250168
000013e7e942491e,96,123,27,1,3166073
000015abfc5129be,102,153,51,1,4186977
00000e1fb9dd5825,1300,1717,417,1,44865105
00001b34d9ae4d10,51,63,12,1,829353
000024424d96cc8e,5,7,2,1,129353
000024e6432a380e,16,18,2,1,1067841
000025e337a60712,5,9,4,1,244315
000011c409ce8e93,1446,1958,512,1,43787561
00001a7df4352541,697,933,236,1,25392699
000020c2c7e07092,749,959,210,1,17766093
000034f9f383a23e,6,8,2,1,149402
000033b6ade440e8,701,962,261,1,18101099
00003a7a495b5aa4,6,11,5,1,187419
0000371c8dfb3d97,686,923,237,1,18218795
000048ab63f0d639,25,32,7,1,472975
00002b81a84f8af5,1978,2629,651,1,66641149
000052711082078b,10,13,3,1,201272
0000546dcf8e30a8,197,269,72,1,5300557
000051feb70e9993,692,886,194,1,21354694
000064761089866c,122,161,39,1,2084559
0000851aae278fc4,219,301,82,1,7710595
000061644179f148,490,678,188,1,13803853
000070851bc6dfc1,701,996,295,1,20788844
00005bd09ce9a23e,707,931,224,1,22505677
00010f72d290ba96,6,9,3,1,253586
0000d15f0bb00de2,541,734,193,1,17664450
00011da3860f8851,382,546,164,1,9945799
0000a27550ca6786,750,1035,285,1,24267865
0000ef0837d066df,991,1301,310,1,36503381
000174e3d30155f8,537,736,199,1,15494925
00019a12fbd7c32e,11,12,1,1,1041379
0002497f0586b6c3,3,3,0,0,75745
000225251e116de7,20,34,14,1,636187
00027cb887895ef7,67,90,23,1,1738400
00032d0ecd0aee8d,20,27,7,1,371410
0002c17b826fcdd2,123,164,41,1,2248788
0003d6aed0bfdf3f,14,17,3,1,216922
0001be5cc7daf4cc,272,385,113,1,4310064
000313b3b404f011,38,49,11,1,607066
000269366619c224,413,563,150,1,7781956
0002e19b102b5e9e,173,239,66,1,4390296
0001ea75935f02db,354,481,127,1,9012131
00037d35f3e3c1b1,386,473,87,1,7414988
00055d65cf33d663,62,87,25,1,2123503
000669468c8f6e00,3,3,0,0,76338
000673b861ab65fd,42,55,13,1,1150099
000608c81ecbf64a,93,126,33,1,4781052
0006b5f200134c91,199,263,64,1,5593879
0006ef2570d16d49,342,432,90,1,11960126
00070708c1c6d71e,11,20,9,1,477700
000092ea91537455,8599,10404,1805,1,270237759
00040ea02fc33cf8,1127,1590,463,1,28113061
0001a505e911f7c4,1216,1580,364,1,36958940
0008bf32b6627cce,24,38,14,1,776514
0004713ac10290ad,1492,2035,543,1,34924112
0009380f41be2761,87,112,25,1,2686926
00021f3df0862ebe,1735,2218,483,1,45932264
0006dea1304392c5,980,1350,370,1,31408857
000f0bbab8b00fdf,101,135,34,1,1150943
001007c0c9ff2d90,19,29,10,1,312944
00101c7ac0ae1a41,92,132,40,1,1251455
00074d81df4fccdb,885,1253,368,1,30251484
000c2eaeedfdb958,1252,1711,459,1,29251922
000683697f813e97,2020,2697,677,1,64377806
0005f15500372500,3150,4427,1277,1,67332406
00047eefc8193148,3570,4706,1136,1,89965783
0013a8870b8716fb,40,52,12,1,1025948
00138043521f7276,2,3,1,1,1782325
00156c2f6ccf3169,81,97,16,1,803664
0013293fa63fa33d,139,150,11,1,1432614
0016a13173d45a06,279,332,53,1,5084190
00204e7727399188,8,14,6,1,177569
001fe27ebf2611c3,12,16,4,1,279612
0025ab59f72c2695,35,45,10,1,443836
002cc4d12b7f56fb,81,110,29,1,1397885
00261bc9b18559b3,284,315,31,1,1974866
0006ceb2a5be3725,6107,7854,1747,1,148659343
002ce0372e1490f2,299,332,33,1,2823314
001f2379c129b8d9,313,439,126,1,5003907
00234221c4e02e64,991,1306,315,1,20586691
001e9ab7c6469a3f,822,1087,265,1,21013743
0018e5ab2f9810f0,2805,3824,1019,1,75438682
0047597b502d0385,2,3,1,1,88103
003b0475cb7ae658,302,397,95,1,5211261
0045fa7c88bb656b,106,134,28,1,2117523
004b1a55b6542eb3,90,114,24,1,1255442
004eee5f47f0b1cd,4,6,2,1,109967
004a49d3d4fe95b6,234,297,63,1,5133592
00506cdd36b74579,47,63,16,1,741781
003e47a6c317ec93,1285,1672,387,1,26456524
0047bfb713201573,1139,1595,456,1,20730418
0060107301994443,9,12,3,1,242530
005fdbe8d2fd2f9b,20,28,8,1,337814
004ad50a2abcaeb2,1113,1419,306,1,22105208
005d8272666fe795,318,375,57,1,4072485
0010d11502e70f0b,5522,7177,1655,1,144569303
00004cf694ff31f5,13400,17557,4157,1,558040325
001cbd5c1b413c40,4157,5951,1794,1,112702585
006c8dd52ad1e87c,155,192,37,1,2659399
002fec93ecedff2e,3564,4865,1301,1,88303117
00778f526eb3f990,188,197,9,1,2093889
00838941fac68c37,67,94,27,1,1037775
008ae62541d9211b,6,7,1,1,198152
0095e0caac417e07,83,121,38,1,1388162
0086fb869b6d9b9a,238,285,47,1,2968509
0087e110ac944c46,213,316,103,1,3273101
009a8a0387718706,268,323,55,1,5288081
008843f4e151ef32,277,329,52,1,6374105
0093be6127fc579b,429,577,148,1,12361556
009fb4a9fc92b6dd,1578,2199,621,1,56489749
00c1ea1133b2e2f0,45,64,19,1,716381
00c6b30f12ed6cf6,183,187,4,1,1317432
00d8c0971f50de30,43,64,21,1,662996
00d90204d251904d,43,52,9,1,535383
00a7641b201e974a,197,204,7,1,2681884
00db90797beb41eb,279,327,48,1,2152617
00e05ba07e7c1dd7,28,38,10,1,478780
00e067d813e61cee,29,39,10,1,705277
00cd8b649c1d3647,799,1050,251,1,18933054
00d893b780c7344e,267,329,62,1,11834480
00e373bfd36e35ac,149,213,64,1,2504167
00a6084298b759c5,843,1093,250,1,22936110
00c0603d96162271,1064,1389,325,1,25266641
00d85de824f1deef,1054,1398,344,1,23939540
00c6264a44c71881,1035,1480,445,1,27166029
00b72f5cb0cce86d,1014,1321,307,1,36913753
00f042a27597b459,8,10,2,1,114233
00fa12c51d8d85ea,50,64,14,1,924345
00f3dd5709851c71,121,166,45,1,2435104
00f77bf14898c135,296,335,39,1,3088767
00f4c0ae50d3a07d,297,329,32,1,3673580
00f99c2ca2dc50ad,803,970,167,1,8037189
00fd1016be9ce820,754,985,231,1,10699145
00837723e6367364,5613,7050,1437,1,161806423
01139772c4db8653,185,189,4,1,1163937
01196a8bb49aec65,30,39,9,1,3843726
0115ea59a33731c3,63,100,37,1,3340640
013463f7bd6d5a2d,8,8,0,0,73123
0119a5ff349f7f2d,182,187,5,1,1126671
011055868b2bd48d,91,136,45,1,5016786
01373404210495bf,206,224,18,1,997079
013b25e677646b85,95,114,19,1,1129588
011e4cc56c7a4810,300,356,56,1,5333900
010f4b5df5973539,172,216,44,1,6206315
01414b36617a5c09,83,119,36,1,2382700
0141808a11599d5a,284,313,29,1,2754886
010c60d79f4191e9,1018,1268,250,1,19794997
01257410d987af69,982,1281,299,1,20021591
013529bb453f7984,975,1296,321,1,19106536
01454aa67fe0e924,639,908,269,1,12705981
00a020460b415ab5,7125,9259,2134,1,177772405
00e0f7c31547d01c,5506,7233,1727,1,123844160
01609d180e534022,12,14,2,1,200653
01615057f1ab0e47,105,143,38,1,1572606
016dbd7ed735250f,40,49,9,1,602660
01810e792fcaa403,89,120,31,1,2815614
01834cc02fd93cb2,41,58,17,1,1309973
016cc14ed846794f,211,229,18,1,4248990
016e230fbfb6ad29,581,718,137,1,14156805
0182a15f9215cf30,735,940,205,1,14323783
017324a3b2aeeeed,772,1025,253,1,20584608
0173f58ec2adb533,826,1082,256,1,27214338
017c8319dbe3065c,948,1221,273,1,25854537
019b6b063f02e324,183,247,64,1,2039195
00014a31eb82ff66,17130,22743,5613,1,754047598
018bfa845704c4c3,907,1177,270,1,15962882
01ab60dfaf3d7c12,6,8,2,1,155758
01ac8d311d27fb08,86,111,25,1,1231116
01a4b800896f41bb,81,104,23,1,1443339
01b0b43c4abd88af,161,219,58,1,2276804
01b8bd9209893a6f,7,11,4,1,178916
016b36a6fbb1f800,2561,3300,739,1,63436707
019cd80116f1aeda,1121,1440,319,1,24802302
01b7b038ac1172a0,388,468,80,1,8190989
015a71b62d1247f4,3993,5344,1351,1,101640824
01a1ab5ead8d6dfc,1339,1714,375,1,23847718
01a3b99d0b8d0540,1334,1631,297,1,26597272
01c795a22248e2db,292,345,53,1,3107540
00fc6e68b1e3855c,7075,9226,2151,1,177079714
01d79546f7f6ac1f,95,130,35,1,1380449
01dbec9e0db73ebe,47,57,10,1,525409
018a61bd43a4853f,2770,3932,1162,1,76018617
01d5641f07ef51a6,323,351,28,1,3936824
01e1f59bfef4904e,29,38,9,1,988054
01e5ac10f25efc8b,326,373,47,1,3779639
01df63527d4a89cb,738,961,223,1,16638808
01ef7bc42feecea4,34,41,7,1,366776
01f2b4220f063524,115,143,28,1,2254831
01f4a0fa6b522ec9,494,621,127,1,9015329
01f96ed95dcbb819,127,160,33,1,3930377
01fb958d3907fdac,277,327,50,1,2194122
02012f7fef433512,3,3,0,0,50100
01ed5474f3ce600e,593,839,246,1,13547959
01eab8aef53cb68e,1344,1733,389,1,22278060
0161364788d75f41,5029,7222,2193,1,153155937
020357bfad1b42ca,214,284,70,1,4683693
020703108b0cdc7a,404,483,79,1,4794975
0200eb7a2dd185d6,790,1037,247,1,19070561
02006681cc3161f7,898,1193,295,1,20777825
0222fbe8e0b0cb55,239,322,83,1,2564920
02188c73318e01fa,1303,1682,379,1,27644902
02321875096756d5,195,201,6,1,2503147
022b574215d7044f,941,1156,215,1,11692117
022abf74b3ef2def,792,1015,223,1,14517532
023a964b63654e07,254,283,29,1,4206144
0245c93c6a22728c,757,1153,396,1,5240898
024d2d9e7ff85347,101,131,30,1,3492234
0233e36282e23a43,1480,2051,571,1,41161496
024b616fe8c74748,878,1133,255,1,20154885
025e0976b7fe77be,30,40,10,1,490075
024f9954c1ae0105,903,1231,328,1,24111188
0266abc152fb81c3,444,578,134,1,9367512
02748be1805b8c1f,299,442,143,1,5811586
0272039a610aee1a,765,976,211,1,12745664
027d6c844b61ebaa,552,696,144,1,11279913
02906830c158e7e4,288,330,42,1,2642934
0284c85fa83d9ff2,1045,1374,329,1,19395003
02988601ef4f9e1e,290,331,41,1,2697516
02a82604f2219aa7,403,500,97,1,7470473
02afda907710f6a6,116,153,37,1,1696716
02a604ab954c492c,479,651,172,1,10875151
02b00c959c975643,224,237,13,1,3250657
0299bf14795f653d,1051,1513,462,1,19087935
02a19cdd7ae8f344,1062,1423,361,1,18167673
02bd476bc1cd3ac7,42,51,9,1,532251
02bea50a5ebeabd2,266,351,85,1,4004060
02c0ca83b4a8ed23,1074,1315,241,1,14533465
02c14d31d3abf28c,1161,1586,425,1,14313577
02c8d8d5115c6483,764,1029,265,1,14312858
02cfb8d5c594745a,228,254,26,1,3451820
02d32d46513600c6,93,119,26,1,3577187
02e0e8b5e16d1e24,19,24,5,1,310934
02d7c295c43eb1dd,803,1081,278,1,18315193
02ef8b0d946199ea,301,358,57,1,9655047
02f8414b0fc3f1f3,278,313,35,1,2953536
02fce5f64259a3cb,1056,1339,283,1,12321675
030795e389348bb1,5,6,1,1,133937
0310ec60920fc721,586,767,181,1,5600815
030c14c9f14a935e,480,632,152,1,7551959
0306502f658412dd,482,596,114,1,9100858
0319cb4832e6126e,124,164,40,1,2026685
031748bb75953fea,922,1350,428,1,9478657
0317bb1664d83a41,810,1038,228,1,17412890
02fe27c822901e15,1864,2469,605,1,35578333
0324af1e60b4730e,28,31,3,1,370643
034237054f15ac8f,84,119,35,1,1850979
03210f89fb821f59,304,353,49,1,5582720
031e92fc85a0ac3f,717,930,213,1,22466238
03481e2c6031e06f,466,567,101,1,12985810
0335833dfb09bb66,786,1020,234,1,21487119
032345f341418462,1093,1453,360,1,24138212
033123921259e6f4,1049,1387,338,1,31810104
032c3c669f2f2501,1382,1820,438,1,31582312
03536d060da361a7,36,48,12,1,1496055
03219abc5856d32d,1673,2091,418,1,40547178
0363192bb3901485,124,158,34,1,4376943
0359b9856180887b,358,446,88,1,10029992
0364bf5e1274d36d,39,49,10,1,939325
03693ad5aba3d693,253,279,26,1,2184278
035df23a046d37e1,986,1362,376,1,21196180
03657925055a1b51,787,1019,232,1,11837914
036376ecfa95b66c,677,899,222,1,11948261
036e2cc09145e377,182,243,61,1,7739131
035d813ed70de860,1271,1501,230,1,32888249
037bec7057268a08,32,40,8,1,650633
0379120618c19fe1,1055,1349,294,1,23545428
038aab01bcd92da3,3,3,0,0,109972
038ca85f0fc6eea4,18,25,7,1,316273
0385e9d8ff57aea3,25,38,13,1,469090
03872d9a41086d60,41,52,11,1,780227
038198a9cc752e89,80,111,31,1,1384297
038f43f9edc937bc,250,274,24,1,2474416
037e926fb8428eab,284,335,51,1,4968472
0395bc4151c81a80,342,459,117,1,7955545
03a0a32def709ffc,260,290,30,1,2491676
0353533fe5a115b2,4018,5401,1383,1,118442164
0389d69fea1affb7,771,1003,232,1,18514401
039fe231c11ad077,460,633,173,1,12625934
03ae563ffde23a34,33,47,14,1,659644
03ac91efd908164f,258,302,44,1,2354900
03a86640ddf83cd0,911,1201,290,1,17740120
03bf46fa47264b5e,329,399,70,1,6322797
03b43abd6b1660ac,770,996,226,1,23248416
03b23325cddd5bdb,1170,1477,307,1,25396371
03d1fe03add0a18a,263,283,20,1,5061376
03cff3f2c14c8ec0,409,541,132,1,10336977
03c12555015f7cad,887,1179,292,1,20007731
03de22a3ba5e54bd,511,620,109,1,12153152
03e1da3ca77a9cbd,92,129,37,1,2308055
03e1e1307e30747c,333,402,69,1,3436592
03c93b96ce03475a,962,1319,357,1,29386770
03bfe8d413f821c7,1718,2264,546,1,40906833
03e06a6c00f6c4c5,500,556,56,1,12365527
03efa93216b98202,7,7,0,0,112538
03e4bcfc64b72b70,41,51,10,1,992900
03e7044d748275da,211,224,13,1,1710807
03eddfb6a7829674,222,236,14,1,2237154
03f0ddb34c5756a7,267,375,108,1,3578072
03f7db3d9bd7d429,122,168,46,1,1486402
03f7d1fae43b4dfd,201,217,16,1,3820099
03fac6038433ae93,180,216,36,1,1912648
0379edc45b24a6f4,4593,6044,1451,1,129095159
03e26f0f4678fecd,1203,1558,355,1,21334307
030ddab5988ba5ff,9873,13049,3176,1,351267854
0400f9eead61dc66,1204,1597,393,1,26561352
0400281fae8157f3,1143,1446,303,1,27791595
042448c99c149aaa,3,6,3,1,130443
041e1d262ec71041,722,919,197,1,12418584
04151a7986de7456,1241,1615,374,1,23850241
044618d7c2a1e14d,63,95,32,1,1737514
0462e9ae05a84991,208,216,8,1,4608723
045f58011b7e9ea6,160,221,61,1,5563637
04723b3bad51d9b9,90,118,28,1,4329768
045fe68ace34d83c,623,850,227,1,18310232
046090784180764c,715,907,192,1,19991926
04350ab66059e2c1,447,635,188,1,22412572
049d5cae034f2026,33,48,15,1,786386
043dab38306c26fc,659,852,193,1,22065033
0489e9bfd688b5d7,356,421,65,1,4195349
0479cd5be053cd0a,821,1080,259,1,21546353
0480442f08adbaa2,764,985,221,1,18458423
04b627edaa57c8f8,203,214,11,1,1173079
046727066056a4fc,1006,1325,319,1,27918275
04bc9fd1f79461f0,2,3,1,1,34389
04c1022129245ab1,42,52,10,1,1530399
044e4c0a7cb1ea73,928,1166,238,1,35380086
043e9d0c12960b1c,1238,1606,368,1,30517569
044228b51fc296b3,1207,1519,312,1,34449793
04acc29421891bd4,494,626,132,1,18528016
04dbded9af51d01b,90,129,39,1,3995624
04c8345be8eaa561,305,366,61,1,6751169
04b60d4db9b4f3db,627,803,176,1,13375535
04dea4563b19104f,120,152,32,1,3073036
04b376edc39009be,781,1004,223,1,20586807
0482000c48444785,1439,1834,395,1,27853939
04a2d1acd6e84f28,879,1109,230,1,27769962
04e9886b9c3ebcdb,435,510,75,1,3887711
0504bf6eb78145e1,26,31,5,1,745124
04ff6fcdd6bd4e2e,213,228,15,1,3341439
04c631698e9cbaf2,892,1137,245,1,25468182
05050897079ac83c,411,605,194,1,17157582
04e69ba71eb0e3fc,639,823,184,1,25085305
04ee1c755d1e0d62,845,1142,297,1,23282584
0513a0c867147786,90,120,30,1,1924098
054f17f5dfe8c4fc,201,209,8,1,2024039
04d6292af5a5aaee,1299,1687,388,1,35990724
051060d48b10a006,754,968,214,1,15438856
053090d84040d697,309,437,128,1,7119930
04d9deec9ebddefa,1034,1348,314,1,38677423
0535133088700e35,495,693,198,1,8963122
04f081fafe977046,1342,1715,373,1,32364597
0565f5c53ba2024b,253,289,36,1,3040582
0505e6792deb4a51,940,1204,264,1,29892031
0553fcfc9700b5e3,479,609,130,1,9321649
0587937a747af9c6,6,9,3,1,314012
0578b3cba3b04c9b,45,57,12,1,1370426
0580b9dc88e99ba7,95,131,36,1,2454658
04dd66bf0cf6efe9,1502,1977,475,1,48029683
058ae5eec165d98b,333,371,38,1,7271122
058e6a85c84d39ee,197,206,9,1,880093
05a74d890cc669d4,108,149,41,1,1239013
05b1428593c0c001,182,187,5,1,686665
05b3297b89b82bd1,255,284,29,1,1490620
05b44bc71ed68997,99,134,35,1,972064
056070d83e494a67,758,987,229,1,22621483
0557d9d3a1fc2441,958,1209,251,1,26060827
05c588a433f92404,83,131,48,1,1656202
056bf8a1fbab988e,804,1064,260,1,23830724
05b69632d113ba94,785,1047,262,1,14910811
058977d52ab0b941,1294,1706,412,1,31248349
0587466a3667668b,834,1161,327,1,34994737
05bacd4233f30140,757,956,199,1,18961160
056d04a67145a78a,1399,1939,540,1,36667987
05f54bb2189d7f76,288,327,39,1,2538500
05ec69f91a15d361,518,649,131,1,8542685
05de053a309a051b,796,1042,246,1,21607345
06058c6b4d26c337,85,107,22,1,1286826
0615d4f752e61cab,95,132,37,1,2854664
05d77c9b5b59ab31,1173,1569,396,1,23549417
061dd5b34a8e31d5,107,146,39,1,2985161
0608a3732632ad0c,262,366,104,1,12259993
0621e3f743dacb1b,5,7,2,1,91257
05f983d5dbc5977b,771,983,212,1,18138922
0557b75a7740e1b3,2199,2891,692,1,65236855
0601562efbc4c86e,844,1116,272,1,19616879
05dd0072ab03f9c3,1428,1794,366,1,31984934
05f4f9da824d436a,1425,1873,448,1,27704480
061b699a5803378e,814,1070,256,1,18438071
062aac4df142dac9,792,1002,210,1,12116716
05008ed4de73f058,3334,4480,1146,1,102375968
06251c88be1da965,885,1172,287,1,17008838
063088cfad1fc27b,821,1092,271,1,19343175
061f9733b0c74fff,1041,1420,379,1,24458251
065aae01d3b5f50f,265,281,16,1,1260450
065a35aea4793509,256,280,24,1,2222971
0640565ee9de6b05,677,964,287,1,15824692
066ef074c721cabd,222,242,20,1,2239128
065fdeafa3e11c18,551,814,263,1,3554250
0663e2c40b37b4be,274,333,59,1,2908963
0680ea53ba287dad,311,367,56,1,3459501
064d93eed6ea0711,777,1048,271,1,13150751
063a9286d139ee53,1061,1392,331,1,26308535
0682c59941bb4cc2,100,134,34,1,2144609
063660692d298a87,1517,2191,674,1,32964097
064b0d93ac295e8e,1056,1388,332,1,26554647
068904d57fbdee97,471,541,70,1,7178219
069c2d0e3408cf06,3,7,4,1,97293
06452b3f301d3c76,1197,1727,530,1,32175811
042edeeecd37c036,3743,5184,1441,1,186059515
067314498d229618,852,1086,234,1,20148138
0687171e6f150a5a,385,467,82,1,5371417
067941fca8df28ce,919,1204,285,1,18082320
06913a8836dbd0c7,594,756,162,1,11925471
069d60e3f0d84aab,180,218,38,1,2367052
0672b8268659f5c2,1157,1671,514,1,28743735
06a2457727b864cc,2,3,1,1,72617
06af2214ac8031d3,100,141,41,1,1144633
059b86b9f51291d7,3839,5431,1592,1,120119082
06b885f1ba0742e0,96,129,33,1,3195482
06c403e49d6a8690,191,197,6,1,2349301
06c23ca0b1ba5f74,437,590,153,1,11353257
06d3745d74a257ea,134,187,53,1,2022643
06d6d0ec4b1619d2,140,186,46,1,2466964
069c2af1d84b3f92,2485,3413,928,1,48095423
06e4485bc9098fa7,260,280,20,1,2237561
06af6b65779461ea,885,1236,351,1,22296708
06c672e850d19b61,946,1196,250,1,22785003
06e60d69b597b4c7,315,392,77,1,5671025
06d5f6b420247cef,1099,1432,333,1,21707703
06cdef8a2c8755b2,1143,1464,321,1,23145687
06bc7f9bc6dff178,1415,1773,358,1,39396689
06cc31bc7efadb4f,1773,2350,577,1,33964972
06b409fc5ed37459,2479,3313,834,1,54814213
06a5d46c9795ba43,3616,4960,1344,1,90914282
06e24cefa69e2868,4751,5660,909,1,104189514
070275ad2bc8e8dd,270,300,30,1,2329210
0700f89c6c393b72,298,346,48,1,3062307
0707c3c410d3248f,267,305,38,1,2891974
070e850744bafc0d,323,395,72,1,4024461
07228b07a81421fc,83,119,36,1,1521764
0729a0742205dcd2,60,90,30,1,982489
07110129a9dd8914,353,471,118,1,5629757
071d0967ec7c42bd,503,614,111,1,7457098
073ae951e50d4683,114,153,39,1,1766822
072b960bf4a1695a,222,316,94,1,7524349
074a298354df2282,200,211,11,1,2389561
06ff692f88daab3e,1092,1421,329,1,24838311
06ecb5cfcc72705d,1209,1538,329,1,31089883
06f323275ad09e1a,1146,1538,392,1,32696217
074686afb31ec11c,1029,1371,342,1,23497646
071d1c8e1b39447c,1300,1651,351,1,32944871
0756785feda5d08b,43,53,10,1,466078
0751038591078925,251,286,35,1,3009847
0764cc281b3804a7,86,113,27,1,818795
0759a52356bf47d1,269,294,25,1,1589072
076b5bbaf7fb3135,5,6,1,1,38722
076684ed03918d80,91,120,29,1,1833426
076d4ecb544785d0,183,187,4,1,633188
072566100b7876cf,968,1270,302,1,33784224
0754734bf1bb92e0,455,516,61,1,4007870
078014e786d4de00,31,40,9,1,362379
0788d5abb06c446c,70,106,36,1,572581
0777d10eb19b4ad1,108,167,59,1,2094785
0795f585e95235b1,204,208,4,1,843319
073a7333e8322d87,807,1031,224,1,17021929
07b08ef53a50e99d,27,48,21,1,523553
072df85b46f5163b,1902,2485,583,1,35918141
07be8dc784bbe71b,40,53,13,1,525142
07c5b4f959b114c8,7,9,2,1,112660
074ddee38538aeec,802,1029,227,1,15385324
07234dad01719ded,1495,1966,471,1,40193749
07c795a3fe06aaac,121,152,31,1,1777027
0769e51998103ed5,911,1212,301,1,10201906
077b8657bf06fde4,929,1235,306,1,8818145
079d4b1b6cf3c1f3,602,739,137,1,7414023
078ed3d8c709b292,756,977,221,1,12967308
07a96fbf73de6c42,856,1130,274,1,12053061
07d752f71c7abf18,188,195,7,1,2331245
07d0f41d1ce2ebe2,982,1278,296,1,15393805
07df464b708d487d,325,390,65,1,3355729
07c76d2aaf3daf79,1314,1700,386,1,28541036
07e20b5eb2413149,424,582,158,1,3884028
074578cb9e648b41,3154,4433,1279,1,71471864
07f8ffb7775e90ea,104,130,26,1,968124
07f0c84669f40362,348,424,76,1,4675763
0815b0f652851e90,160,184,24,1,2316120
07e8a4fa883b4586,1769,2328,559,1,33102354
08216bad1ef4993b,192,199,7,1,1868264
080a03a90463b209,941,1221,280,1,18793164
08154c752e0c63f5,793,1021,228,1,14276743
082bed7015ff44cc,208,223,15,1,1435572
082fa80c48fdcf94,5,6,1,1,80930
082ef324f5e0fc51,4,7,3,1,81679
0823480feb6b8539,573,777,204,1,12973744
082004a58a1d60d5,654,822,168,1,15023778
0832bb4d505eadaa,685,842,157,1,7904587
083f494c3ad18673,29,40,11,1,416480
07ebea1f67e859b2,2858,3626,768,1,57788517
08482c19b1f01499,496,593,97,1,5403870
085537555b18b35b,37,49,12,1,583489
085a1f4dbe3cf424,302,360,58,1,10229147
084fda6cf111978b,887,1269,382,1,21847128
0866fdf7991ca883,114,128,14,1,1022760
086cb25333e04dca,359,435,76,1,4988060
085ced019b5599e7,1365,1863,498,1,36169585
0870fb42337797b0,1224,1568,344,1,31128893
08702d1be3e512bd,1616,2158,542,1,34248703
087eda6cf53df686,749,927,178,1,14200247
088476a2575ac498,1135,1391,256,1,21874687
08a34bb3d095c52a,569,804,235,1,9896547
08ad13bd9db45daa,85,115,30,1,1106336
08a0df57688b7ea2,811,1025,214,1,11808236
08afb81b2f96f5ae,265,288,23,1,1978928
08bb5dea66bed96e,43,51,8,1,1108802
08bea0ac9117885a,193,208,15,1,1421536
08b0ad28d1d0f2bf,791,1021,230,1,15449293
08a76296ffb2d972,1397,1810,413,1,22438782
08bebded8820827a,261,290,29,1,2572182
08bd8c71aac13aaa,518,646,128,1,6614635
08c6f72981cd831b,33,42,9,1,368466
087907c00d8af695,3044,3890,846,1,68611028
08cb2f11c537a2ac,272,293,21,1,2145140
08cf16d1c82dae83,92,119,27,1,1406475
08d62918dfdc32e5,247,360,113,1,6630825
08c7283ceaf22b16,905,1158,253,1,17449301
08d93e68e862bfb4,499,597,98,1,6273357
08cf540e62d8f2cd,936,1242,306,1,21927329
08dd0be11fcfed3d,581,735,154,1,4331333
08efbb000c830d8c,307,338,31,1,4783739
08dd64f9a5bd4af1,1462,1855,393,1,21621391
08e8a1272c44c003,726,918,192,1,15919789
08fa9c01a286887b,16,24,8,1,1033602
08f32d67bfa6a9fc,913,1201,288,1,10760185
08f66267d85ba6c6,981,1266,285,1,15506971
090d081327b973bf,120,153,33,1,1275329
0909cbcc0f4f387d,233,279,46,1,4921129
091175ef12f12a37,290,320,30,1,2882181
0903c5a294a3a920,1142,1449,307,1,19328435
091476da69908657,550,748,198,1,9893899
091bdeadf9913830,417,517,100,1,8829447
0924991a107925c4,4,4,0,0,78377
0913f9ec9d7210c6,943,1272,329,1,18810700
0915b3ae387c8aa2,753,932,179,1,14352142
090ff090af4947c8,888,1184,296,1,24019133
09255f21d60c4216,760,1004,244,1,12317604
0922026314d2a01b,950,1219,269,1,14606289
091d6cd5aec98c69,1057,1505,448,1,18667456
0944e11b06ac8e4f,107,144,37,1,3017012
094b8edc67c44a68,356,433,77,1,6124697
093dcbffe2019b44,735,945,210,1,12321132
092f4eb856dc6ea7,1322,1675,353,1,24412619
0930c8ae6c6b0f48,859,1092,233,1,25017346
0924bdc8cd1cc4a8,3521,4852,1331,1,68296974
0976ebd817f13f99,97,130,33,1,2830319
0958a4e1d0015392,121,160,39,1,3092435
09796f75c6598342,259,302,43,1,4212593
098f73f5c08ad188,218,227,9,1,2306883
09761944b899ab04,679,820,141,1,10459411
099b2dd3d41759a9,356,435,79,1,5402670
099ab42fb403c0d8,446,619,173,1,8781955
0969be006dc88d2e,545,770,225,1,12330693
095a308a737179d8,817,1054,237,1,15152414
09a2b5f8d1053d20,527,639,112,1,4641916
09c02e510afd5193,270,293,23,1,2018011
09a430aec6dc9416,445,605,160,1,6955393
098f697f6077dddd,1151,1627,476,1,21743918
09572246afa8e15c,1431,1874,443,1,30147916
09a3f4ef469abcd6,1064,1382,318,1,17326577
09c0230f6b4a04fe,1004,1328,324,1,24819202
09caa5bb6331d23c,744,919,175,1,22119527
09c4a6c213924d04,933,1207,274,1,22002898
09eb42881f53c5a4,47,58,11,1,593820
09fbc4a9ac3c7025,76,115,39,1,1436558
09ea5e2d70585d21,749,996,247,1,12038215
09e4adffec065c2b,843,1090,247,1,13433919
09f618b9a6a4cfc7,487,631,144,1,8186509
09dc0cbb8ff0b8a4,1401,1789,388,1,19623096
0a01d9efaa1901e4,26,31,5,1,887038
0a00a469b50e9a5e,694,924,230,1,24266909
0985ea2f512e2722,3854,5109,1255,1,102165779
0a1609b51801ffb9,188,194,6,1,1449375
0a17a64c2264d02d,98,135,37,1,1933305
0a1217a7f778a61c,794,1032,238,1,11246702
0a1f71f3c410071b,213,225,12,1,1426480
0a20d74195d4a167,268,299,31,1,2491653
0a1b0d32229d7c7b,997,1301,304,1,15372312
0a2802cb8a873318,35,49,14,1,578769
0a23db77dd2da3db,194,209,15,1,1666635
0a28af74275457f1,100,143,43,1,1579075
0a2b0d7d589414cf,267,302,35,1,2730861
0a2686a65a4ed0c4,632,882,250,1,10136302
0a258ea2eccb2c37,1129,1605,476,1,21564474
0a2301307089cff7,1172,1528,356,1,22160508
0a4165a104ef31b1,180,192,12,1,1418749
0a4c4f3fe63eb919,159,197,38,1,1614623
0a42cb19c28c3ed1,861,1163,302,1,12952716
0976c5337142a346,7320,9868,2548,1,197847655
0a564a1f01d2c2e6,5,7,2,1,137894
0a5ad3c5a80c36a8,104,152,48,1,1165323
0a622216dbaafd41,102,142,40,1,1534075
0a663fa70e1eefb5,488,663,175,1,6804055
0a5b477e41f2b0c3,1134,1475,341,1,20087186
0a844effd834b657,4,6,2,1,107359
06d96bc7e1725d06,24297,32088,7791,1,822667227
0a89b33c5e9597c7,232,346,114,1,2916285
0a94f2cc3e13c7ed,227,251,24,1,1653654
0a91f53a4bad6135,313,349,36,1,5168179
0a87724a80aabab8,584,736,152,1,8406169
0a8c10f122d8c4c2,1009,1258,249,1,14259927
0a8ce252a00bad71,958,1190,232,1,14074887
03fea5fff47a43f6,66650,70937,4287,1,1194678456
094887100670a5bf,10827,14514,3687,1,291419647
0ab6707a0a06b73e,289,317,28,1,2234633
0aa0c887a7473b76,711,932,221,1,8856276
0a66d4cc92df4208,2880,3627,747,1,54367355
0abc44afc3d26027,206,217,11,1,912559
0ac2771df051ec1e,72,98,26,1,751287
0ac4b3f8a61602d8,3,3,0,0,50251
0ab59fd4ba0ae3be,793,1070,277,1,14384051
0ac25a3f6f6423f3,720,938,218,1,12507284
0a9e44b013097b94,1825,2505,680,1,41586658
0adc1ed9092d94cb,335,400,65,1,2808182
0acab40ed8b8faaf,1090,1540,450,1,20059464
0ae395bd3815f4e1,676,821,145,1,5176908
0af320f4e6164a26,33,44,11,1,391651
0afc17c655f4b644,79,103,24,1,705636
0afbccc7b10d3cf5,209,224,15,1,2132602
0b0dc96435c4c5ac,812,1050,238,1,13266221
0b15cfe690058ad1,248,285,37,1,2301989
0b150b12be557bae,334,443,109,1,5012654
0b270af67a643817,84,109,25,1,1079716
0b27ea693cba4657,808,1028,220,1,6282968
0b15385bf77ccf13,1037,1361,324,1,24952551
0b2e2ea57973493d,183,187,4,1,2177392
0b19bfbdad33bd2f,1082,1396,314,1,26777494
0b3c913ea3c79b3e,92,117,25,1,1344433
0b3c6c4063acc4c0,363,416,53,1,4296986
0b227f29a0c5a141,1922,2527,605,1,32001519
0b428a703278c14b,755,973,218,1,13260677
0b4d3f1ef4a6b43a,1237,1641,404,1,23226772
0b538e0e6b4e99ef,845,1102,257,1,12878959
0b65220d01c89576,904,1195,291,1,16008354
0b7142aad87ca9c8,270,322,52,1,5112812
0b5c14c55f757e38,1041,1342,301,1,22242103
0b79093007ef44cb,264,362,98,1,3364413
0b6ec898cf0d9713,906,1165,259,1,17436655
0b8533a643b57ac9,165,205,40,1,1421180
0b882bfeeb6b3d93,199,264,65,1,1702629
0b8053527a29338c,822,1062,240,1,13542606
0b7b9d2eb95be789,1126,1474,348,1,23476672
0b95afce180790d4,30,38,8,1,527241
0b4bd501110ea26e,2818,3711,893,1,63127070
0b9819ec7e648fe8,94,130,36,1,1561062
0b8152feca796fa7,1060,1369,309,1,24546199
0b9844e632df3b51,337,396,59,1,6115178
0ba284be6ecf86e1,193,202,9,1,1233637
0b3fd0d838f3fba7,4030,5398,1368,1,88800731
0b8f3fb11862f7ba,897,1169,272,1,18224168
0b8e79b3e8037f62,959,1224,265,1,17900388
0bb727d5d3b28186,19,27,8,1,562987
0bbe01728bf1f1a8,304,380,76,1,1936390
0bc0a82cda7e33a5,203,214,11,1,2649519
0bad6740cb346b11,1037,1350,313,1,14919123
0bc9820f5ea7e8bd,394,482,88,1,3638276
0bbc05222f22231d,752,996,244,1,18559263
0bb125fee86088c1,1069,1414,345,1,23885546
0bcf61065a943bf3,3,3,0,0,84874
0bd7b20961d1ca1e,99,139,40,1,3281753
0bd5f4043c17ef3e,157,208,51,1,4471933
0bdddf73e52dee4d,257,281,24,1,1822839
0bd0db838174de34,791,948,157,1,12986489
0bcb92b0ff7f743b,1160,1422,262,1,15821590
0bddfbfbeaab7e14,373,447,74,1,9045566
0be367c13e8d3466,228,238,10,1,1636631
0be3321470af08ee,486,675,189,1,10984744
0beec74f7281918e,41,48,7,1,329101
0be988a197bea835,98,139,41,1,2864990
0beb754df21a44d7,319,398,79,1,2845456
0be16fc62207f8d1,877,1137,260,1,8019801
0bf0b5dc224cd862,96,128,32,1,2652780
0be5aba09c5ac7bf,771,1042,271,1,15340835
0be9c615d0530db1,776,993,217,1,14454884
0be566ea2b08f053,967,1235,268,1,17387646
0bec1c2bae9ba359,837,1070,233,1,16015028
0ba844c4a1abf67f,3333,4451,1118,1,71736266
0bf8a02bb838c3d2,310,363,53,1,4451180
0c04e2ccbb72ab64,2,3,1,1,83758
0c04e0749ff3ddd7,160,175,15,1,1415206
0c0383e861a7763d,165,231,66,1,2246932
0bff29a26dea3449,987,1256,269,1,14787648
0c0083fc3802cf75,967,1294,327,1,17987803
0c1e0a25cdbe1c66,295,340,45,1,2499693
0c10012fc3d79303,798,1052,254,1,16719706
0c23c9a2a0c96c24,716,929,213,1,10971941
0c35dc331f630efd,81,103,22,1,1595369
0c313acffc226d70,294,337,43,1,3386824
0c0b151cb3b57efc,1677,2216,539,1,40803833
0c397caf4fbcde69,85,127,42,1,2747254
0c4266e3578ecdb9,465,514,49,1,5553926
0c394884d0b83550,1152,1607,455,1,12419417
0c50518208adee0f,7,7,0,0,121400
0c47ded453827c6e,85,121,36,1,1266183
0c45b00609414aaf,502,644,142,1,6006104
0c51c520837c12bc,213,298,85,1,6139687
0c4c8cdc4b510c3a,674,868,194,1,8482056
0c425884cad4af05,1831,2326,495,1,24514364
0c7034eaeedef1f0,262,283,21,1,2071081
0c726ada3909251b,262,302,40,1,2191098
0c7e080a210d1232,194,199,5,1,2217403
0c766366c1cc1cbc,862,1073,211,1,11800004
0c639f18f2a2b5cb,434,555,121,1,12091070
0c5b2dde20752771,951,1264,313,1,26205802
0c8e3b07b39eb901,699,851,152,1,10326204
0c556dccc5833499,2209,2956,747,1,49548162
0c89265d28e95b61,780,1046,266,1,13489256
0ca28f01c9aa5bb2,44,52,8,1,370023
0c93ecfe6e18df1f,193,271,78,1,3376550
0cafe0013059d2f2,243,283,40,1,2966772
0c93221b4c48a61c,1314,1686,372,1,22437599
0c5d8256fd6c9dfa,3117,4021,904,1,69237962
0c9378fdfd7d8000,2238,2565,327,1,28916251
0ca6df7505a45776,1174,1670,496,1,20125919
0c7eb6221d3bfdea,2490,3202,712,1,54841667
0cc61a6e0f9b7d35,40,57,17,1,762980
0cb1de50033905ba,819,1079,260,1,14945888
0cca3999c1cefb99,50,64,14,1,809721
0cd7615103a1d705,34,44,10,1,487037
0cb081de97f86919,1515,2036,521,1,28353124
0ce6bcc5284277fa,44,58,14,1,592261
0cf69cb06429d124,102,153,51,1,1865499
0cf972ca66e27838,16,19,3,1,223183
0cfe935101db812a,101,130,29,1,1373138
0cfedebb0687e51d,207,212,5,1,1027545
0d214d803e7351e2,83,113,30,1,1099475
0d0f00bbcbf2a0bf,703,940,237,1,14132509
0d4d0dbfaddcfa12,115,123,8,1,877769
0d4e4c79a275e94b,164,223,59,1,2596336
0d4d98ee9c6aecd0,267,297,30,1,4557243
0d2d53d051cbe9fb,458,556,98,1,7921260
0d58fd6a22fceee9,39,64,25,1,568465
0d5f83286fe0c9fb,323,416,93,1,5574170
0d687b093d336f72,28,40,12,1,257192
0d6a6f9eb8e789fe,388,454,66,1,4661063
0d524bf1e07c300f,1154,1634,480,1,24641480
0d64882abcec8f9e,1206,1593,387,1,21727327
0d23cbfd44adbffe,3196,4284,1088,1,59974032
0db225f18cab5b7c,102,131,29,1,1835511
0d835ce9016689f9,190,197,7,1,3065823
0d8daaf02c21228e,211,222,11,1,3927320
0dd7ad3adec807fe,184,188,4,1,2657523
0dd0691ea85b87d8,182,188,6,1,1059902
0dcb2fae7a6caddb,247,285,38,1,2328621
0dadf5823ed87c33,288,338,50,1,5435784
0de0659a06f55935,215,334,119,1,3825275
0de3ab4640b1544a,208,225,17,1,1678530
0d930cab022466e2,895,1275,380,1,14226034
0d8f909e483c12a3,1159,1639,480,1,23263512
0df513e861e25b82,96,128,32,1,1952834
0e0c114da98616b7,46,57,11,1,1072550
0dfb61ee66960228,985,1428,443,1,12656246
0dfc91b1a8423545,876,1131,255,1,22618628
0e0bb9d356b394c2,762,950,188,1,12863246
0e1a3feec47d663b,16,25,9,1,215517
0e2771922cdd8cb5,2,3,1,1,128302
0e2a9b455994d4b9,197,203,6,1,915803
0e219d3cbf49d18a,387,571,184,1,3916470
0e206277074a54a7,328,392,64,1,7165849
0e39e796ed832bd7,125,155,30,1,1021911
0e3f975ce7151c50,15,21,6,1,250053
0e3dd787211e0d97,248,266,18,1,1808985
0e429eff0a03557b,202,224,22,1,1874931
0e20f44ad684c5cb,1231,1592,361,1,16653578
0e3d00d2d1c42e0b,781,983,202,1,6267329
0e1fe779ca9d079a,1380,1759,379,1,21354365
0e4dbbf08de31b03,37,49,12,1,720160
0e49166bae8748d3,220,251,31,1,2450747
0e4e900e4bf8abe9,106,132,26,1,2978120
0e64d3864eed3254,26,31,5,1,685442
0e5ea015b4ec25d6,288,332,44,1,4071941
0e3a6d237c5bb7c8,1384,1951,567,1,36881960
0e74ffc767e80478,4,6,2,1,120376
0e2e022805f1488a,2375,3019,644,1,38788261
0e169e64acab0f45,2922,3753,831,1,54817019
0e7061ee36e4fee8,284,391,107,1,5991441
0e826ec9fa1942c2,176,208,32,1,1416902
0e6b22afeee4c36f,1036,1352,316,1,17273097
0e7426ed0aaf558e,936,1270,334,1,18356971
0e7f246cc69f2f8e,702,955,253,1,12997966
0e89cb1d0d590bd6,22,30,8,1,512673
0e911850936f49e9,42,49,7,1,1611082
0e8d99d05b703608,316,373,57,1,5468092
0ea1989f427b6049,312,374,62,1,6472994
0e9cd0f0121d4447,367,446,79,1,7384060
0e9eaf139f24c6fd,515,624,109,1,7840737
0e9c1ee57467f07e,939,1318,379,1,21233883
0ea869d849363e2d,730,936,206,1,15230694
0eabbddf17036d40,1038,1336,298,1,27772277
0d6801a5333eb3f1,10805,13002,2197,1,215406086
0ec11866e23646aa,5,6,1,1,240214
0ed1dcaf1db56cbb,7,12,5,1,876777
0eb9bf5a9119caef,61,94,33,1,2031165
0ecc7697a7e9946a,34,48,14,1,1661645
0ec285550f4182c9,120,154,34,1,2240616
0ecc6d05cb8b09b1,385,469,84,1,5277213
0edae36dbbc03162,1143,1637,494,1,21531631
0ed4a9af89ebd1ae,1172,1504,332,1,23567823
0eb7fef680e7e742,1829,2405,576,1,28276008
0edd47ba07942d5c,1891,2304,413,1,32752885
0eec6daa54d024cc,127,193,66,1,3303535
0f15ef05e5410774,17,20,3,1,619952
0f385e7afc20cf6c,41,57,16,1,1817545
0f04b1d535526fd7,260,379,119,1,8283910
0ee9569383c4c3b4,190,251,61,1,9786474
0efe28bdaf7e379d,287,339,52,1,8197430
0f1a9eee2d6bd387,304,361,57,1,8645134
0f27e9a5d24dff4c,300,424,124,1,8293804
0f3b733f365aa2ab,266,299,33,1,6401219
0f52c02ecf8ea26b,201,214,13,1,3494127
0f5438daafd81270,267,293,26,1,2789696
0f3dcd97435a0b83,295,348,53,1,7820746
0f3efd0a4191cb0d,430,521,91,1,7690559
0eed40d7a392f88d,811,1055,244,1,18211812
0f08d61b4e5cee50,571,850,279,1,17559772
0ef649ff3b2790b7,908,1308,400,1,21936724
0f120a36a8dfea69,912,1171,259,1,20081781
0f673db56694043d,317,387,70,1,3531325
0f6c6e3e862d359a,67,79,12,1,1903860
0f7b6b1cbd14bbc6,6,7,1,1,111219
0f5ba87d3abdb0f2,956,1241,285,1,20082056
0f6fccf5ab421035,524,718,194,1,9600691
0eafc27b91fce294,4879,6936,2057,1,153625841
0fb955d9d660aae3,2,3,1,1,83650
0fa07f4cd9bb4893,94,130,36,1,1014709
0f93e828545ee478,187,197,10,1,1005931
0fac21f52c2e9698,71,98,27,1,1082862
0fc078b0d3582355,192,198,6,1,1122697
0fc29b88d7716b44,158,202,44,1,1393138
0fd9fd6b8ec123d1,100,129,29,1,1402787
0fb772a76640c2ce,245,271,26,1,3054468
0f983c4606221f48,337,393,56,1,3416482
0ff9204a9fc102b5,191,201,10,1,1201642
0f930ad11d984342,532,681,149,1,5656380
10017a6337b43705,32,47,15,1,544014
0feee6a0dd942708,136,190,54,1,2988983
0f90c2b08b0f442f,493,674,181,1,6747193
1010e00f8a7a2354,3,3,0,0,36442
0fc4d47a424a3c9c,448,559,111,1,7587000
0fd4ebba22e70ae8,574,700,126,1,10705276
1001ea983a8686a7,311,352,41,1,6301166
1022b873183cacac,108,156,48,1,3446562
102b5464703f1d01,3,3,0,0,44544
10226605560c84e3,196,207,11,1,1840755
101659fae2a17788,447,529,82,1,7619564
0fbda0deba62dc29,563,637,74,1,14479714
103a6aa6c8e86f0f,102,153,51,1,3177346
104aaf697959426d,297,350,53,1,3449258
0fdfe43177d524a4,883,1092,209,1,15835373
0fe7b8b0c7815c8a,798,1074,276,1,19603838
10272795acc6e19f,442,623,181,1,11732815
1057fdb650ed9545,70,94,24,1,1881606
0ffbe281c40b0982,1127,1567,440,1,25997638
105ac99c08f51748,21,28,7,1,453314
1008c920c23dbc69,1404,1684,280,1,25267234
1059133a3484228c,258,283,25,1,2811338
1066b0df6b93c865,314,348,34,1,2002847
1063aa6b0d9042ed,248,365,117,1,3676338
106a2afa80045b45,202,212,10,1,1617834
1073294ed5977599,69,94,25,1,1118879
106d3e9ab4ce75f3,435,516,81,1,4423696
107580b44fa83df5,30,35,5,1,825430
1073f96cc6c6bbda,701,892,191,1,11671995
106eb8f259af5e13,1034,1340,306,1,13338298
108da540d5f5d022,2,3,1,1,160133
109f0dd65c9da4e9,90,131,41,1,2381580
10ad40c6a70b42f6,110,157,47,1,2455032
10b2e816369faca7,188,192,4,1,2201542
10a7d009d739015b,383,486,103,1,5856193
10ce99b6340753cd,202,214,12,1,2758720
10d9a3aeed235d9d,100,135,35,1,967167
10d7b9179998fe76,340,403,63,1,3838345
0fb972694acb700b,5394,6325,931,1,135131886
10e7fd038e7be2cd,325,375,50,1,3818541
1087d816142c0764,3449,4595,1146,1,55174509
10c7fe569ee00c06,922,1255,333,1,29380770
1110d21f660ded73,43,58,15,1,854891
10ee552325ae1c00,271,310,39,1,1817874
1104c1f6053ec093,287,339,52,1,2169324
10cd288e8d8f1baf,1559,2136,577,1,30418534
1104faf27e24d82e,495,626,131,1,8005959
111930d533fb8b95,323,399,76,1,3478894
111a7212308610be,519,718,199,1,6421711
112f15f749b45fb1,271,298,27,1,2118504
1133ed1aaee9f7e4,255,275,20,1,1726168
11296c9dd029b8a9,500,714,214,1,6254155
10ff82de776a3674,1398,1905,507,1,22020190
111f4d118749dac4,802,1052,250,1,10497807
1148d9dc803c353e,18,25,7,1,349428
114e892cee792a3c,76,106,30,1,688831
114fa1956a012b55,212,235,23,1,1038103
110f6a8d15162306,1379,1649,270,1,22878901
115c511404f6320e,104,133,29,1,1441769
116d1ea758c65cc8,94,119,25,1,2890634
1153f7ebcf319956,731,932,201,1,13132428
0ed5188623bfcaf6,14989,18822,3833,1,389055401
10ea257e9184e289,2580,3653,1073,1,59362413
11780e6adfe1d09b,94,128,34,1,1489321
115f6d77afc66730,724,996,272,1,8949585
117419873d832cde,304,343,39,1,4601520
117bc7db5e087173,200,221,21,1,1630074
119658a526633e91,507,683,176,1,7492267
118ada41344e41e0,1076,1375,299,1,14710192
11b292258e56dba8,80,106,26,1,1030550
11b013c56fc0944d,174,234,60,1,4467297
11aaadeac68532b5,271,327,56,1,6672464
11b8ea9f8d955451,180,187,7,1,1557976
11b29ae941a16b81,403,499,96,1,6096205
11c0e648d2c702f1,257,284,27,1,1393169
11ba2672a48f6d34,1118,1476,358,1,15635036
1200c912131d42a9,4,7,3,1,143706
12280faa0b3a2c6e,261,287,26,1,1632157
11f41a434df2f21c,219,235,16,1,1899939
11f7690eba8f5289,272,303,31,1,2200204
12493fcd27340663,183,188,5,1,1163540
12073d34728b9249,283,336,53,1,3753725
1268efb8e70acc84,106,143,37,1,1940218
124678c5db0581c8,296,337,41,1,5144743
1255ac24b6b3060a,218,300,82,1,5179267
1283fa6123551089,20,30,10,1,553670
123417e26b9e384d,436,514,78,1,8061151
1278e9e4546f3916,265,301,36,1,4397395
12537516ac46eeb3,405,559,154,1,11950498
1284c1d021564016,217,229,12,1,4161947
12954cdd4704e46b,337,401,64,1,6579453
1247f872ed51bc9a,552,775,223,1,14478172
1293ecab191c18f3,343,493,150,1,7428581
1282999e33bc221d,412,514,102,1,8972663
12b1e040e391f98c,235,335,100,1,3709836
1263abd19c5c4ce6,668,866,198,1,18827606
12bf4882b12ff14f,86,116,30,1,1368923
12a70edf355aa61a,395,488,93,1,5844609
12268b6957636f75,858,1198,340,1,22756936
12a9bfc310bf77af,450,647,197,1,9998984
0f80ea7bfa89093b,14351,19447,5096,1,476847233
129aed6dda49f3ce,924,1249,325,1,21225141
129491a725597262,997,1360,363,1,23429342
12771565986cc7df,1178,1636,458,1,28566375
1237a275ae343af6,2478,3673,1195,1,41144934
128eebc253e150cc,1583,2132,549,1,31489228
12dbe0a52bbdec4f,721,1001,280,1,9186780
12edd19782b6d5dd,243,330,87,1,6102115
12eea53f29f6e73a,473,663,190,1,10363170
13014345ce95681c,156,202,46,1,3600096
12e7c3cc990462eb,950,1171,221,1,16041336
130e3d23569b60ac,74,76,2,1,545948
130ef4f6d3da2d94,269,294,25,1,2673317
1321cb66c4a1fa38,98,129,31,1,1638522
13268c5d6be07504,215,228,13,1,1712376
132512345b67c3c3,308,366,58,1,2706153
132d34c57093be3a,167,217,50,1,3683689
130575b3a43dc05e,1481,1926,445,1,36320614
133f3fda3c12714c,214,228,14,1,1945117
1340e20fb97388ab,94,142,48,1,2244132
130f97ed085ff202,1569,2191,622,1,36508852
134c7b030825f679,122,180,58,1,2134851
134d9ef2610f8826,35,49,14,1,550660
135c074997766412,12,14,2,1,203261
1355300fa55f8e7a,204,215,11,1,2767647
1355dd6b031b9f0f,84,116,32,1,3067905
134b9f6f3efcb00e,965,1290,325,1,23264015
134716eb4b6854dc,1863,2451,588,1,37386248
13702f6f8782c4d5,3,3,0,0,96416
1390a52b5c57565d,10,13,3,1,284936
1372eb0c2fb2c402,181,187,6,1,1739414
137e24e6e6ad7746,73,94,21,1,2098805
13722cb4d7b37d4d,102,140,38,1,2466927
137627f655fa8d93,103,137,34,1,2302673
13629cc055101e66,114,166,52,1,2822737
137f824701646e2c,260,302,42,1,3978395
138d13711c598118,117,158,41,1,2273849
1374e48b74773971,586,754,168,1,8149667
13b0bc8d6bf3b564,7,7,0,0,149030
13b6b3266c0a250e,26,35,9,1,253157
13b7c4111d82dcd1,20,24,4,1,270740
13b57eec6c55b4b1,43,54,11,1,640668
13a5d1be74116028,199,211,12,1,1509393
13c3cfbf6cd397d2,210,272,62,1,3135619
13ce41e5305fea4f,297,328,31,1,4168540
13d564045efc15e7,4,6,2,1,153122
1387be037f7b7259,2010,2637,627,1,30853146
13de8a6485f41556,45,51,6,1,344507
13de27563619e4d5,272,297,25,1,2245216
13e7690ff032d431,95,125,30,1,1008099
139ad4c79782cdca,2405,3098,693,1,33354222
13e0060af60b6503,926,1351,425,1,20643607
13efa61fa6986da6,46,57,11,1,515014
140e531b85fa9158,746,921,175,1,10033733
13ef33bfb4db224d,949,1353,404,1,17305108
1423bd7d898dc5f5,114,161,47,1,1202354
142271a3269973ad,398,492,94,1,4918127
142f7730314322d5,74,104,30,1,1270033
14327fbb39d86373,281,309,28,1,3406081
144429f1a729937a,98,132,34,1,1813707
145a99f5e9936b27,45,51,6,1,538646
1441a99a53878259,600,818,218,1,13290216
1355a245632305de,6719,8855,2136,1,144648650
148fb73f8953ef0d,5,7,2,1,156020
13d963762ddc3bc4,4316,5771,1455,1,89069119
149029a80dddc1a7,261,336,75,1,4398303
14a850f82b741c97,197,204,7,1,1465519
14acc3022d35e624,41,58,17,1,621201
14b58ec0970b2b9c,39,49,10,1,570258
14aea5c2cef4ba31,269,335,66,1,6394925
14b3fa28ad31fdd5,506,625,119,1,7426862
14c3121fd5ec68ae,290,328,38,1,2936138
14c328aee2383588,353,449,96,1,6114201
14d07f4f9d10c991,322,389,67,1,3389849
14c8c69677fceb5a,758,966,208,1,9873988
14d6491ddeb0d4e7,405,476,71,1,4476772
11d6899c26fc4f8e,15618,19077,3459,1,396869775
14e5d382f2d804ee,279,315,36,1,4094670
14eb2277fed29c3c,61,79,18,1,1158053
14fda58ff73e1718,15,22,7,1,505522
14f28404e6df05b6,454,638,184,1,4665332
14e9942686508602,440,497,57,1,5047519
15040def0d56e17b,26,38,12,1,1061372
1515244cf27672a8,83,112,29,1,770323
151b3a55f6253e20,10,13,3,1,127696
14e6e1bb34aff13b,1314,1852,538,1,24907352
151d6049f975c28f,277,321,44,1,4796652
15162072c8568039,741,1037,296,1,15174501
153f7a764914bd6f,119,123,4,1,837866
153101a3cd099610,1327,1822,495,1,24424267
15462cb17f4fc92c,283,338,55,1,1900011
154dcc20cdad4848,513,695,182,1,7950839
15569b3934b13e89,526,729,203,1,4582286
1560d3843b300ed7,64,79,15,1,1626310
156512b840f99057,310,339,29,1,3285454
156e1611b43ea087,214,246,32,1,3223313
15787bdccb24dc6f,248,278,30,1,4265809
1570f982b1261492,761,1066,305,1,15522182
158870b323d5a1dc,37,48,11,1,630086
1578bf5a797f1f68,1301,1691,390,1,23686511
15957e66e836b96a,7,8,1,1,109269
15999610c3347930,85,111,26,1,1263746
158975b25dc0fd1e,502,617,115,1,7581914
15ac8c6db266716b,20,27,7,1,360632
15ad13e14fc91925,30,35,5,1,569647
15b690f5f29b5bc5,29,39,10,1,886381
15b7f029cb39a253,184,188,4,1,1133566
15b01c26ef5ecd48,679,958,279,1,14533874
15c43c64f8fe4813,438,463,25,1,5872014
15d2f7cf41c26b68,83,120,37,1,1392335
15dd7eb6f6b112ef,75,91,16,1,726526
15dda0f299af2e8a,285,338,53,1,2616446
15e3060d98f88cc2,894,1238,344,1,7288207
15e069fdb4bffe86,936,1287,351,1,15089894
15f1cd9b5d9d67dc,266,323,57,1,3526452
15b54e1e92008b35,2438,3162,724,1,55788475
1611919b065c039a,2,3,1,1,141472
15f003b86075fc56,1814,2351,537,1,39063706
163d31c6d2704ef0,5,6,1,1,91671
1623002b969b399a,530,709,179,1,11215373
1620142436357d30,593,771,178,1,13911638
165629cc2300b87a,95,130,35,1,2178105
160410d0b04b92db,3498,4615,1117,1,69012139
16686bbb5b04ca57,3,3,0,0,93431
1664f02f5af093d1,2,3,1,1,94621
165c011650796451,101,134,33,1,1471376
166ccdc271703f9e,52,90,38,1,1540966
1615341255fe6935,2623,3563,940,1,53154178
1672dcf29253f103,59,91,32,1,878551
165a4dd40f7ddb30,1740,2330,590,1,23106278
169e4fbda46441c9,38,47,9,1,1003577
16a4580f1e068db8,293,335,42,1,2983990
1695528bbb7fbff7,236,280,44,1,4568460
167252647a5bb1d7,2321,3185,864,1,38540933
1686741c06842051,643,785,142,1,9157730
16b08f48d4838761,269,308,39,1,2474525
16be2ee4bf30e228,79,105,26,1,1133076
1689d454a6c574dd,1302,1693,391,1,23437895
16b0f08dcc4ea2a5,1141,1611,470,1,15481248
1679d8e2113d7bd9,2845,4010,1165,1,55097114
16e14ad78ede7738,37,49,12,1,513516
170a77f3c3f565db,181,186,5,1,750080
16f6de5a409f87eb,74,103,29,1,1333569
16d258a581adf691,182,188,6,1,1371701
16fa027a410fb860,264,294,30,1,1482121
16efc1d1358215fc,272,303,31,1,2496400
16f8498276a404ea,284,347,63,1,2956090
16cf68ad586a6ec1,208,212,4,1,3274299
17029cda5db8c768,293,332,39,1,3219662
17004c841075a1bc,319,369,50,1,3136345
1711556ea079dfab,286,362,76,1,2934778
16dc5c2b616581df,149,225,76,1,5059620
170986b0df7a0219,898,1176,278,1,14005149
173a395b28803ee2,197,271,74,1,2719459
174dbf4ee18ada19,7,7,0,0,97070
175222c5fa15b757,100,136,36,1,1779289
175dffddf0f465c4,120,148,28,1,1611518
1755c52e47328aae,481,592,111,1,5390287
173cc97ad0055b86,1136,1617,481,1,21330247
177bbe3abf3f8629,18,22,4,1,319228
177031b32442447e,653,800,147,1,8055079
1735c8e16b335adf,1758,2308,550,1,29271889
1771c224a7a0b6a2,450,612,162,1,5600945
177672cd18f2107c,460,581,121,1,12530568
1789c2720af28070,261,304,43,1,5211220
179a412be51dea15,7,13,6,1,273429
17a2a206180788f5,170,251,81,1,2098418
17b5286a7270aacc,781,1008,227,1,11911922
17cc71c40e321dc7,17,24,7,1,256499
17cd993ddeb6cc85,83,116,33,1,2721288
16c1d6871f005465,7105,9332,2227,1,153297538
17d86eb2685c0b3a,78,107,29,1,1188627
17e323147fd6f311,99,145,46,1,1424172
17ef927f0c1ce4f4,91,121,30,1,1546419
17d7fe6d14b68066,120,144,24,1,1613266
17e293ec74cbbf88,104,134,30,1,2190179
17f9d8d87a13093e,4,7,3,1,125417
17f951ea2124280e,133,164,31,1,4887500
18004f4390a49ffe,271,328,57,1,3079453
17b30e155102604e,2873,3936,1063,1,51947421
17c6302346c9a638,3955,5282,1327,1,92422534
186a318225249ee2,83,110,27,1,2445786
1857e99d1e362df0,64,79,15,1,3489295
183e2159dbe71ad9,90,128,38,1,3993544
18613ec81e24a664,194,197,3,1,3092678
1871a64e439e1579,32,44,12,1,816826
186ce733f4002eea,65,88,23,1,2311092
184a2befbb4eb78a,193,201,8,1,6263786
181d25a732cc90ce,157,215,58,1,7524362
187d5c8233d155e4,255,282,27,1,1270553
184d3eb863633db9,201,262,61,1,9102245
187035498ac9a934,94,132,38,1,3250484
1882346cf92ef76e,249,301,52,1,3512503
1877abcee02d029c,238,314,76,1,6280004
184fba6f3613cdf0,603,790,187,1,10732587
188dbee89ff08b61,455,638,183,1,6322508
1833cd16017aa0ae,437,605,168,1,14921446
18a96ec09de0b70e,213,223,10,1,3343590
1876042d10ee828b,457,593,136,1,18901960
18398e9543b39d29,972,1341,369,1,25703818
189a6f401a098005,1268,1758,490,1,18793940
18bafee7d4c37a7e,509,621,112,1,3524937
18c7472ae637382f,59,93,34,1,2574479
18762d4d9910e2f6,2220,3029,809,1,49669138
18dfe5c731c71492,4,6,2,1,109310
190073d94e3d7898,17,27,10,1,620811
18f29f508f382e45,65,83,18,1,1140545
190467f0f650b54e,255,289,34,1,2875769
190eec04f86033a8,291,331,40,1,5701529
1907ac4745b4cf5e,444,601,157,1,13315169
19196b9680503e72,45,52,7,1,545507
192a79955a7e4e79,263,295,32,1,2199821
1917845a54f38985,267,287,20,1,4057191
192b052bae4cb1ba,199,214,15,1,2489917
1814a95c354b1aa8,4911,6350,1439,1,117023787
19431c9cbaed014c,31,38,7,1,277491
193ba28022877e4d,24,38,14,1,615390
193c5341610c2727,73,76,3,1,945625
193d60a20b9d1926,108,154,46,1,1725723
191d2b4ee914da13,1393,1760,367,1,19994399
194102c64a76254a,128,175,47,1,2107247
1954692fbb0a2af8,81,119,38,1,877052
1911ab0d6bc78abd,1132,1582,450,1,27440249
18e98e9d46f6e452,2226,2918,692,1,50354019
19559b949a51c3f0,315,428,113,1,6332850
192b739960706b85,1820,2720,900,1,24349363
195ffa9a5c24a344,323,493,170,1,10113215
19791ebbe53e8802,2,3,1,1,99898
19356d3cc1593536,1583,2103,520,1,28813053
19768b0515062f12,355,475,120,1,5961730
198a617f55285fbc,37,54,17,1,810965
199391e2d193606a,106,158,52,1,1877231
1996e344db8d1e91,336,383,47,1,3135461
19988773463cfe09,928,1387,459,1,12877064
199bb52cea57e7a6,3,3,0,0,84178
19b4feab4f8d68f8,8,13,5,1,221606
19b0085c4dca95ef,92,132,40,1,1526912
19b55f910dc346a4,265,288,23,1,3648346
19b9ba487bcf46e3,112,156,44,1,1747556
19ab7db693a62c24,791,1039,248,1,13164144
19cb65055ad35424,37,49,12,1,811960
19b592bdf7d7fd4a,931,1183,252,1,21411441
19855611d5bd1835,2267,2862,595,1,50845016
19b3a7d7c0bf72e9,1554,2198,644,1,36744327
19d6930f4de42095,26,31,5,1,572846
19f8e4bd896158d7,63,88,25,1,1675408
19da0a4fd12651cf,117,123,6,1,1593886
19e6a583bc1759cc,131,171,40,1,2572929
1a06ab4e664dfd92,92,132,40,1,1431181
19de7f98ad24e8a3,612,839,227,1,10587237
1a14b937abbe3ca6,29,40,11,1,714325
1a187c1b20ea6af5,82,106,24,1,1400797
1a13f5a399a966ee,435,511,76,1,3574511
1a23b593260391ab,76,101,25,1,1173671
1a20402b25037aaf,268,304,36,1,3929000
199560302a0013fc,3049,4268,1219,1,73675500
1a2752f2315d6a1b,345,391,46,1,4433856
1a2989a37c1eb2a2,343,404,61,1,7666666
1a20d9f9e169e64f,684,873,189,1,13060607
1a3c8a4b431983ba,3,3,0,0,68644
1a445200e641a216,27,39,12,1,359675
1a4da4a196215900,91,124,33,1,1369457
1a4d72991ef52f3f,152,167,15,1,1225368
19d547c8132fbcec,2237,2918,681,1,46975399
1a4b4e86d97e3c99,107,156,49,1,2091619
1a40c0caff2dabd4,311,349,38,1,2944421
1a2f88347f584cce,757,966,209,1,14753853
19c346719fc6132b,3259,4282,1023,1,64485720
1a3f7a5e376f3b49,926,1351,425,1,20218549
1a2acce3d260a16a,1368,1946,578,1,25634329
1a591469a7d6a6b0,392,450,58,1,7387174
1a75b74835191e53,130,170,40,1,3957155
1a7dc40d054ea16e,286,328,42,1,4922580
17fd2cb4b2577f2e,13775,16847,3072,1,344295137
1a91a1bb42b67247,34,48,14,1,611485
1a4fdcc9973fb753,2161,2865,704,1,42755406
1a9db686dc0a2c04,5,6,1,1,91732
1a9ae9c8bd26c2d2,29,40,11,1,452722
1ab66c265138f2b2,95,133,38,1,2500474
1a98eb21f9043770,1228,1376,148,1,16604458
1aae1cf2f1f67196,727,864,137,1,9462156
1abc7bfda52db875,416,533,117,1,6834232
1ac68c81017fa4a9,86,119,33,1,1482107
1acb4dcbaf0d762a,86,120,34,1,1679413
1ac509066a7244d8,685,964,279,1,18441789
1a5f3046a5369524,4212,5526,1314,1,86953946
1ad553f8988bf09a,9,13,4,1,302676
1ad473e13cfe0be4,141,204,63,1,2025019
1ae025fbc96ea8ba,93,130,37,1,1835618
1ad07fbdedab3c41,101,154,53,1,2727745
1b05c98d3f749a0b,91,111,20,1,872125
1ae1a7deabace0ba,413,507,94,1,10352027
1b0abe08e2ef7d2f,440,521,81,1,9777288
1b17273c3d9e138a,252,277,25,1,3707050
1acd2f9c886e5a70,432,620,188,1,13408095
1b0989467fe59595,892,1130,238,1,16349178
1b206eb19fd169d4,339,400,61,1,3765699
1b1c5c629c301e08,271,324,53,1,5584142
1b2b02fdeafa81e5,270,314,44,1,5031237
1b48762dce3c1069,10,16,6,1,295108
1aed81efb5d03e02,2083,2687,604,1,45898937
1b5a879c04eaad51,256,276,20,1,2810151
1b5797397d252225,677,873,196,1,6198941
1b33518534e4da02,1159,1625,466,1,21434170
1ad7d230fe21e388,3275,4326,1051,1,66327265
1b5f3bbd0e8e3955,133,171,38,1,2902533
1b57cb7fcd676da6,713,963,250,1,14192741
1aeeb7ffc8a9d429,3229,4499,1270,1,87873409
1b6e6313e74caca7,204,215,11,1,2319030
1b8849810bd852ae,2,3,1,1,86580
1b79c38fb1af9a10,680,808,128,1,7076346
1ac4815687f097ba,4303,5628,1325,1,109703587
1b83a8c40a8c5b4e,469,662,193,1,7395926
1b9502abb9dffd4e,190,252,62,1,3511808
1ba5546a2716a136,94,127,33,1,1368335
1ba868e0d7598849,252,289,37,1,2064482
1bce06e41d171559,342,399,57,1,3237595
1bbe1aaf60486549,878,1167,289,1,18863817
1bd966b4035038c7,186,196,10,1,1305064
1bf813d817125a05,291,332,41,1,2833867
1c0ed7ab31cb0db0,5,6,1,1,104052
1c02ee3d350d6d8a,349,406,57,1,4658952
1bfaf9300559e6f2,457,635,178,1,8138439
1c1a0faf4713f98f,117,151,34,1,1523050
1c1313d46d11d012,895,1206,311,1,15409673
1c1bdea74ec4974d,744,935,191,1,10784606
1c2e8407e503eba7,60,90,30,1,1252984
1c396c70109d13a5,236,247,11,1,4239331
1c3973a96305a565,228,313,85,1,5163876
1c3d76497b712789,266,331,65,1,2742443
1c340a1087952336,1181,1542,361,1,17505183
1c471cee16d6ab87,2,3,1,1,48728
1c42faac7c5c206a,80,111,31,1,1351169
1c497c912be889db,355,458,103,1,5191376
1c3f8bbe683cd5b2,583,740,157,1,6543522
1c5218c7d75c1e8f,107,146,39,1,2831005
1c5904a46c291e72,8,11,3,1,186994
1c542cc8eb7f18ad,449,664,215,1,5059123
1c5bfc6a238cff1e,261,293,32,1,4376441
1c3c0cf70f2feb5f,1280,1780,500,1,27123849
1c6445d18b896c4d,242,296,54,1,6966855
1c68899bc2b6016c,142,161,19,1,1829085
1c6605c96d65c799,486,656,170,1,10591831
1c532f7aaea182ed,941,1327,386,1,18511701
1c7b0203bd0e56b7,299,347,48,1,2717360
1c831533c99f8308,120,123,3,1,661122
1c8f25aa91b88d1a,252,267,15,1,1355685
1c9c14f2c66a0e6a,257,289,32,1,1719658
1cafc7ad9f13f9c2,44,59,15,1,603719
1cae79b31b34eec8,206,226,20,1,1563674
1cc72e845d8b6fe8,267,304,37,1,2675284
1cce861f4fcdb466,4,6,2,1,160953
1cd7987c82fe211f,126,162,36,1,1684066
1ccde58ab4e458d5,495,611,116,1,7120764
1ca7d9036d7f007e,1382,1778,396,1,22854599
1ceaf2f279c8f9f4,98,128,30,1,1448696
1cf2b736bfc7c315,145,195,50,1,1958618
1cf5e2b8460c3b87,141,187,46,1,4230434
1cb8633b3954f602,1536,2035,499,1,37298582
1cfe492d9029c07d,340,401,61,1,6304166
1d082491b4be02bf,4,6,2,1,125311
1d264e5e92c8492b,5,9,4,1,94058
1d004588a2e8f4a8,1004,1328,324,1,22648599
1d258737bac49b3a,78,109,31,1,1332803
1cfd139c5ca8c3bf,3386,4528,1142,1,64645754
1d3f5386a595cf6a,21,35,14,1,520975
1d404827f72fe719,32,45,13,1,525003
1d595b732251e93a,22,34,12,1,303296
1d505128773e7074,26,35,9,1,457686
1d4c9553492afa32,214,228,14,1,1809905
1d3d93942c5a7feb,321,371,50,1,2401182
1d3be4ef07b99eab,175,225,50,1,4640246
1d64fa52a2bf42c3,302,337,35,1,3420849
1d8ea9cbcbf7febb,5,7,2,1,237509
1d8f7dcff2c1e5c1,24,34,10,1,650847
1d3813ae420a6064,298,346,48,1,7538965
1d5a4f2319b1dacd,311,378,67,1,6637323
1d7c889ad9792065,161,209,48,1,8112986
1d67e227220ed82b,328,393,65,1,9973755
1d87c3d4fc589008,816,986,170,1,12998676
1da673eb51fc0690,435,518,83,1,5032653
1da45a6f302374a5,289,373,84,1,7822302
1d5a77872f3050de,974,1428,454,1,19767845
1d904dbb0fa91dc4,728,985,257,1,15782581
1dbf475bebdd2ef7,53,78,25,1,1125299
1dc37b5353605eba,25,35,10,1,516946
1dbdd1aaf9f87d00,261,288,27,1,3369622
1d7169457420a23d,1190,1677,487,1,22222179
1d925c4ab146ed48,764,1010,246,1,17470698
1db58e43133f2e61,437,546,109,1,6127316
1dcf3e268042309d,84,121,37,1,2150845
1dd88f8594bd9d1f,29,39,10,1,468893
1dd1f3faf073c05d,80,119,39,1,1466515
1de232a101e40b3c,193,206,13,1,1431431
1de5ffead761c746,253,277,24,1,1909464
1dc8d516bdbbe580,197,264,67,1,5031005
1e011345569c51f5,28,40,12,1,590251
1d488d8b62ac4967,647,925,278,1,29184096
1e002d65e0b17da7,158,228,70,1,2165635
1de012296a70906d,286,348,62,1,5694478
1e20a18e17ec445e,183,188,5,1,2270520
1df12170873b87c6,452,551,99,1,8053439
1d929b3c9118ddbf,1603,2064,461,1,25617296
1e23769f40e592e4,263,283,20,1,3279693
1e171c75fd1b4ef2,223,237,14,1,9453132
1d6576ca9b6ca503,1514,1913,399,1,39054384
1e2a8b3b77e871af,96,126,30,1,2307926
1e257d00334f87a5,246,300,54,1,4240145
1e374923f6be9d2a,83,115,32,1,2184706
1e2a92108be356d6,476,599,123,1,4178448
1e28162f1cae6d91,405,571,166,1,6581774
1e3c032d54e7a4e0,140,190,50,1,1414272
1e4d22dafaf376de,2,3,1,1,29182
1e37898c3b9dcc79,212,226,14,1,2230929
1e5369ac7601aa4b,24,41,17,1,680933
1e0ea5922011f717,793,1052,259,1,19490995
1e18d3977b63a5c6,971,1201,230,1,17843274
1e611dd5bccc0699,100,128,28,1,1464393
1e785a2fa171199e,81,116,35,1,1388720
1e22ca8b51d7ceb9,721,1000,279,1,15190528
1e8d72e9d441dfb4,3,3,0,0,34635
1e8a71d00a703ec4,254,284,30,1,2099902
1e5b180b6cdbb148,198,265,67,1,4129159
1e8d388b218cc4ae,239,267,28,1,2589113
1e36e5e6b9539f04,621,736,115,1,9037266
1e43566025fde677,477,658,181,1,8148708
1ea53cd49c493268,2,3,1,1,92971
1eb9301bb554673e,28,32,4,1,776251
1e9593f13d939a8f,171,224,53,1,3608742
1e98e8344236440b,146,217,71,1,5343234
1e8fc137713ab326,352,438,86,1,9957705
1ec5dce0d2a20840,268,344,76,1,7360909
1ee51f88f52c1472,79,94,15,1,951118
1ee879bc3428ca67,88,119,31,1,1445069
1ebe6096695b29a4,480,639,159,1,12245098
1e4c548d7351ee66,977,1296,319,1,21839266
1ed43d4967a6858e,397,465,68,1,5330393
1d9a3362286ca51a,2371,3038,667,1,54417608
1eb8ec1c79f6ba8b,648,895,247,1,14529421
1f0a8143a4905eb8,63,89,26,1,1355828
1da9733351888ded,2480,3275,795,1,53291660
1f2cae56df06fac5,158,168,10,1,916193
1f42cc73d9032b6c,44,62,18,1,863703
1f038a42f745f2b9,288,351,63,1,3246451
1f3ad3c638ce582b,78,109,31,1,1501646
1f66458dfdbe0470,34,47,13,1,542527
1f459090f6822f49,207,228,21,1,1201773
1e9da54023d1b384,788,1023,235,1,18267462
1f117d5e3e79ea19,588,719,131,1,6333957
1de1cbed8a4ba92c,2207,3008,801,1,59832683
1db9682b8cb928b4,3053,4238,1185,1,71087973
1f7e6f0aa9f61189,286,330,44,1,2521815
1eccb77df9f0056f,2359,2949,590,1,35808391
1f903407b7ef4602,47,51,4,1,936683
1eed0522afa594b9,2458,3084,626,1,34019983
1f9ae1d0059d0749,1478,1894,416,1,14865627
1fbaf4e1898bd5d6,173,249,76,1,1787164
1fc4c6ef1ae6b40d,8,12,4,1,152264
1fc5707879e09bb1,1,1,0,0,32068
1fb7f59dd9a3b423,1149,1490,341,1,16484051
1feb2406bb43d913,196,201,5,1,1932357
1feab50ba42b06ae,436,634,198,1,10499471
1ffcab1c978f002e,111,153,42,1,2007190
1ff10ad2aeac86e0,902,1138,236,1,9229036
20074925263c33a9,104,138,34,1,1666370
20114af5faf9b29c,186,248,62,1,2243728
2012a0b3bff6cbf4,266,284,18,1,1936849
200a3eda28b067bf,247,275,28,1,3288436
2022e64155de15d2,17,22,5,1,252012
20141e31b2e27a5c,187,226,39,1,2509461
203421747c366b0e,61,77,16,1,599713
20231a42bf4f5ab0,107,138,31,1,1563067
201c53c33e876a38,343,389,46,1,3735539
203452c4062ade6d,191,199,8,1,1127862
20362a612b9f56a8,206,214,8,1,1346385
2035539f4ff7ad2c,207,234,27,1,2279621
204128716e5d1c6f,186,195,9,1,2228341
201c947d01bc44b0,514,641,127,1,7889138
20076de9a7651ca6,785,990,205,1,15107028
204667369c32dea7,216,278,62,1,5571773
2049c92e78a47a32,190,197,7,1,2695759
201281fe8f90777c,666,940,274,1,19864075
2022fb25c98c03ed,706,869,163,1,18885583
2055c4a4d393d0e6,32,49,17,1,639941
205a44b3cbf2281b,61,88,27,1,875836
200b00603b303afb,2047,2600,553,1,30298551
20632b76fdb3d140,2,3,1,1,73540
20542ba988fbdd1b,566,707,141,1,6975178
20617def5c7ba7ee,240,341,101,1,3641803
207b67bfde4df60b,184,193,9,1,2031015
200fdd05d7995a54,2753,3576,823,1,46065650
205ac877335262b4,830,1087,257,1,19239499
207cb5f89639b6e2,415,498,83,1,7419611
208657357331fac9,99,130,31,1,975225
2086ef704ce4c40a,319,412,93,1,3504844
208d6e7b62761425,10,17,7,1,203471
209ed0a9b6587c48,97,133,36,1,1731091
209fecb1fd05d831,305,337,32,1,1610740
1fd61c5f8c1ad26b,5155,6476,1321,1,125526535
1ffb6a07f55d4454,4126,5504,1378,1,92947654
20b9336e4fdac4e5,295,397,102,1,4383849
208d1aa0cf00d7ab,1739,2150,411,1,20636511
20c0219a1caeebc2,28,40,12,1,572038
20c00d0260ecfaf0,105,127,22,1,933312
20d0437d9e59b138,76,103,27,1,4401673
20ca177e8d268337,192,198,6,1,3116062
20d608b8c5533980,317,348,31,1,5052923
20e67ed11e240a35,330,471,141,1,7445728
20c54e6e7ccc7f8c,174,226,52,1,6951695
20bc7d478ec64986,1924,2499,575,1,28824172
20c84fbc20038202,299,421,122,1,8426795
20eb19edfcd783ff,449,641,192,1,7086373
20f4633af87283a7,133,186,53,1,2531168
20fe710984dada3c,101,138,37,1,1325635
20ee254dbbb1d9a0,531,737,206,1,8464088
20cd83c286d0f60c,1416,1778,362,1,18314562
20e6396b9e9c96f3,860,1190,330,1,18838176
21063383ce9e174a,160,179,19,1,1489004
211febcf5d491553,10,14,4,1,201621
211e175fcdb265a6,116,168,52,1,1561868
2108d826d753cba0,363,430,67,1,6334435
2128960b310281d3,419,503,84,1,4356351
2105d6a0f50287e4,956,1353,397,1,15924512
211223df3ca3f067,648,859,211,1,12416988
211213d106d64e9f,778,1116,338,1,15516801
21371d109ed0f685,98,134,36,1,2297144
2136921af4c0fc9b,227,237,10,1,3070775
21444cb3e7f0dfe4,39,49,10,1,353282
2140a21f4aaea4b3,202,214,12,1,808714
214519136ada6118,142,192,50,1,2576688
2135ed695c50c8a5,811,1135,324,1,17794881
213cee7809a5a08a,837,996,159,1,6765114
21592ecbeb76a896,92,125,33,1,1205604
2156f8ea4629e636,618,886,268,1,8552866
20ba390435fb86e1,4615,6194,1579,1,101628973
217414fc2703ae4c,32,40,8,1,667532
216eed9a7d5d3e12,295,340,45,1,2179691
217aff294543e547,702,935,233,1,6763185
218e30bfae672dd8,26,35,9,1,950745
2186bc15ad6ab26a,99,129,30,1,2382108
21b02bcc3fc69fb7,73,103,30,1,1285376
21b30fc87633e891,265,291,26,1,2577129
21c662b742c461b3,3,3,0,0,67241
21941e59de825c05,757,1034,277,1,15889673
218a0385859b5989,1779,2336,557,1,20032761
21a4f6e27ac646c1,1286,1540,254,1,17505754
21df5788dbf64f5f,296,328,32,1,2505926
219de3690c967351,1082,1401,319,1,26662872
21eec5f16eab9339,289,322,33,1,1737514
2200ffd489382c85,216,306,90,1,2496033
21ea0530a8e2de68,588,719,131,1,15024166
21fd17cf8112f564,584,802,218,1,7452580
22016c7b670ac46a,217,346,129,1,2532503
22277707d0fedb08,26,38,12,1,692030
223614ecee4a346d,87,120,33,1,1615643
222f901c3dd2a97f,140,164,24,1,4851003
223226888b6b5a9f,415,529,114,1,3561431
220c453cbd5a562b,1267,1599,332,1,22352988
21ff1ea6a4bf16fe,1722,2199,477,1,33475102
223d4e65ee9393be,297,333,36,1,1822490
22377a904e210890,473,643,170,1,8891829
224734dae9a9060b,319,364,45,1,5063411
22445b44223ee705,333,463,130,1,7453944
225fa2891e8caadf,103,133,30,1,1478229
2256f2d60ce42f4b,316,454,138,1,3298235
2263261e5691000b,139,198,59,1,1497593
224cd8e67e614945,1700,2144,444,1,27510907
226808dc56c2d00e,213,221,8,1,960697
2176b7df72f43df4,7053,9232,2179,1,167603732
22b39d7bb9186ac0,23,37,14,1,368140
229a08dcc3333aed,187,194,7,1,1232404
22925a110f587a7b,204,217,13,1,1360782
22c51c591467bae6,196,211,15,1,1168252
22c14ee6fe498293,103,134,31,1,1888234
228e511ab6ebc153,261,292,31,1,2255643
22a3dc6a878fe334,340,403,63,1,4127936
22e1631e5ba48022,294,336,42,1,2339819
228665b66ad244d4,585,813,228,1,10542563
22e62e650a854ba4,223,273,50,1,2982114
22c75a5584dc8444,924,1150,226,1,11290260
225796075adfcd6a,3311,4561,1250,1,55785295
22c1e05337d161a8,986,1322,336,1,16775888
22f242844116a3bd,905,1268,363,1,8963601
23065fc9e705b2e5,264,297,33,1,2291873
2300d0ffaa9d3b5c,304,451,147,1,5456040
230b5716f9707300,73,101,28,1,1377047
230c5fb9b3c7b787,104,146,42,1,1744609
23158c37d34b9fa9,4,4,0,0,73451
2262290e182e44cd,4798,5956,1158,1,77776453
23280ca4d9c75023,194,202,8,1,1873491
233c8a7aaf887eda,48,64,16,1,715552
233a33fa8cab96d0,254,283,29,1,2242160
232eef440091617b,606,786,180,1,4776511
232dcfdf3e40232a,463,565,102,1,6029776
232868c9864f2273,533,738,205,1,8194323
235561ae4edb7bee,251,310,59,1,3575662
23508b3a0db321c4,479,589,110,1,4395417
2366d2e8dacae3f4,43,51,8,1,529639
236531aec4fa698c,85,116,31,1,1340883
2379008b91fc5004,3,4,1,1,140423
238cdd5313c6c123,182,187,5,1,663897
23945d748e5a9c8a,290,333,43,1,3363571
239b01f702c82616,181,187,6,1,1139858
239d746f1231011b,328,392,64,1,2138698
23a353f68be0c35f,258,280,22,1,2250637
23aec84d95f679e9,39,49,10,1,1278659
2397788ce334ac56,758,978,220,1,16708336
23cae30060b32d34,333,401,68,1,4029238
226e0033dc9ec3b9,7258,9529,2271,1,164773014
23e6c3f26bf32921,69,77,8,1,752397
23f7f741520fea3b,21,27,6,1,636460
23fdd57df983e3ac,51,63,12,1,1717438
23ee6e5957934056,226,255,29,1,2998250
23d68953e1f0d953,108,153,45,1,4001718
23d23b22314f692c,192,206,14,1,5350768
23fb0cda70e0490b,94,127,33,1,1460667
240f2dbc4f520dc1,257,292,35,1,4108108
23f999e89f71fcc1,618,743,125,1,13074110
24176ad05d9cbf56,462,623,161,1,10822818
2431405809b02fc1,91,111,20,1,1274017
23d2d927af91ac78,816,1041,225,1,18497902
2417da761371f43d,293,321,28,1,14338454
2428ee817593331c,287,338,51,1,6269671
244e5f0a0cd173e4,10,12,2,1,135107
243489dbdc1b9841,271,309,38,1,2451250
243ef2f3d73dfe51,337,400,63,1,2773196
2435b8f286b9386f,247,287,40,1,4133152
247587a69e63ce22,38,49,11,1,759193
247baa18702f32d6,258,277,19,1,2898709
241229a93511874b,838,1094,256,1,23662326
242765dc7c7c902d,531,761,230,1,13733847
248132759f8adc57,44,55,11,1,840328
2419b5d1b1b451c9,783,1033,250,1,23175339
24590c9bc8118656,547,689,142,1,6928307
2452721abec4251a,548,666,118,1,7474396
2493c1ad21c782c6,44,58,14,1,628162
2489ff5d1c3f65d8,99,119,20,1,1377401
23d13a9e1a98d3d0,184,187,3,1,31543998
24b6964aa92d4fb7,91,125,34,1,1256664
24bfb80f0ef561ed,5,9,4,1,104986
24c0adc926548678,16,24,8,1,245394
24b0e4248cb0a937,122,164,42,1,1926065
24a66e44372ce585,249,282,33,1,2305616
24b745461b7bc04c,277,325,48,1,2792074
2484fc7742bf4279,246,313,67,1,4632108
24b17498d9c8d06e,243,288,45,1,3199954
24d20efb57b87ded,114,175,61,1,2670815
2432b7e9f5a265e8,608,810,202,1,21163548
24ce72c561b7c019,288,359,71,1,4329798
24e300f5ace215f9,287,332,45,1,2313058
24ec1425ae7b667d,201,211,10,1,1614343
24f4454ec916465c,28,35,7,1,717674
24fd88d00fe72592,103,134,31,1,1700720
2508696ee2819147,105,135,30,1,1504494
247ffa002a2c0838,659,872,213,1,12038974
250ea17e9b04caf5,110,153,43,1,1703237
251fd8bd6301af79,42,51,9,1,481794
251f1258ce63904b,183,194,11,1,1397615
251ff5888b683625,186,192,6,1,1069217
24d6a9a0b020abfb,799,1022,223,1,11778598
23f6182b09006f99,1641,2174,533,1,48586536
2532fe127009a6a5,198,264,66,1,2864676
25338ea32f1b4e5f,158,223,65,1,2188646
25378264b62f6045,135,147,12,1,1879885
2517c2e0de50f489,804,1020,216,1,14621562
2508858f59afaa5a,888,1264,376,1,23830145
2527b498968a69cc,880,1177,297,1,28502285
250afc638beec67b,516,669,153,1,33557380
25271e5076635612,1148,1606,458,1,29497239
24dc54df9e3e6998,1992,2606,614,1,42393245
246abe7c99400c28,3649,4884,1235,1,87548288
254b259f0ee018b2,255,291,36,1,2640324
257676949ba2edbe,165,233,68,1,2664011
257ad376e05dd49e,265,298,33,1,2467123
259722ac43fad060,107,131,24,1,1280214
2589fd79ba1419c9,408,498,90,1,4771554
2579b4c4362fb6c1,494,598,104,1,5691771
25aaf3fda6144082,200,211,11,1,2119400
2561d5da45185011,733,956,223,1,12969867
25a44785ce7ebd8c,101,133,32,1,10169789
25c1de6c6e019bdb,3,3,0,0,74289
25b7415aa3000c69,272,307,35,1,5323303
25876ec5f9210daa,888,1237,349,1,16710289
25d12f8af58e3e17,190,199,9,1,1731274
25c783646c51af6d,259,311,52,1,2700099
2596b4f66b4932d2,782,1013,231,1,20304595
25e2ed29732f7a5f,150,202,52,1,1519114
25e729192f309f54,11,12,1,1,96211
25c3a29ead62817e,846,1008,162,1,9045329
25e3f748524258d9,319,364,45,1,3168708
25db7050c31e9f80,493,621,128,1,6372498
25ee4dd20f6aa953,189,210,21,1,1628207
25ef1e8d644e2199,446,544,98,1,5358524
25fd52aac552f3a2,184,187,3,1,631051
25f8a380aeed4546,277,323,46,1,2933369
25fa48acb4bb32dd,90,119,29,1,1372015
26020e68a5c6b14c,27,31,4,1,302530
26040f6abb6f0a54,83,111,28,1,1125072
260286c35fbe3eb0,88,119,31,1,1347141
2571e56ea26195f9,2023,2630,607,1,41945165
25a5b35f4084b695,2210,2779,569,1,49211450
261bc04447b1990d,6,7,1,1,109885
2618a6d6622fbc4e,62,91,29,1,1790271
260c2e0b10ed38b8,676,908,232,1,12113983
260b2e7064beaa02,712,952,240,1,16010610
26248653c7e8b92e,28,32,4,1,311113
26257abf107be384,201,206,5,1,1068658
2628ddc39ec2d7f8,494,599,105,1,6029006
262bc55511782709,465,651,186,1,6103212
25a82f7321e81eb2,3101,4351,1250,1,72667219
262c233ff5a7eb07,752,1060,308,1,7568458
26425d53a32f7141,584,707,123,1,8516533
256a2ae13a582614,5647,8437,2790,1,98279623
2658d7502eb525da,118,175,57,1,2194917
266c7b787d90ddb7,177,188,11,1,1521452
2670a956135e5167,95,138,43,1,975594
265b33f91434f493,488,614,126,1,5912577
2669a57c3daba31e,302,361,59,1,3032629
267fed51c43fc63f,4,6,2,1,59377
26777a72d22e615e,161,216,55,1,2368697
24bd4e785713dded,8793,11644,2851,1,230973430
2691801e1a4cc59a,285,325,40,1,2342736
2695e0e4b4f510ea,71,95,24,1,736635
2696ac4804615af3,112,150,38,1,1317102
2697137dab170e83,189,198,9,1,1383131
26ae81a3ccc7da71,340,430,90,1,2970618
26a62ab754b394e9,1407,1802,395,1,21887156
26c08ec2260a31a2,5,6,1,1,104140
26d8ad841277bca7,2,3,1,1,53366
26dd2a0dc44b26a0,37,45,8,1,302372
26d374afccaeb71d,74,107,33,1,1230325
26b1f84d2faa57b7,86,119,33,1,1511879
26ddc6d909be6c75,274,310,36,1,2344433
26dff4007d8db2a3,424,497,73,1,4225977
26d6d3915baa89be,475,660,185,1,5021974
26e5cf673c035b0a,307,389,82,1,4754970
26fbbc33593a4677,102,146,44,1,1162796
26f82a918d7ca472,292,348,56,1,4357237
26b0f297e8fb438d,1211,1704,493,1,22192928
26f95ad3e9a057a0,535,741,206,1,8571313
270dd9d0d5ce962f,202,211,9,1,2678924
2719a12244be3ec3,5,9,4,1,130268
27195b5348e01249,11,13,2,1,138270
2705a99068517ed2,662,837,175,1,11003805
27165630fef1d4f8,412,582,170,1,4166342
2715f6ff03e8714c,545,691,146,1,4257267
2711df07a28995de,498,615,117,1,5927565
271fb8e9aeec1423,346,399,53,1,2441587
26af2c1116fea2e1,3511,4687,1176,1,66356986
273433b2f188f904,333,394,61,1,5204041
2750da0cdc4ea56f,26,36,10,1,259947
2755cfb60d37a819,292,335,43,1,2788561
273e7d0a28f5a993,994,1309,315,1,17846660
2763b6dcb1b9dc3d,19,27,8,1,293078
2762d6b9e9105234,355,420,65,1,3667256
274c5d2ee2f1956c,861,1227,366,1,13201021
2732675139424b79,1535,1950,415,1,26552465
276360c20a3af1b9,896,1257,361,1,13823536
278869b3b9733bfe,5,6,1,1,73151
277c97a877df29ce,415,598,183,1,9398509
276de779897f1880,687,926,239,1,13964613
278dca90688b879a,183,187,4,1,1078293
2724d7e6ae1b42c0,3595,4391,796,1,60750962
1d07d96aac9a757e,45499,56031,10532,1,1516020595
2539444e4a88c2b7,12860,16767,3907,1,333234537
27b1c979c56ad7de,42,54,12,1,405608
279cc9256b8a2742,83,110,27,1,1479385
27f5680b7ca35999,31,38,7,1,397321
27e34827602ed113,58,81,23,1,942146
27f9c1f8a19eac7d,213,226,13,1,1045576
27d59a4809e33eef,91,130,39,1,1561841
27cd672dba2db0a4,246,280,34,1,1999575
27fe84b5a725674c,297,331,34,1,1978989
27d4d27a99a8adf6,573,690,117,1,6214716
27dc4121889eeb35,561,708,147,1,8381215
27cb72c9e438c796,389,515,126,1,9720971
27a99437662a3ec9,5497,7216,1719,1,136929340
2786689d47d80068,8204,11015,2811,1,199580589
2823eaba9b5cbde9,27,31,4,1,1561547
2836e6cfc5ce39e9,261,280,19,1,3274291
2843278b7e048020,130,167,37,1,3706712
281386104fa100c6,213,231,18,1,7508027
2834c7ac30238ef8,251,312,61,1,8504701
2851862a2101f6fa,9,16,7,1,327084
28139458ae96a3dc,299,337,38,1,9224624
287fc74f2d7ce6c2,24,35,11,1,984407
2891a9de87a64f15,4,6,2,1,117240
2884854e29273fcf,107,139,32,1,2832279
2880d8ba8afb5d47,28,38,10,1,1067478
2897b8f42d982129,185,222,37,1,3355411
288c572b7b2311d2,188,195,7,1,2416723
286fca92cad308a4,99,136,37,1,2490123
2868b7e32c4d5cf0,92,127,35,1,5452206
28a7c39b21d40bd0,144,223,79,1,2318807
28bd7491c3904845,196,206,10,1,1560923
28f22a63c4baf19e,27,31,4,1,468171
28a7cfbcdda88f62,218,300,82,1,3260982
28c767b3410158e3,267,280,13,1,2990244
28cd7c0e3c05c66b,100,147,47,1,3136286
2915fc5ffee48c00,6,9,3,1,111820
28e89a872a2053fe,314,350,36,1,3345340
280a826a5f1ab066,719,996,277,1,21642208
291c3e065f01c483,225,244,19,1,2154113
2933fdf3ed7f743d,180,198,18,1,1300811
2943f99c3f819695,163,199,36,1,1937356
2859d87f48e88c84,979,1257,278,1,22425161
294f3a7f6e982cd3,8,9,1,1,111620
293221b0184bf748,389,478,89,1,5497538
294fe5416b0fad8f,15,22,7,1,228800
281911db75d9d63f,1115,1579,464,1,25807195
29012cd4bb3abd67,478,642,164,1,9596436
2960488bbb30a06f,190,194,4,1,1119516
290e3f1fafaf506a,802,1035,233,1,11322072
294e21337ee525ce,353,415,62,1,4802214
294685e82c5839bc,327,396,69,1,6633984
28be720667bb56b2,735,975,240,1,16575826
294fd69311a2f387,575,742,167,1,7932869
296910a625feb4b8,602,856,254,1,9547653
285dd8c542b05332,1524,1988,464,1,34112034
295f6c595c7f63fb,1038,1339,301,1,20366307
29611245a90e5394,1135,1596,461,1,19498165
293ecb2c79180c79,1763,2145,382,1,30992838
296d14fe6c97a967,1015,1274,259,1,22103305
290f4c151bc155f1,3086,4023,937,1,56720211
2999de5b3be1a368,15,22,7,1,187971
2986798dcda4c2ff,25,35,10,1,383565
297bc0725782c57f,196,206,10,1,3212972
2983f867b363cbd5,236,268,32,1,3680174
29bdb7eeba2f65a6,226,238,12,1,3698213
2990e6cc29770d5d,306,347,41,1,4471813
2980f9a4210af5fc,290,315,25,1,4880203
29da1207ff0fc876,53,65,12,1,1714183
29e08dd067e93b36,42,58,16,1,1013634
2a0d3220c66ac9eb,41,49,8,1,840576
29861ce6ad1ef298,254,283,29,1,6574472
29b9ce740dafec12,86,120,34,1,6817177
29cbe52cd0df34a9,336,417,81,1,6642921
2a10b4c2c1974c74,110,156,46,1,2555496
2a242a6ad99539fe,25,32,7,1,1018146
29fddf3e152dd264,259,292,33,1,3559319
2a360244ec6cc56a,36,49,13,1,1231532
2a0e9fb6a2ed6f1c,8,13,5,1,4603502
2a4630e41cfac858,2,4,2,1,252983
2a4b857a6c571aea,5,8,3,1,279430
2a4f74899a39ebf2,34,48,14,1,1292767
2a3a2743e417ef09,253,283,30,1,5786343
29df54fc7fa7f90d,474,645,171,1,13417529
2a31fbaa2540b001,359,434,75,1,9875742
2a6fae866d701fb2,254,279,25,1,1867551
2a821e2ebf34269b,183,218,35,1,2766181
2a6c34f878ff107a,479,612,133,1,6406348
2a6a825fdaaa0fa2,645,884,239,1,11314157
2a21174f8598e826,628,839,211,1,17824756
2a9aeddc9c764d0a,309,355,46,1,4815863
2a1fdff5442c1fb7,1062,1332,270,1,16368890
2a80a43b954f7dfb,578,721,143,1,7499549
2a2c6e1f6e1b2ff4,1207,1655,448,1,22393944
23b51de1eee04ab2,27458,36580,9122,1,918560668
2a8d43869d6ecbe8,689,904,215,1,9514747
2a9aa8f40bb935d3,713,906,193,1,7266204
29a06b87bc0baf0d,1635,2334,699,1,47064059
2ab28f76a3ad4982,458,523,65,1,2963312
2ac5b75670f47eb0,434,598,164,1,6440820
2abbdbbfb0236870,998,1252,254,1,14718440
2aeb2c3f448e4207,91,114,23,1,1111869
2af20a02644b59fc,121,172,51,1,3413944
2b0123c83c7b1fd4,239,275,36,1,2585183
2af1bb2eee32314c,605,774,169,1,8733283
2aab2e47abf716ad,3374,4680,1306,1,49652021
2af8c47178c8c8dd,669,942,273,1,7938002
2b1780d1eddfe050,95,131,36,1,977914
2b192b12100b1371,84,106,22,1,778675
2a45dce48b70f117,5799,7280,1481,1,92749848
2b2521d047d3e9c6,202,213,11,1,2297973
2b2d9555596d3e82,185,194,9,1,1116165
2b2010139ba71a0d,393,488,95,1,5794682
2b370838fdb27842,44,52,8,1,1075605
2b37dc4285333afe,262,293,31,1,2598796
2b42a599c73bd10c,2,3,1,1,48239
2b2d99e6e1fc32fa,425,578,153,1,9237164
2b49099ecf6a5052,116,154,38,1,1781824
2b50bbe143903f67,9,12,3,1,438651
2b520da62c728a43,105,137,32,1,3441282
2b41cfb3e9dcecae,1092,1572,480,1,23057640
2b5aec68405bc92d,1042,1078,36,1,6338751
2b94d832f65b4e23,184,188,4,1,1024356
2b9a1001b66a9055,39,49,10,1,550140
2b73ba500fae81ee,93,119,26,1,1832440
2b7378cefc43f131,125,156,31,1,2283996
2b83b90bbb7f68c2,234,253,19,1,2234366
2b764be8219b472e,106,136,30,1,2979845
2b90125527dd63bb,236,331,95,1,3397801
2b860c3c7730fc24,650,818,168,1,10963087
2ba4db95b9017525,79,107,28,1,2280997
2b7116de82e7e038,1763,2476,713,1,35767850
2bab8992c124b938,80,121,41,1,1494406
2bc01c65bd933706,265,300,35,1,3294929
2bc34fba8181e0c5,292,347,55,1,3352595
2bbc29e890b1aaf7,673,832,159,1,8860007
2bdbcebb24669609,26,31,5,1,281770
2bc9c1b3e9c1dc27,120,153,33,1,1665621
2bcc0ca97672ff88,224,306,82,1,3208119
2b70292c7536d5d0,3530,4540,1010,1,84885174
2bfdaa6e7cd120c6,407,519,112,1,11318930
2c0793e2438b1b3a,357,454,97,1,8088305
2c14e26a38a96594,239,291,52,1,3098468
2c0ea171a97bf5c5,400,502,102,1,6779445
2c214e5def2aaf26,32,44,12,1,515276
2c0440aaa7776738,559,817,258,1,10811862
2c1e8346ccab535a,280,309,29,1,2230268
2c21eeca2175421e,244,265,21,1,3337585
2c37d608c4424a1b,3,3,0,0,60743
2c3a064a63d80714,118,149,31,1,2363737
2c2f10eaef7115f1,322,382,60,1,5142514
2c4639f284aa6e8d,160,179,19,1,4223634
2c41e2488fefa007,85,110,25,1,1977490
2c41056091437feb,273,293,20,1,3895681
2c4c82857c80c95c,297,339,42,1,4327338
2c411e380757eed8,230,252,22,1,4668081
2c62ad7ad0607347,1,1,0,0,72953
2c3cad9e3d404c97,646,862,216,1,12250876
2c647e5a965823f0,113,169,56,1,1991395
2c210107d3ba447e,1285,1779,494,1,26291214
2c660ca3fb871a23,266,293,27,1,2031053
2c6be0333a59c21c,264,296,32,1,2247500
2c85fd35fa8ad497,63,79,16,1,1756862
2bc1b7a65481b94d,3829,5119,1290,1,102970514
2c9118a0420c98ff,533,669,136,1,3940508
2c943d907f66ef0d,461,552,91,1,5578479
2c7df68358884274,470,651,181,1,7581384
2cc3392e26e49469,190,197,7,1,2858697
2cbf2e0b0daa207b,252,314,62,1,4610721
2cc968e576225269,88,113,25,1,1973713
2cca2309e45707ea,24,35,11,1,721712
2cb9dd0d99c0d637,451,644,193,1,11093342
2c6a7062fab2962b,2578,3284,706,1,42706102
27f28a86d5a7e24a,20353,27507,7154,1,650752517
2cdbdf49db7c2571,94,130,36,1,1345520
2cf10cb57e22af1c,185,247,62,1,2716912
2cd7bb180a76c6ab,1011,1270,259,1,13780268
2ce8462aa01e4df0,459,653,194,1,6523693
2cfe7ebc281a9bfe,35,49,14,1,881249
2d03966e3f2cf795,73,99,26,1,810938
2d0b1e8e3223b876,130,170,40,1,1596920
2d0cbf6b54d44c33,243,267,24,1,1957133
2d0f5ebeee689111,264,283,19,1,2052334
2d0e6fab907f929e,86,109,23,1,2667892
2d04e253898960c2,96,118,22,1,2825380
2d176c336de1c454,188,202,14,1,863381
2d1d96395e4e2386,194,206,12,1,1565341
2d03d9cb23c7d4f2,782,1063,281,1,12660781
2d1f662d86b8c53b,242,345,103,1,4409991
2d2973c02a3444cb,90,121,31,1,2011373
2d334717acb91c2c,48,55,7,1,769029
2d2dd7103a60cd85,58,81,23,1,1450054
2d2a637ba815b963,446,529,83,1,7121097
2d3704efc1aafe23,315,405,90,1,6119454
2d410c6386455c6f,188,199,11,1,1124743
2d29f9ddfb25dc50,1060,1466,406,1,13308374
2d21562e7898ff64,629,816,187,1,15498365
2d4b3a2ceec7b92b,76,105,29,1,845638
2d1f87e35dc216f8,1194,1713,519,1,18835728
2d5086eed4c4cc3c,370,462,92,1,2836807
2d5b87480f965c44,2,3,1,1,55611
2d5afdbdac555359,7,7,0,0,189959
2d6039096bd81833,87,113,26,1,2245688
2d6ec5a7d1e05643,26,35,9,1,579969
2d7a70f8d6aed148,20,33,13,1,422537
2d7d56ec135c1bc4,189,197,8,1,2852700
2d73fbd0ab59e48d,602,737,135,1,8772199
2d7b691a2b83fd7a,274,380,106,1,8789536
2d81e65cd3b1aa3d,1059,1383,324,1,18805515
2da649629dc0e81d,192,203,11,1,1411567
2dc53dc2681b135e,74,97,23,1,999317
2dc952859dc83979,181,187,6,1,2325659
2dc8694397d6685f,163,184,21,1,10493495
2dad50d10924ff9d,449,656,207,1,13382371
2dc0ea750bacc7c0,600,832,232,1,13431405
2da1819f38c4912d,733,968,235,1,15849482
2da5a89c134381eb,828,1013,185,1,17439080
2da9b0a5c7238a89,821,1181,360,1,17740849
2de10a562231687c,8,14,6,1,124645
2da33c1184e20d1d,1065,1424,359,1,26702301
2ddbea0b9cc15cc5,549,747,198,1,9349430
2daa6b4d74fae52d,367,523,156,1,12189739
2ddf71527b5c2608,1108,1435,327,1,21389595
2e0ad7e64ea7e307,191,201,10,1,1377198
2e04440b800f60f1,94,128,34,1,2612458
2e03bf5a380e2e36,292,332,40,1,3666187
2e03e81b3794fe53,282,320,38,1,4125457
2e17b5a72a0f9d2d,95,130,35,1,1741644
2e2f72185a69aad0,283,336,53,1,2474416
2df8e5d678b767fb,2321,2910,589,1,44886482
2d8f58564b76f5f0,4972,6183,1211,1,94518496
2e503e3bafd7aa9c,1,1,0,0,85191
2e4a746c4c7d6017,65,103,38,1,992974
2e5197ad62991d7c,94,124,30,1,1252223
2e450ae4c1e15138,92,129,37,1,1525817
2e43e809647ec0fd,104,134,30,1,2228469
2e576efe3973cee7,67,97,30,1,1980546
2e3dbd5e6c30a1a6,118,150,32,1,2923854
2e5099373a36e3fd,279,331,52,1,2526210
295c97f43e6e60eb,21677,29416,7739,1,765608317
2eb43d3d1c4a3c86,3,6,3,1,102443
2e933d4bb6a0211d,202,213,11,1,984148
2eb378880811679f,29,36,7,1,484846
2e8b2b98e50b3091,208,217,9,1,1575194
2eb451102790c51c,103,136,33,1,1539864
2e35abad76019e54,3056,4129,1073,1,67050269
2e8946fc797b494c,1267,1594,327,1,22101960
2ecb56f822acedb5,5,6,1,1,102151
2ed34ebc9d171560,28,33,5,1,408080
2ecbf50e095ebd94,137,167,30,1,1849362
2ed98dd3e75e267c,52,66,14,1,1940328
2edc02ae34cbff29,193,206,13,1,2415634
2ec988914967c502,969,1202,233,1,9936606
2ee8b101ee8746b3,271,313,42,1,1840728
2edc4ad1f1905b59,656,817,161,1,9387208
2e8cff4efa0be8e3,2483,3358,875,1,63060534
2e62bfd821447a86,4304,5740,1436,1,75050864
2f0b7aeb30e1e4d9,27,39,12,1,550319
2f120bc8e6a6bfdd,83,117,34,1,818466
2efb5f91dde58bde,93,129,36,1,2568862
2f05c28a631f99ec,231,328,97,1,3200876
2f222b3217238179,109,153,44,1,2082040
2f43a7d577b7e38b,87,115,28,1,1075498
2f4e44fcf0763be9,16,20,4,1,566736
2f4429c7f4397202,188,222,34,1,3064851
2f370d16f944b550,326,391,65,1,7695860
2f52c9fda9eace4d,94,119,25,1,1365813
2f5c6d7620a8d8fa,24,34,10,1,444425
2f647c69ffc9d635,99,136,37,1,1165911
2e54c96f6b147637,5513,7409,1896,1,146013416
2f73313341589d3f,255,284,29,1,4847601
2f95dbb00ea7a6a1,35,49,14,1,1019208
2f7b794dc341dd74,644,883,239,1,13875418
2f91951ef361e58c,267,356,89,1,4497204
2f9e4edda908c0d9,39,49,10,1,1026754
2f9c6db1585058eb,329,394,65,1,3739324
2f5b4fe5e7408707,1875,2396,521,1,47265711
2f99c8dc531911cd,691,862,171,1,7702711
2fa7079588418729,218,234,16,1,1661683
2f9f6cab594661c3,515,656,141,1,8378198
2ef29ded29242ef6,4645,6040,1395,1,118729806
2fba62cc068b1d39,259,292,33,1,2222260
2fb7548ea8fda982,252,330,78,1,4731198
2fca269094efd95d,85,121,36,1,2507067
2fcd3f4849ac6c20,278,308,30,1,2474990
2fbbced09b74c13b,606,793,187,1,12031342
2fd7d7b3dca63908,451,628,177,1,8014914
2fd422fca044913e,967,1332,365,1,18718298
2fe855b92df10b9a,222,278,56,1,6103605
2febb0faf5acae8e,305,362,57,1,3206882
2ff6fb9e453a4f05,306,361,55,1,2842058
300ce71fb7431229,99,147,48,1,2583308
301cc0a9c324716b,36,49,13,1,977887
301c9f2634201fc6,376,464,88,1,5332844
300b6bb61b4d57ed,1238,1742,504,1,27915897
302102c900471572,340,382,42,1,4809107
3032675dc4fff4d5,590,780,190,1,11141074
3039c2a8c2ccb32f,408,563,155,1,7666307
3045b3ac3f18fda0,310,372,62,1,3704454
3057c5564a80ccc9,85,117,32,1,1627576
3052633be57e8125,898,1282,384,1,19077612
3070170416a3b05f,560,744,184,1,9667895
3092627df71aab14,268,294,26,1,2407996
30a046f65c98623a,67,93,26,1,1323656
30a6cdfa733513da,18,27,9,1,263298
30a7efc517607311,380,461,81,1,3582923
30ade9a870af9efc,112,154,42,1,1413429
30b98c89f2f05292,42,52,10,1,336959
30bf96fc7676a4d2,35,48,13,1,322071
30c3836e071bc449,507,621,114,1,3376110
30cc191f6330dbe2,100,135,35,1,901423
30e0ba2d4ebb5998,284,333,49,1,3049328
30ea49da010e01c1,95,121,26,1,1459770
30cfae995cf343bd,706,937,231,1,12327103
30f9760f8c68ba2c,161,220,59,1,2630139
30f93d55f4bc40f9,3459,3986,527,1,48132703
3112424621b1d0f1,2,3,1,1,151699
310679e579dbd770,206,223,17,1,3089083
31356fe0951eeb1e,201,210,9,1,2872269
3130824e567f6541,65,104,39,1,4099069
313669a3230cee2d,96,134,38,1,4825939
3120f902cb84d505,152,174,22,1,7271197
31548cf38d853607,209,236,27,1,4097473
3148c163862a6ef7,130,154,24,1,5127546
31481925fcf0faba,260,282,22,1,7052759
3158fcee8ebdb6a4,120,169,49,1,4681145
3139577aae187b7e,620,805,185,1,11431005
31651542dabe31d3,301,366,65,1,8222417
3109c8e46e3a4221,769,999,230,1,16168158
310b0c3eaad15012,853,1112,259,1,15322639
313d5cd020503ef4,966,1342,376,1,17500813
31207a7b92cb0ece,953,1366,413,1,21804594
317eb224f15a5a82,3,3,0,0,68128
3180bdea146b4270,46,52,6,1,1524631
31862345d1e41671,188,199,11,1,1896077
316ec6b20c3ccc07,79,127,48,1,2900812
317c7d1f29a62ffd,88,118,30,1,3431434
319bd2181f816812,248,283,35,1,6070693
317981d9170c37b2,898,1166,268,1,14540241
31bfa6e511f86f90,12,12,0,0,113626
31a916c8914c3e89,286,374,88,1,8548591
31baa99df970259e,61,91,30,1,1127583
31ae99fc970383fc,281,383,102,1,7421760
31b7c4c625a6ad34,278,309,31,1,2614697
31d9a48f3448679c,151,193,42,1,2930158
31cc8316a0dbada9,286,328,42,1,5272410
3187f2d768207af8,1748,2377,629,1,34888142
31c64c7dcd746506,700,791,91,1,6374419
31eb907f69d5452b,266,289,23,1,3474125
31af58c9235dd096,1102,1582,480,1,27464413
31ee702821fee955,31,49,18,1,466653
31247a9f53e15578,3213,4341,1128,1,74924564
31f2662b3e2403d4,475,527,52,1,3397429
31edce6d567c4f0b,327,381,54,1,6821188
31eb9bf624fe628d,925,1243,318,1,17710225
3219f33467b450d2,21,26,5,1,410621
321f1173e4a2f0f4,58,82,24,1,826853
323443297f453dca,26,35,9,1,863605
322f799617a05e48,349,439,90,1,6629696
324952f3d0197766,89,113,24,1,1260213
3257d23d8cc08440,18,24,6,1,301847
3265ca69200ac0d5,42,65,23,1,769646
326a382092990bad,197,259,62,1,2496400
327a32c9df207e65,29,41,12,1,388439
3167f7aa1b8b3364,5383,7244,1861,1,123376042
325420af677d833d,738,1022,284,1,19246998
328b622d0f234afa,494,605,111,1,4967202
327c614a6c763906,872,1164,292,1,13929670
32aae1d29f852663,4,7,3,1,109385
32a0ecac1dc20a3f,200,220,20,1,2911467
30f5292aebdd0c71,8634,11539,2905,1,197862087
32b990e33ee15271,8,11,3,1,151210
32c7cae6f94363c2,38,49,11,1,809459
32b0d259b40c96d0,332,376,44,1,2381167
329d3e4c893b881a,960,1232,272,1,17984886
32af1c9c650e3817,198,223,25,1,2942118
32c07f7a39942e6a,344,413,69,1,5285376
32a59e63ef36656b,1805,2377,572,1,33834615
32df3501ffe6925d,328,362,34,1,2882586
32e6d7e8a4a5d616,841,1098,257,1,13628563
32e5ac4c8691c9a9,601,835,234,1,17329129
330fc72c2235d225,171,244,73,1,2280513
332250af2564d27d,3,3,0,0,47881
332cdaff22bb9adc,216,234,18,1,3508844
333594faff3c9cd8,134,147,13,1,1829037
32da9e9738214d25,2065,2758,693,1,40984211
3342278bb94cde7b,15,22,7,1,395379
334e54d66e871cb8,101,133,32,1,1884763
334af4bc260d1eef,320,441,121,1,5874942
3353bb3ce6f4cdf8,88,123,35,1,1272230
3377ca71432f3a95,105,143,38,1,1514288
337078a545c32cc1,197,214,17,1,1803336
337279afbacfdba2,184,202,18,1,2092376
337adc69ae860ffe,10,11,1,1,222348
339ba42aa7c37372,282,328,46,1,5158268
33a31ca7429c4a13,3,6,3,1,169057
338db23080398b7f,102,154,52,1,8908431
33704740da340f36,249,318,69,1,11380937
33942c04fc9c9276,280,336,56,1,8195580
33b5a70e41ea1053,2,3,1,1,61466
33b891b75de5a5a1,6,7,1,1,86835
33810b7ab6f9fc3a,499,745,246,1,11044999
33a6792299eb09e3,152,163,11,1,2347258
33c37c4b6b29fc40,43,51,8,1,733326
33603c64b35e4921,476,591,115,1,12327026
33d0b3f255ebf835,16,24,8,1,435670
337797b258f0cdb3,461,639,178,1,14761357
33cb89cac7edf817,106,133,27,1,3300127
33dec4a24da88b65,210,217,7,1,2518790
33c5ac916a9c11e1,274,307,33,1,3680476
33f15b2bd5547301,77,109,32,1,1158801
33ed9b6596c2a35e,183,188,5,1,1747276
337afdfc9a6fc994,664,801,137,1,15531517
33db49ec70011454,312,359,47,1,4422030
33f42d18f2b27708,250,289,39,1,2160686
33560a9de429c8d1,760,979,219,1,21117791
33f1c6c3e3715241,523,631,108,1,6056201
33f1031a015c0594,315,334,19,1,7073364
3426333ef9aa7fe5,182,190,8,1,1216212
3422d49850ead535,215,228,13,1,1460851
33b30e6ac9063bfb,823,1032,209,1,18981838
340c0ac2c50ad2bd,258,291,33,1,4611412
338f4a260dd2fbfd,1178,1671,493,1,30200193
3423dd6e0c89b560,639,808,169,1,12559489
343d2e01c341db0d,517,620,103,1,5838372
334eecfd374f0517,2465,3201,736,1,50532080
3451962b11354c11,77,108,31,1,1018123
3464acc6766ce4bd,303,364,61,1,11279063
347f4a2e01a98309,55,70,15,1,1137428
3486261be4d24343,3,3,0,0,120512
3487e3f8dfcd2de0,2,3,1,1,97125
33b1ef568a7919fa,4076,5282,1206,1,88355231
3404889b0459f7b0,3463,4641,1178,1,78996445
3487c8ea001452c5,100,131,31,1,2837306
349f3b231aaecb91,150,213,63,1,1730407
348d05f51ee0b13b,578,760,182,1,9332066
34a3950aa3652930,51,65,14,1,1045876
348e8d06865f5f81,504,685,181,1,9890061
34ae912a1faeea32,270,295,25,1,5216402
34b82961e396e5a5,217,230,13,1,2866773
349894bc75110b4f,1141,1608,467,1,28766234
34845d510e76e8ef,1902,2461,559,1,42223417
34ec1a691e4379ad,38,48,10,1,561197
34c00e0b8206869c,124,160,36,1,1783012
34c9d93382939db4,100,124,24,1,1925761
34e379d6d393e9b8,71,92,21,1,1730921
34d920caf72bcd8c,203,215,12,1,2780238
35090708efe5e730,259,281,22,1,3522698
351afdef1e67fe9f,385,470,85,1,7098975
354237b8597772fd,21,35,14,1,379615
34c607d56352f2ff,462,604,142,1,13502660
3524bbee59780299,892,1103,211,1,15780802
354fdf9235184d24,271,302,31,1,3319496
3561033e2236e192,115,161,46,1,4674790
356a85b3b2e9f545,304,354,50,1,5382943
356e1e893502369a,326,373,47,1,2633470
3570962ab5893379,113,151,38,1,1770684
3569dc83ba5b306e,203,274,71,1,6358533
357244971fe71fb9,211,274,63,1,2881851
3552924bb3f6e350,1077,1388,311,1,28849791
35761d71a6443272,579,799,220,1,8626584
358c32de02cdfed3,3,6,3,1,128702
35a5844b66fcad42,88,121,33,1,1096869
35ac2fbc6d73c3fd,136,184,48,1,1729055
35bc95ad3b38df9e,105,149,44,1,1498357
35b5248ee182222a,532,651,119,1,5629567
35b020fbc85897b3,661,925,264,1,14850473
35a8da5e0362a1ca,670,940,270,1,22112851
35c69fa36a149691,7,13,6,1,180400
35dde56890ebc6e5,319,362,43,1,4188295
35dd803ff6d859cc,352,402,50,1,5565308
35f618c0d49fc7e6,41,51,10,1,332939
34b151a67c622ce4,9847,12808,2961,1,204909019
360267e1d8b933fb,29,40,11,1,818850
35833dd8d07cb646,2824,3847,1023,1,87788510
36007f1e86537df3,91,132,41,1,1679670
35ea39c1f420bb4e,723,981,258,1,11034549
36383f511a89b75e,15,17,2,1,212252
361a528c2e11a072,93,119,26,1,1098204
3623fea47c538f72,95,133,38,1,1206890
364fb8897a23b876,134,187,53,1,1600898
361f74c890fe7819,1108,1395,287,1,10453510
366672cb5abc8ae2,17,25,8,1,412140
3638724a940828f6,887,1216,329,1,20173298
365ecfdc5dd06223,289,325,36,1,3592316
364ad04d86c5d3a1,634,869,235,1,16974732
3678e289caa6fff7,41,51,10,1,845675
367d29fda70bc10c,28,31,3,1,484897
3666c5754fe22fed,524,708,184,1,8596213
36719c0c1fcb2440,361,445,84,1,5134423
3684f23207fb1643,443,556,113,1,7954500
36908a8135714fd6,847,1040,193,1,10159209
360e758b36e24bbc,3557,4735,1178,1,61224764
36aca65d2531170a,9,13,4,1,191054
36a47d2b0b967bdf,32,48,16,1,584484
36a18c2e449f7943,279,304,25,1,2985352
36a24f70f69aead7,339,388,49,1,3407505
36e333ebe19c94e8,4,6,2,1,189702
36db7a97c84ec072,190,199,9,1,1343649
369801435be0ccf8,1829,2411,582,1,28985444
36d77755a71ec0a4,512,626,114,1,3824384
36de293da02ab9ae,243,268,25,1,4046996
36e9a5fe0213693d,268,288,20,1,1118056
36eda3cf04ef8770,26,31,5,1,583222
36ee4f8f40ea8ad2,70,89,19,1,2476845
36f7b14db8434d53,114,154,40,1,2869628
36fab04f1692cae8,342,411,69,1,5544362
36f9b1cad3bfeb99,424,599,175,1,8647930
36f0c81c04cf22fe,1626,2019,393,1,32754559
333ab4a46854ff34,17473,23709,6236,1,654015272
3747b14c5c9907cd,188,189,1,1,931332
372ee2df00abaa80,298,347,49,1,3259358
372bec371a661a7e,307,370,63,1,3736766
37333c07820e5543,648,805,157,1,5663107
375369cf1531f21a,672,897,225,1,13204539
3737b84e943a3198,1066,1406,340,1,21523699
3768790ace2c3ea3,266,293,27,1,1429358
37710ef47af05e49,244,259,15,1,1892371
376c1fdec14aab07,642,960,318,1,15496327
3792e4f6d322b2f3,250,284,34,1,3333406
379a718a1b4be888,452,700,248,1,5594317
37a7059ad7b27274,202,214,12,1,1448510
3798cec00a9a0d3b,1206,1606,400,1,26339257
37b17097c03ac231,669,878,209,1,16431853
3713920c5c4c6afd,4481,5899,1418,1,109089598
37da2d46c032e982,18,22,4,1,305336
37d0d4ee7dc581be,337,398,61,1,6756078
37e75421f388b12a,205,262,57,1,7806819
37f7f16520b3b169,12,19,7,1,301022
37d70dcbc3b2f6da,609,780,171,1,13215312
37effad9dc8f1646,253,282,29,1,2839760
37fedbfeeacb511f,113,151,38,1,1083931
37f115fd9358a9cb,355,414,59,1,4586817
37b7e55c10de9010,1058,1225,167,1,32213902
37d105ca8709f589,827,1007,180,1,20753254
3805dd631a92e095,232,292,60,1,4659942
381048c12b2285ce,188,202,14,1,2284253
380f482ae6cde692,280,309,29,1,3531818
383a11d239489269,192,199,7,1,2298533
383c66a0a839538b,171,210,39,1,2129545
383f9a67f1766878,175,220,45,1,3193738
3841d261c66becc1,246,291,45,1,4876106
385522f945135359,2,3,1,1,118937
384fb93d44738c1e,181,187,6,1,1190843
385cf024f9bb33c9,34,48,14,1,491225
384ec862b1a98fba,223,247,24,1,1711533
3857f58079fd251d,354,421,67,1,5634125
385edeabef9b68ec,234,275,41,1,6142415
386187329d3aef90,311,358,47,1,3168840
384a61abd1b20055,706,951,245,1,12877108
385e60188016e6ee,671,866,195,1,7693703
386fd182b95b4ebe,299,389,90,1,4081102
386f1bc7acdb13b0,256,307,51,1,5022092
387aab7642d96b53,97,122,25,1,1176326
3875885c16b32877,307,346,39,1,5640966
386e0d4f852ff641,840,1040,200,1,10008120
388ca8c31eb1e4d2,71,94,23,1,1278414
3883bac047cc9b5d,441,615,174,1,9129415
38733dc40944c4a8,935,1304,369,1,25666248
38a5dd717648e3f6,33,42,9,1,724540
38b4aa42b603df55,191,197,6,1,1352202
38bf2ccea2fda38c,96,125,29,1,1840772
38c32c6ef5278751,182,187,5,1,1362727
38c2b83e857aeed8,309,348,39,1,3036047
38c4a887ba1e969f,309,401,92,1,4888863
38d794abca62e94e,261,322,61,1,3342257
38cf85a8947f314d,332,424,92,1,5563120
38d9d5395280677f,305,351,46,1,2631205
38e49b1ab0a12677,94,134,40,1,1957740
38df8d9e1b38bf99,1162,1572,410,1,13793692
38ef0fd7d726649b,333,398,65,1,3299201
38f3c8eee500fea0,18,24,6,1,1323653
38d92467f7d0eae7,1290,1768,478,1,25705084
38ed0ff11f244ea5,445,563,118,1,10069811
38f9ff3cb837e013,93,116,23,1,1204969
391baa8a5e760e97,29,40,11,1,482420
392287ce83011f2e,275,326,51,1,2041231
39267e045c0cf5cb,145,167,22,1,1519592
392829893f1a58f9,61,93,32,1,2025519
3925cadf3cce3fca,506,609,103,1,5529954
391e767ac55e698a,929,1253,324,1,16555498
394ad6dcf3f71b97,256,297,41,1,2174891
393c2e1d2bd734a3,1007,1242,235,1,13455096
396f6a78b3e84bc7,6,7,1,1,118634
397f8ad6260e0fcc,30,44,14,1,717323
398b44fefd1458b2,28,39,11,1,538541
397772428edd0bc5,930,1235,305,1,19304531
3992b60ebcebe2a6,197,206,9,1,757445
39b45c71d7cfa967,2,3,1,1,91791
39a19e67db17e7a0,116,159,43,1,2180486
39bc3f0ca5bd461e,152,220,68,1,2469343
39c1dd0a97222dbf,198,211,13,1,2368380
399b56b754fa0f94,389,489,100,1,6011093
399def09c47f6172,1882,2381,499,1,29840574
39e333c119822301,341,382,41,1,4917647
39e0c2b032b8eba6,860,1128,268,1,20740176
39f97de072764bea,4,6,2,1,74573
39e79aa229962799,30,38,8,1,742643
39eaf01b5ba9dec0,142,197,55,1,4480495
39f7f3d8597c83b6,306,355,49,1,6015913
39ef4253a891c154,619,788,169,1,10119827
3997e25d6419c687,2979,4034,1055,1,66044057
3a0f40fd9334740b,6,7,1,1,79645
3a27b90a2d2c074b,269,374,105,1,7584120
3a1c24f82639431c,359,500,141,1,10450935
3a03ef99e30f8ec6,2032,2582,550,1,30516748
3a01d81c73775aa5,1342,1805,463,1,36918318
3a2a49e47303d1b1,434,591,157,1,14393403
3a33d57efbe168cb,392,509,117,1,10946873
3a3f2494eca2489f,308,436,128,1,8027171
3a4024275c5f1335,447,567,120,1,11283534
3a17b21c36df7569,1065,1433,368,1,35292196
3a4bd1c778fb0f6c,873,1198,325,1,9570673
3a4b77480f2b0fcc,874,960,86,1,22806345
3a6b0915c13b53bd,3,3,0,0,83238
3a733597ba5611ca,64,92,28,1,812356
3a599749fdcbf0b5,103,140,37,1,2678893
3a74dfb5afc7620b,109,148,39,1,2279645
3a6c83f9f57cc1b9,212,235,23,1,2304887
3a7790132659a203,255,284,29,1,1746589
3a71b4bc2a43eb28,256,292,36,1,2730282
3a58d303a1deed3f,336,404,68,1,4607571
39e1b400819575c2,3760,4995,1235,1,95396060
3a795e3118ce5cc2,494,604,110,1,5963660
3a3f0e6e7f45be28,2639,3571,932,1,64928776
3a4d049a4e998ea7,2554,3454,900,1,52186744
3a8669a644ea76f4,34,46,12,1,496906
3a98ea9cbcd845c8,7,11,4,1,240269
3a7f698c02dbecbe,266,297,31,1,2108356
3a9a637802f97498,626,834,208,1,13596195
3a8ee226ef528e4d,1343,1773,430,1,25264724
3a4ab0d8f0aa122f,4008,5316,1308,1,108454310
3acd092060f09e9b,5,7,2,1,145308
3adb65c2bbdd4cc4,5,7,2,1,137967
3abf4ad9e13e8b39,89,118,29,1,1249241
3ae227726cabd991,194,206,12,1,1267413
3aa8d193e2aa6f74,183,188,5,1,1492097
3b0900629772971f,3,3,0,0,72721
3adb74869469d731,124,164,40,1,1976354
3abc16a667b24348,187,206,19,1,2105727
3b26f12519d543a6,41,49,8,1,558444
3b21a73bd6d314f6,64,78,14,1,695356
3b3c528df6aaf8e9,7,9,2,1,150852
3b0ba12cecac8295,65,91,26,1,1247375
3ace1aaf9a75bcf1,303,347,44,1,3855102
3ade4a6c7ed835b7,377,429,52,1,7300961
3afce0cb03ff7553,428,535,107,1,7414127
3b2244ba048f703b,453,608,155,1,11338924
3b40ece4c41cd70b,1538,2022,484,1,34028876
3b7581427cfcfcbc,71,100,29,1,2659849
3b81fef297380e6f,163,208,45,1,3476231
3b4e8042e460cc6e,256,289,33,1,3188004
3b82d537a406267a,168,235,67,1,4036021
3b641d1dcbdaca67,312,349,37,1,4345391
3b54867d2bb65793,448,600,152,1,6839252
3b8e9d8df6ded673,78,103,25,1,763825
3b63abd1591e75a0,942,1199,257,1,10393911
3b12339200c5229e,2119,2609,490,1,45218130
3b8602b262362c0e,597,795,198,1,8898578
3ba0ba886c9fa233,150,222,72,1,2895765
3b8f910cfc311cd2,1522,1970,448,1,27285782
3ba89588f809e03b,883,1156,273,1,11536840
3bbf6afce777bfcb,780,1044,264,1,10656053
3bdd121b7a620a5a,2,3,1,1,84774
3bec4ff6556ed6b1,86,113,27,1,1319613
3bf16920aa1c332e,87,118,31,1,2046762
3bf6458df0cd7509,353,416,63,1,3437120
3bfb83a738579a3f,105,154,49,1,2617880
3bde6455fa7fe8bd,934,1195,261,1,15361858
3c0adfb13a41c202,324,373,49,1,6701178
3c04e7561da7494f,444,526,82,1,11558971
3bc1c9db3ac7ee32,1653,2186,533,1,33803634
3c0df1cf44885ebe,437,549,112,1,5914493
3c1b1e527d4bfc61,226,325,99,1,3742951
3c2292c00c14e5dd,302,350,48,1,2285981
3c0dff5f724cfdbb,527,641,114,1,8944144
3c4024f91e144b33,368,510,142,1,6366074
3c3c962efc5e046b,576,746,170,1,9825482
3b39fe8e9cad790b,6180,8197,2017,1,150884094
3a6d6f6162f0750a,9558,12670,3112,1,237992897
3c433ab69baf1a06,744,953,209,1,8600343
3c587b7ee9b7854b,401,469,68,1,4951185
3c582b157844f838,865,1130,265,1,10969891
3c8c49575eea2e05,7,11,4,1,182600
3c7c4a8c48d60b54,133,166,33,1,1597743
3c945592f17456af,290,324,34,1,2147489
3c7639dd21558679,1409,1925,516,1,22259620
3ca89c5e7bfdc173,33,44,11,1,822343
3ca63c109adbfd9e,367,412,45,1,4269964
3cae38fc5753b06f,205,217,12,1,1977208
3cb46c3b7daf445d,123,170,47,1,3053046
3cc0484d72cf40bd,18,24,6,1,193500
3cc7cdf354542db1,9,13,4,1,213131
3cb7b7d88e6376e9,302,341,39,1,4048420
3cb5a23aca85db5c,725,899,174,1,11873107
3cdde053d9278179,15,22,7,1,288932
3ce772fbfd07f150,16,24,8,1,514493
3cfb0ff0e184ebc1,33,48,15,1,812158
3cec3c44ada1c9b7,66,84,18,1,1108926
3cd8041cde53cca7,243,331,88,1,2408195
3ce3a0442d3dd2ef,292,334,42,1,2288466
3cd53866a24b7d77,125,162,37,1,2952136
3ce08d9ce274bf61,112,150,38,1,3327446
3cd80035b13129fb,359,416,57,1,3582383
3ce7998b2faa13e8,244,306,62,1,4442937
3d17b62b90f4ddf3,6,7,1,1,123231
3cfa4a01f7ddfe52,641,794,153,1,10760327
3d17c2ecba3d1c0d,25,35,10,1,615787
3d13f65761363cdd,88,120,32,1,1532927
3d0ad975d2939849,509,712,203,1,12841292
3d1e1d1c0f7e42ad,401,579,178,1,11489493
3d3aa14e7e68945c,4,6,2,1,135282
3d3a8cc773a5b839,213,226,13,1,1803589
3d4b080606015690,3,7,4,1,103613
3d4aa17c7fa073d8,16,25,9,1,323056
3d4010ed2b28af87,198,206,8,1,2299506
3d3d87b2e20ea5a1,256,280,24,1,3809360
3d33e83ba053be53,661,871,210,1,8262625
3d54a30e778df498,194,254,60,1,4013747
3d54a8371acda4d7,443,529,86,1,7318140
3d7607b65d3178c8,39,49,10,1,527979
3d8f62e0fa1933f8,7,7,0,0,101530
3d85c9c506b6dca0,23,34,11,1,713763
3d92ec23f70ec5a0,2,3,1,1,72957
3a93cda3301e291c,13994,18686,4692,1,423697833
3d7cf988b5385681,1132,1591,459,1,25119231
3db0c3a1906d9cb1,89,132,43,1,1576007
3dbf2ea86258e1a1,346,399,53,1,3241013
3dc5df7c79dadf12,253,289,36,1,4181714
3cc7250aba8e3f54,5289,6908,1619,1,138196619
3ddb0b78533015e7,773,1017,244,1,12696893
3df3c42335d4423b,4,6,2,1,153577
3df7e274be84598a,3,3,0,0,122867
3e062984012f28b4,305,348,43,1,3016861
3e1031b97532f458,27,39,12,1,690769
3dfb78d0e5db07f4,409,567,158,1,10575613
3e0ebab89794e361,95,141,46,1,1787072
3e110588233c541d,304,336,32,1,2569028
3e1c32256d8f1c84,77,109,32,1,1072415
3e1d006d2a569884,202,210,8,1,2038593
3e14763006069148,276,361,85,1,5841360
3e21a7f62fbd10f7,27,31,4,1,476048
3e203cfc2b473662,272,347,75,1,6243671
3e282ba64712c3e1,36,48,12,1,599031
3e2add089016e85b,389,535,146,1,6557037
3e4317c8b3092570,16,20,4,1,223305
3e453107f806b313,19,29,10,1,350821
3e45b548f7079e27,25,40,15,1,829433
3e42e4d01603fd6d,258,277,19,1,1299337
3e4c0d145e56158a,194,206,12,1,1406374
3e295dd92849408a,2268,2891,623,1,38778831
3e54d45744f45ff3,276,317,41,1,4134106
3e7bc0465312ee15,25,32,7,1,549432
3e84ce9a770bf58a,35,49,14,1,471412
3e925272d5f6d16e,37,57,20,1,715265
3e5ff3f77770103c,99,149,50,1,2217972
3e788d1919456c9f,189,222,33,1,2620216
3e5f2f6927a7329c,222,280,58,1,3365589
3e5d5e7f8fc87f89,300,344,44,1,3775420
3ec1d68efdb068a3,62,91,29,1,766400
3ebb3a5d2a301d80,161,195,34,1,2377964
3ea2c728076bfeec,253,283,30,1,3499231
3e72d60419957119,367,442,75,1,8808519
3e82aec29cf56a33,431,615,184,1,9067084
3e597d415a077ff5,530,644,114,1,11130641
3eb91b2da68f05db,507,685,178,1,9739998
3ecb7032d7ec3fbe,37,57,20,1,1408091
3e948daa269635a1,942,1264,322,1,22617923
3ecee5a6370329d1,348,448,100,1,4818045
3ecf7a3065bdcb8a,502,688,186,1,8260976
3e81eaa5a30c0609,1165,1666,501,1,33551686
3ec8088907f7a03e,682,829,147,1,18587699
3ed24e9b92c4828b,678,883,205,1,15245304
3ed65bcdf2ab4101,885,1195,310,1,13693083
3ed56c084605091a,1182,1678,496,1,31743494
3edf7c12ad5fe446,3,3,0,0,98656
3ee0f5ea4476b2f3,4,7,3,1,195646
3f02016956aea7a5,23,35,12,1,420290
3f12a584f184382b,90,117,27,1,1795703
3f03acc7bc8727ef,203,214,11,1,2401949
3efd550dfc7a93b5,274,306,32,1,2830038
3efe632e35b24139,244,287,43,1,4359081
3f1beb95049af073,206,218,12,1,1583157
3f1c7268a4be774f,147,190,43,1,2118624
3e30a5e244f6b8e0,5061,6817,1756,1,125327051
3f1ea239af0d9100,187,195,8,1,1953435
3f1e83353b3d34ae,198,211,13,1,2198809
3e49607454ec61b0,4337,5759,1422,1,123150561
3f2ff02a1c617d4a,208,228,20,1,1654157
3f2d4b270753d0a4,129,166,37,1,2582650
3f1d7e6371b8f738,806,1116,310,1,16025702
3f427a870f07f38f,356,423,67,1,2382274
3f4961ad334bd53e,69,91,22,1,1235196
3f4ef37788c98556,173,194,21,1,1239572
3f45d709c9630dca,169,219,50,1,2497046
3f4d29f67d1a3ced,290,328,38,1,5310532
3f61695618939ce9,197,211,14,1,3135535
3f5c626e15a4a206,647,844,197,1,12145710
3f4d722b66464574,1211,1705,494,1,22133537
3f21a8048a9adbd3,1852,2483,631,1,51323778
3f3fa317c14e1a1e,1577,1995,418,1,26362053
3f74fb3430fc1e1b,229,243,14,1,1116531
3f520b811d45b4d1,1595,2124,529,1,27386451
3ecb710eef77ca25,4862,6426,1564,1,90974718
3f77cdf73722961b,577,714,137,1,10870081
3f921c74bca11f88,37,49,12,1,652616
3f477199bb3289ee,2103,2765,662,1,47147189
3f9e8288d959c3c5,311,349,38,1,2136789
3faac209a4046a22,89,117,28,1,913262
3fa6b04863a58ced,163,220,57,1,1565041
3f915b6ffa26e02b,841,1212,371,1,12191959
3f924a7983042b93,1013,1255,242,1,15115078
3fb0c1a37212b6e3,366,416,50,1,6298600
3e45ec5f10471b2d,8388,10088,1700,1,180378807
3fb779cb40874e1f,529,637,108,1,6631934
3fbf30dd36ecd665,134,173,39,1,1604789
3fd1d9489612e369,248,284,36,1,2289199
3fca7d09c99640ac,253,286,33,1,2430796
3fd22047c4978bf9,1162,1662,500,1,14788833
3fdf2e1a912476de,6,7,1,1,100871
3ff3b84024b7f574,190,194,4,1,737088
3ff30135cce55212,435,531,96,1,7773377
3fe4a91b7bbd93c2,735,1003,268,1,14861519
3fb5ea0b4fd0e3c0,1957,2649,692,1,42606219
3fdbed06d3a580c0,2771,3524,753,1,36215832
3fd18ebd1b808c3d,3360,4508,1148,1,44116561
40251b94e556aa6a,4,6,2,1,83948
40081b3228625ce7,115,149,34,1,1335949
402cb20b04ce3a9b,43,52,9,1,926828
4030899a12d8afbd,313,357,44,1,3163103
402b2199493715a6,414,511,97,1,5066504
40237c905dff3c0f,539,680,141,1,7274426
4025d3b4f35d9bb4,831,1080,249,1,15029638
403db3676c0f4121,301,353,52,1,2582566
404d125e7cb0e76a,5,7,2,1,102128
404a075e84c7cc26,114,134,20,1,2484835
40463a7cd1f13b88,263,368,105,1,3692268
404a4e03abe1b7d2,459,638,179,1,8694079
406bafc8ad8c5927,15,22,7,1,265526
406eb79c959eea58,41,54,13,1,902149
40850c20616c8e2b,5,6,1,1,91280
408a6f70c7c19b03,6,7,1,1,129154
4080dab306989266,247,277,30,1,1933314
407f86911a1bf049,553,684,131,1,6474446
4088b70e5dda609c,283,310,27,1,4812596
40507bba7d92e4c9,1411,1914,503,1,29222121
403d567fd49e070a,2274,3005,731,1,46585045
40a29b4c3a1b51c5,254,284,30,1,3073704
3fe0ecbf4462cf5f,3831,5264,1433,1,85407596
40a99263c84044ac,250,356,106,1,6402626
40ab64ea71777543,261,298,37,1,2134668
409c6b0a1b8e18a4,960,1428,468,1,19622310
40a8a0c3dcef48b5,430,578,148,1,9065747
40b9d09af0dc7d67,114,166,52,1,2252186
40a9f27baefd8492,567,738,171,1,8764236
40a3dc27e0fa2ea4,533,686,153,1,13838670
40c1ead355fba21e,80,111,31,1,1243089
40c844cb0ae2ed62,7,9,2,1,159202
40d6990d4700911f,372,439,67,1,3550570
40e3959db95fe372,307,342,35,1,3540975
40ed253275a751c0,3,3,0,0,83593
410be847e2bdfc8a,10,13,3,1,248586
410bfac45e1121c8,236,292,56,1,3801800
40fea7189cea2882,501,617,116,1,6511681
40f9b62cddc8fb91,377,484,107,1,7434419
4119255a56858030,442,557,115,1,10155210
4107181f3afd58e9,302,401,99,1,11254447
40fb89f0cd77a733,903,1142,239,1,18103867
41179cdedada0162,1079,1236,157,1,20014607
4128782545797bd8,874,1321,447,1,9674469
412d3b2340b96aa2,877,1243,366,1,18862142
4131211c2b754348,1271,1599,328,1,22044595
413b56ebedbd4089,617,791,174,1,15283745
415dea61a77f10bb,296,328,32,1,3105899
415577c4e5bec578,341,401,60,1,3964594
415e88f6cf7cdaf5,503,621,118,1,6086548
412c2e7056a2330c,1652,2157,505,1,49761553
417c36c286a05ae4,36,49,13,1,366071
4181a9407c23d520,120,169,49,1,1363943
417ee0a1e6f8e201,296,358,62,1,2785052
41307a869dbd830f,2713,3445,732,1,42976039
4186ec5a19caf5b8,110,163,53,1,1388975
4192302faf7b8f5b,203,213,10,1,1756055
40e6bad0de83694c,4324,5777,1453,1,109890940
4149f97af326c816,3633,4863,1230,1,79071751
41e089ef23de1db5,2,3,1,1,90558
41b323e60e998595,41,54,13,1,827464
41dd6a37092f37f6,85,116,31,1,893381
41c16bfa80bf1183,104,136,32,1,1121315
41bdd2243b085a02,184,188,4,1,2146527
41b60c64f8131496,262,286,24,1,3835665
41acdb2eca277b07,290,346,56,1,4090569
41bcb8684c35c34c,279,368,89,1,7861401
41e80cb972a5c073,24,33,9,1,646192
41e343002bd74c2c,153,208,55,1,2573007
41fba186f44a6a93,6,7,1,1,233890
41f725b7daee12c2,46,64,18,1,800587
41f11d2dd827b617,121,154,33,1,2785648
41f515efd5671b63,160,224,64,1,3351450
42021842398217c5,314,372,58,1,4991887
42079e9d16cfb274,31,44,13,1,1387199
41ee74614139ca6b,1576,2062,486,1,29799636
41e87c3558548227,3557,4903,1346,1,85365928
42027c119c66a2dc,3257,4228,971,1,76321178
42254e120e1dbc82,5,6,1,1,553054
4239f92f74c0f259,26,31,5,1,602897
42116192c206a520,100,124,24,1,2181078
4211f4e53f4db546,191,199,8,1,2032441
4219bdf01a555c31,96,126,30,1,2589902
427bdef550274b6f,11,13,2,1,199292
424596a9edb25e30,3,3,0,0,60793
428175c05eb4b1b9,94,132,38,1,2836438
42894915c34d3c62,261,284,23,1,3613121
429843a0f6f90684,257,278,21,1,3237492
42a129d597098a0f,5,7,2,1,98211
4209ba1eb9010b61,430,483,53,1,7580512
4255beaad466c350,278,324,46,1,4841994
42a06db44a2da8d2,91,119,28,1,2447627
429de64bfb44e2e3,135,178,43,1,3619843
419958343f22493c,7779,10290,2511,1,219322366
426767a61fc84385,236,300,64,1,6158653
42731bc6fdc068f2,281,347,66,1,7608733
422a49e38428ccfd,508,687,179,1,6175916
426729d35233865d,498,706,208,1,12038127
42f769fc43ad581b,7,9,2,1,126281
42b120f9a87ca407,35,48,13,1,546686
42e62b309248670c,34,49,15,1,460149
42ac51a20f37d60b,134,148,14,1,1047191
42cbbc0e4b705a8b,87,132,45,1,1221761
42fd8a914cbca46e,128,137,9,1,868089
42b69501fe3ab9d4,92,121,29,1,1391506
42b8d9d384620aee,204,217,13,1,1334707
42e1868a17f5ceb1,194,224,30,1,2255176
431f8dd5dd4ed820,118,158,40,1,989996
432495f9e1e3be24,5,7,2,1,65541
4327aa36f9e6f87d,28,39,11,1,324758
432c477a91b02c65,27,38,11,1,292288
430ec7953916c8bb,336,417,81,1,5287514
42f06ee55c999c9b,772,1016,244,1,9258226
432fc436cb31226d,341,401,60,1,3547280
4343742068dd260c,5,7,2,1,145876
43353cf074e50ba0,267,336,69,1,3905755
4247ad23b9c9962f,4336,5795,1459,1,90781217
429c8313eae2da98,5672,8545,2873,1,63274146
43324407b6e226b1,3100,4087,987,1,61318011
41f7362f79f4806d,18975,22727,3752,1,391316992
435aa692217cdb2b,2,3,1,1,92229
435b67cff2333631,91,129,38,1,1519364
434ef00317e8babd,115,156,41,1,2742702
439908fd4e4100e2,103,154,51,1,1495876
4385b216aab69f9c,123,150,27,1,2320382
43727e34ec38969e,101,153,52,1,2917066
437e69b86527e03d,414,464,50,1,5148385
4387d07128971d06,296,342,46,1,4621455
43c28488ad07b206,228,300,72,1,5716390
43d67a972b06847e,266,341,75,1,7207912
439c096f3c172991,627,771,144,1,15330853
43ea64e1ed4a9a0f,4,4,0,0,408572
43f09a13b349b15f,3,3,0,0,85043
43d3e088efed0710,589,782,193,1,13480164
43abaeabe7837bc1,488,684,196,1,18281554
43f5d81e5b5ad3b4,72,99,27,1,3635116
43ff7503151afdd1,87,111,24,1,2584794
43e7f3c1b88bd143,318,395,77,1,8294494
43dcbf116334505f,253,283,30,1,14266965
43d417bc97620060,756,1036,280,1,17675256
442d450745bc6838,38,49,11,1,765162
43e4314c5b885bd5,306,428,122,1,9727850
441f4d7e0c6bca24,266,298,32,1,2242323
441dcd38d53f6322,357,424,67,1,3953160
4432c9b1e7fcab8f,150,214,64,1,2466396
442eb515a810ccad,299,336,37,1,2668631
4441bd25011ca3e0,197,270,73,1,2603398
4447952f58670a65,107,137,30,1,2275761
445c7e18d0dce72a,265,305,40,1,2311361
4436c30c75807c68,316,382,66,1,5035729
4467f486fa05e180,193,200,7,1,1937929
44465343f9bbe265,390,538,148,1,6338983
4409c7709861db04,453,644,191,1,11661446
448853ba50469237,100,128,28,1,2050887
44ca1bf10658eb05,198,206,8,1,1785816
44d8bee87432b32f,209,223,14,1,1984160
44876d5a67056549,601,733,132,1,7631335
44e206f20728b170,37,49,12,1,615113
44dfff4e311c6903,307,372,65,1,3439668
43cdffb10f6c1397,1978,2603,625,1,36035880
44dba826bbb98e81,245,314,69,1,5435220
45068bd8b99f7ecb,23,31,8,1,1031102
44fa5bd87807f565,249,269,20,1,2962372
44f1397982a3ddbe,325,382,57,1,5693097
45280d797c5b1e0b,272,301,29,1,4267161
452c0a3368e4ab3a,95,137,42,1,6381683
4517930ff8c39784,347,430,83,1,10639497
4427fa3acead64c6,1260,1810,550,1,34254593
4481401913e9c67a,46,79,33,1,1434051
45319ece49bd4cd0,261,305,44,1,5546576
45364e86fd442e55,238,322,84,1,6375906
4537517323203c4f,91,132,41,1,2719384
453f92f69687abf6,78,104,26,1,1804911
454f2bc67bd49963,31,40,9,1,538595
44ed9e478f82bf35,904,1223,319,1,24474448
452b551a2d2b7b75,705,928,223,1,14333274
453ae0bcea155a45,283,345,62,1,4134074
455b4ebf87fb0bb1,252,321,69,1,2249114
44ab7b7a16249a30,1513,1935,422,1,31469472
445fbc4158d81fb7,3530,4835,1305,1,58627656
43ce92a96ea754f0,3312,4535,1223,1,83796211
457ce2424ee429ea,141,150,9,1,1091355
458a1b1507ea52e1,82,113,31,1,2020927
459bb98159787bfa,393,472,79,1,4462863
45946afd416a75d0,873,1252,379,1,10157317
45a3c8e55a91810d,460,580,120,1,3261830
45409b442d95d956,2775,3960,1185,1,58824218
45bae851fd2efbf8,10,14,4,1,311071
45c951f0d943363b,128,154,26,1,1928895
45b8cbdee97d6d22,903,1144,241,1,9954477
45d07a646f5a5225,92,117,25,1,804421
45f3b84170ce8810,313,345,32,1,2858100
43642964cb563c50,6630,8381,1751,1,168205336
46009e2529d0a6f7,449,583,134,1,4773052
45ef5cecc5e5f458,1077,1376,299,1,14044123
46010837949be5bf,618,763,145,1,8318285
45ea53716ff18895,1221,1612,391,1,25340883
438d37e0c0b07b27,8409,11246,2837,1,203069044
46013f7f3d8fb764,1175,1662,487,1,24219182
4614c66f2fbace5d,15,22,7,1,215703
462834f65f845582,141,194,53,1,2673919
4616c0f8861616cd,288,336,48,1,2856231
461e51b73b7b2041,374,460,86,1,3140317
464961cf7034b9e6,7,7,0,0,120315
464deebf3e7dfa73,293,355,62,1,3629200
461404b7118bdfa5,972,1441,469,1,22273554
4619dd01e6704f3c,1188,1655,467,1,25647515
4666af56b5b36eac,100,131,31,1,1638632
465425b44fa11f2d,1159,1602,443,1,17207016
4646277a1818b4b9,2180,2940,760,1,32061817
46845abc99500d41,321,371,50,1,5774157
468df381f24889f6,26,32,6,1,372885
468d06ed295a204a,126,176,50,1,2144502
469503d35f41bf15,274,297,23,1,2055462
4685b14007abe458,365,497,132,1,4954159
46a1019c081bb791,283,315,32,1,1551066
466da8f6e7617a6d,1704,2391,687,1,31288200
46b93e05756a7b0d,34,49,15,1,823702
46bad1972fe91913,199,214,15,1,916199
460a9b26f826cb90,4299,5438,1139,1,97425922
46bbedb3709dbd6c,182,187,5,1,1245555
46c1ab34bf11f315,235,256,21,1,3393006
46c7383f17e3c36c,315,354,39,1,4915336
46e6c6a3de246286,321,376,55,1,4037414
46eb141728e52264,130,171,41,1,1864927
46f9f881c0390a8e,70,100,30,1,1302179
46f2519a85d8d150,307,346,39,1,2545890
46fbb9196f2f414e,200,211,11,1,1265744
47019690348deae1,29,39,10,1,491850
46fc5e6377abd590,190,264,74,1,2894799
47040a0eb0dec097,4,6,2,1,71432
4702604d2abdec80,260,289,29,1,3491719
4703be15d0e588a5,335,394,59,1,7280001
46fc0bc6cf7c8853,1221,1479,258,1,20831002
4718a481f5a68cf9,531,664,133,1,7325413
46bef7b131a6dac0,2503,3436,933,1,50003865
4732f0fea5349e26,330,403,73,1,4592621
474c72a1c160d37d,31,46,15,1,493921
474c7324b9c843e4,65,79,14,1,769959
472fa22bc43dc32d,606,821,215,1,10734222
474276ecdaf2160c,323,399,76,1,4452778
4700e6f960cd60d7,1808,2380,572,1,31226425
476eec5a3a47203b,17,24,7,1,377761
47968db105c088bc,40,49,9,1,404359
47833b849c22d672,671,856,185,1,7879392
4778e62fcdca24a8,1168,1624,456,1,24225417
47a55254bb2d3350,30,41,11,1,517914
47a330ba8c182b47,200,211,11,1,1993942
47ac158ef1bc892e,258,278,20,1,2705399
47b7dcdfc8e73961,3,3,0,0,119176
47afcd4d10e81cf5,47,57,10,1,1015254
47beab41d1e76c86,701,903,202,1,10990447
47aadce80e0d71f2,1318,1757,439,1,28385607
47ccc5bfd9857d80,4,6,2,1,113595
47d93b46cd413bd9,14,23,9,1,308670
47f14818cb1ae926,25,31,6,1,472373
47db9011c5996b6f,32,47,15,1,529113
47e950d3dd5df751,41,58,17,1,624007
47d18a7e0e181a06,72,90,18,1,1096117
480d621ecd3574c7,83,110,27,1,1295745
4810b7505fc47e1c,217,235,18,1,1304522
47fbabf4c9189ea3,266,295,29,1,2248397
47e8d06c9ac9444b,329,392,63,1,3462667
481ecf82a0d295b4,325,354,29,1,4008941
482a34d5016a16d9,26,31,5,1,454274
482e100489fdab8d,118,148,30,1,1636687
482771e53d8e392c,968,1195,227,1,9025178
4830f97b07f58f34,246,274,28,1,3132784
483dd0c62102cde8,900,1129,229,1,13069860
4852436089634d4a,245,275,30,1,2283025
4869e1e0cf06f0ad,339,400,61,1,3052080
4855464b35215992,682,829,147,1,11782263
485d6ef9a235c3cd,691,956,265,1,9896957
48791162f9f27059,239,257,18,1,2035827
4856282fc0e7f211,942,1162,220,1,12253651
486e5868b05c7773,534,703,169,1,10468248
4871410e3ae34591,998,1334,336,1,9756925
482983c8762bd905,3595,4642,1047,1,59122299
489d4a8967d981ea,2,3,1,1,259573
48a4dbeb85659e19,87,119,32,1,1523634
48a263646bd4ef39,112,163,51,1,1855289
489a33d0823b62cf,1025,1462,437,1,13145153
47ba1baec85e7420,6483,8515,2032,1,152595271
48b63ff1256710cc,29,38,9,1,490407
48b834cd70781081,3,3,0,0,60817
48c6d10aeab567e9,6,7,1,1,77013
48c818e7c85b7eef,2,3,1,1,47745
48ccefd2d70e999d,20,27,7,1,229763
48b5b5e34be53ef3,973,1037,64,1,9884235
48ca8c6c75c06e03,293,359,66,1,3095460
48cda6a85188b59c,213,237,24,1,3298758
48daaeb914334e6e,152,171,19,1,1669761
48f50dd465119c82,204,277,73,1,3594160
48f09eb9a54f833a,491,607,116,1,5396053
490ead9d2bc55e1d,121,152,31,1,1373344
490eeba40be529e9,308,348,40,1,1983361
4919eef09b8a5447,102,134,32,1,2019194
4922c87c5ce87f1d,9,13,4,1,194664
492870fac1432fda,89,118,29,1,3080278
49228d2116e4bddb,832,1105,273,1,18162448
432b09ed76fc3a64,49682,53447,3765,1,757384366
495b3efc3b410923,30,40,10,1,510068
4968c81859bfbc63,162,213,51,1,3989509
4983a478022c88e1,6,12,6,1,302468
498427c971ef4e30,10,12,2,1,248041
498164d7a42f9b8d,27,35,8,1,814517
49692b091b7f40d8,1738,2255,517,1,36251626
498b8ebf0790c6a9,624,847,223,1,19000318
497c355c99ab5447,618,800,182,1,19841316
4972ba2ed7851ec3,639,897,258,1,21782844
49a412b581538c83,205,217,12,1,1292951
499540512d245568,66,89,23,1,2741807
49a17a303968a665,357,411,54,1,5404335
49979f73dfbfb1fb,620,777,157,1,7863079
494ead19b1ebd451,2287,2945,658,1,66570994
49b4893795ed8b78,59,80,21,1,1184590
49c1d230f74e763a,123,174,51,1,1899367
49bd7c6b94c5f6f2,303,364,61,1,4150593
49b0e7633b6de3bd,428,594,166,1,5335788
49bb96995890645a,449,622,173,1,6912579
49cc691c5e9aaaab,932,1242,310,1,12041248
49888e56c5cb1e8f,2125,2858,733,1,40453870
49abf066d811dc22,2350,2682,332,1,18866452
49e9602bc7b021ee,44,52,8,1,2027427
49e3c8af04fb7f87,352,416,64,1,6432417
49ddc374fc429f8a,464,531,67,1,10820733
49e96e22b4291b81,300,392,92,1,5126770
49ee69eb9959d7ca,92,119,27,1,989220
4964a75399acc8fd,3187,4258,1071,1,81210154
49d1b0945e6a1af6,1124,1614,490,1,21636553
49ead32141d7dec7,731,1039,308,1,9374878
49fafd96806941cf,98,131,33,1,1382488
49fea41c43ecb9c8,131,175,44,1,1573737
49f0cb2d891bf506,101,148,47,1,1803496
49f592384f9d88e7,152,184,32,1,2545633
4a0210debaa31cea,240,332,92,1,4875470
4a113c2a2bbf4e57,34,49,15,1,484988
4a0efa9ca9eb798a,95,133,38,1,2648113
4a074e45673f8617,532,745,213,1,13085318
49ec89c6f0da9993,1642,2213,571,1,24755800
4a22ce56381e6f07,205,300,95,1,2540260
4a081cefa2a67325,1491,1873,382,1,24835837
4a4a6be8b01faab6,19,23,4,1,640725
4a2ad27e89e785f1,98,128,30,1,1424883
4a271a45fb282fc4,297,346,49,1,5059432
4a33321094a5e575,800,1091,291,1,12699736
4a3094ebe344b3b9,752,929,177,1,17182415
4a64576c1199e7ac,282,343,61,1,6640792
4a74eefafe0ad2af,21,25,4,1,290397
4a6bb66876802271,54,64,10,1,855935
4a0f7c563c6564c5,2915,3877,962,1,64800582
4a72aba765fcc9a6,219,247,28,1,3056501
4a79341b08b61827,298,329,31,1,2921961
4a86ab7db2c3564b,263,304,41,1,2619420
4a6ba4b85140255d,891,1096,205,1,9535477
4a7b04ef89a02b1f,624,859,235,1,14553368
4a7d2ff501f67067,493,639,146,1,12719579
4aac2b571eaed529,59,80,21,1,1049702
4aa39bad58cd2c88,85,111,26,1,1263443
4a8ebfce53f1b6e9,253,283,30,1,2243995
4ac51685bf90661c,4,7,3,1,114310
4a9654c51106566d,669,806,137,1,10821257
4ad3816f9d01ad84,2,3,1,1,133047
4ad44fb7b4d47e9b,16,20,4,1,299221
4adad9dd5b3c1cbe,38,49,11,1,839061
4ae2891908303360,29,39,10,1,777997
4ae20f139d0e4cfe,28,38,10,1,734740
4ad9f3537d25bdbb,298,345,47,1,7601746
4ae61082f681a7be,193,199,6,1,1189068
4ae9c4deade0065d,31,49,18,1,518511
4a17a52640654675,4648,6072,1424,1,109425355
4af04fb37fb0536e,85,117,32,1,1458277
4aef0ebe1480ad3a,198,206,8,1,2185740
4af7696ddf845077,213,288,75,1,3471024
4af1f2778149d104,661,995,334,1,8154471
4aec80351bb2d850,1031,1401,370,1,9531093
4a8c0fca6aa6429b,3313,4493,1180,1,60800336
4b26b6d9cbe82385,19,27,8,1,303794
4b40016a3d8c89aa,2,3,1,1,89598
4b5d99e77a8be60c,34,46,12,1,551602
4b76a622924edeb5,34,42,8,1,531285
4b4a26882f15bbbb,104,133,29,1,1374880
4b5c6ec180454672,210,221,11,1,1374087
4b21b6fefeba52c1,178,238,60,1,2806643
4b2d12b563f42b47,301,345,44,1,2666441
4b44735202bbe736,282,329,47,1,4321249
4b087597e99e1cc6,290,355,65,1,5714380
4b25898b792fe7e1,182,234,52,1,5587715
4afe330538552d56,536,702,166,1,12141533
4b9e514e9bdca912,18,27,9,1,381448
4b8d2e1f78e959c9,302,345,43,1,3834823
4b95d960c086cbc3,1075,1365,290,1,11631944
4bb517902886e5ff,189,197,8,1,1256433
4b81b199cf11ec18,759,944,185,1,19172276
4b2fdb769f8fb8e4,3005,4243,1238,1,63141820
4b72b1de6e1174cf,3814,5041,1227,1,72686381
4bb17cccf7e36442,2460,3153,693,1,55004671
4afa813e9884568f,6956,8910,1954,1,148747530
4bf35819b5d7f954,205,223,18,1,2989401
4c212c8f93f389c5,18,25,7,1,446720
4bf9afd5aabfa9bf,64,79,15,1,1951555
4bbd26c7ea24e83d,272,295,23,1,3926692
4bd6a969eb8a5e38,146,160,14,1,2739743
4bd431c0ba5bcc41,101,136,35,1,4992028
4bd8965f9d5c302d,152,226,74,1,3297521
4c18d3968c781bdb,295,343,48,1,5514757
4bd8e8907badec78,349,427,78,1,8029393
4bf1904d9b991f06,647,850,203,1,21113452
4c0abcd75cea0e5a,1362,1707,345,1,20927705
4c2a84c0bd9f04aa,183,187,4,1,1126480
4c453f5a2685afb6,90,114,24,1,1480492
4c5fb16e2839bafe,5,9,4,1,91535
4c2b6b739d3d3fa1,210,228,18,1,2221428
4c52b7cfd2e3d84d,85,112,27,1,1256109
4c55ee5fc59f1ce2,274,385,111,1,4509288
4c6c76bbff2cc324,148,218,70,1,4047360
4c725dfaf3ad7265,157,205,48,1,4152373
4c855eedcd55b7b4,4,5,1,1,75966
4c50c5ac47ff3afd,488,600,112,1,13293402
4c2e99db8af92bfe,618,819,201,1,15919689
4ca7480d858c0b28,4,6,2,1,113556
4cb93c785817c511,23,36,13,1,658466
4c60b2711d8ea886,794,1066,272,1,18383410
4cbc419035231c78,211,216,5,1,2202861
4c2d4a616f9a4520,755,1056,301,1,23984161
4c75b04c2c61cece,963,1274,311,1,17999576
4c5649647930cbb7,1495,1945,450,1,25815942
4c8e0b2e958abaec,1029,1439,410,1,17639586
4c3f5101ccbb6001,1277,1646,369,1,28299611
4ca54886d51f26eb,932,1223,291,1,16210599
4c6278be569e8a77,1711,2246,535,1,40100019
4ccce34f553607a8,40,49,9,1,517011
4cec10607bbbed27,184,194,10,1,695490
4cd05948b8896d70,196,202,6,1,1144940
4cbf8c864ed98ee0,95,121,26,1,1546301
4cd76abfc3f71940,240,261,21,1,2813118
4cf7edfd500e88e1,307,364,57,1,3286709
4cfa02949b0b0b3f,104,129,25,1,1698137
4d00be6d0f6e5939,129,189,60,1,1485567
4ae9ebf40e31c28f,15407,18086,2679,1,263590266
4d29f1e739ba5049,15,21,6,1,240603
4d39a16478b0aba2,28,34,6,1,208410
4d199461abc0e2ce,494,627,133,1,5217925
4d0fbb12c5b792c2,1160,1476,316,1,18724283
4cbaf2e2482ea6f4,3519,4669,1150,1,60018062
4d41d2092139300c,338,413,75,1,2252585
4d46397ac9816fbf,313,438,125,1,5432494
4d0cccdd0bdb7f2e,2103,2698,595,1,33031207
4d59dc057385e480,89,119,30,1,930840
4d6112dddef9a7de,42,53,11,1,461683
4d65cbcb5190c8db,26,35,9,1,310486
4d6467390453ccc1,195,222,27,1,1373524
4d74eb2cf3ecdb5d,89,119,30,1,1910533
4d6d23b792e83900,516,636,120,1,7210978
4d817961475b10c1,91,121,30,1,2050286
4d73828898b948c4,679,804,125,1,7206628
4d960825b4a6a816,191,197,6,1,1488360
4d97f583c6a7a6ba,258,305,47,1,3451899
4d9f0fd39895e1ff,298,364,66,1,5754444
4d87f9774d750c3e,922,1172,250,1,21537068
4da8a32ce9f46d3e,455,631,176,1,7571782
4d9efd17f6c82b7c,949,1236,287,1,7986053
4d857018fa81b9e3,1697,2242,545,1,26742585
4db6cd4642042960,23,32,9,1,358777
4dd7fc0d3f4804c0,8,13,5,1,162246
4dc7b5816bfa4b2a,18,24,6,1,332974
4db1ee9d47ddc515,95,111,16,1,844148
4dd1825a6e72f544,98,128,30,1,1176432
4dbc7aeab61f4546,239,338,99,1,3655228
4dc079a054b3c704,555,750,195,1,8135321
4dedac09beb50a90,26,31,5,1,755593
4decc2f90e3bcf25,113,167,54,1,1747638
4de794ca525ac70b,361,414,53,1,3523940
4dff449ed49ae874,257,284,27,1,4065572
4e04474c1e9a5bee,255,283,28,1,1225821
4e06cff250e1a1ad,231,290,59,1,3351914
4e00709cac9a17cf,554,697,143,1,6626008
4e2cbe1a62891100,188,194,6,1,1090397
4e23f3036d0999e1,325,412,87,1,5453668
4e30617b5e7f4b85,159,184,25,1,1501200
4dab5dba326af9dc,2830,3614,784,1,57808278
4e44468c3c9f83fc,761,1071,310,1,11636427
4e6efab66df8d6f6,36,42,6,1,833796
4e626d27b06ed11c,204,212,8,1,902676
4e712ef304816d32,11,13,2,1,214282
4e68b44deb1382dd,115,161,46,1,1682661
4e6f959c28e24093,194,202,8,1,2021330
4e5d4fb93eae1757,195,254,59,1,2970345
4e6c66344061f105,199,214,15,1,2401952
4e6a114eadfe7dff,258,289,31,1,3142988
4e59b36795d71c03,394,454,60,1,4353021
4e6f2f5f1874a36b,450,597,147,1,5821321
4c1af78715063800,11493,15685,4192,1,285613707
4ba285afbc0f31cc,15605,19084,3479,1,372975743
4e4baf28e0783856,5485,7490,2005,1,99650865
4e982838cd5ff899,9,13,4,1,1165542
4e99779cbbf4e460,26,31,5,1,1410840
4e95d4e2cf85d9c2,29,39,10,1,1552734
4e9345e7db1f1478,44,51,7,1,2221474
4e946cee475173ea,190,199,9,1,3785378
4ec395802ea2bc19,190,199,9,1,2598325
4eb87d776216027f,85,116,31,1,3237192
4ea0b1fde29bc2c3,265,320,55,1,7795323
4ed19609af829237,11,12,1,1,241228
4ecfabcf48b6a3c8,99,126,27,1,1257545
4ecfd404db4b4d95,56,65,9,1,838811
4e85e7a1ad8311e8,97,133,36,1,9227417
4eeec14e9445cdcb,5,7,2,1,108378
4ec2eda4d0689d9a,274,319,45,1,6315951
4ea1f59b32dc0668,314,347,33,1,4547820
4ea76902215585ef,368,423,55,1,6209914
4f131013297a8b43,24,33,9,1,362420
4f12b51acff7383e,200,212,12,1,1477381
4f20aef281ea8598,12,14,2,1,111385
4eed4ad7b161dc5d,227,313,86,1,3616858
4f269ef66fc42884,9,13,4,1,117880
4f2776ac35957873,7,9,2,1,100226
4ee0c4ba6ef3625b,226,243,17,1,3897029
4f127a19a038e107,93,127,34,1,1501622
4f3a1f9fdd8d4b72,135,147,12,1,962836
4f3448ce27cf072a,175,210,35,1,2167431
4f3ef6b7693dd443,243,272,29,1,1961289
4f42a5b51350bf25,86,119,33,1,1445223
4f3a593ee33bb20c,88,119,31,1,2334891
4e84e60f1294e129,454,614,160,1,16011210
4ef3529691d53546,469,576,107,1,10404010
4e92d04531e8707a,570,784,214,1,16337123
4ea49015e5347f55,935,1286,351,1,21670998
4ef28ae1c01ef7de,684,954,270,1,20004661
4f4b08a5eebc4423,382,553,171,1,10324573
4f490ece795ed9fd,635,790,155,1,14701441
4f634e2ed0aa01bb,93,128,35,1,1774192
4e7d54f81cdf8542,1539,1920,381,1,39123593
4f50b070809d694b,910,1220,310,1,14056215
4f7718bdb54f3caf,3,3,0,0,68578
4f73d59829b40fad,115,148,33,1,1997626
4f89600903b54f25,30,40,10,1,948140
4f866680a00c7ee2,259,281,22,1,2324293
4f7e33ad772bafe7,737,968,231,1,7718344
4f856a961c9ab06f,1027,1311,284,1,19112888
4fac6a6cf00cd7a4,3,3,0,0,91836
4efa00991ed74578,4708,6295,1587,1,95618119
4fd7b81196e2eb16,5,6,1,1,70552
4fac32e9ee800ec2,750,966,216,1,16381953
4fd1caa4093066d7,360,439,79,1,3655038
4fd3e02b1d168625,785,930,145,1,13564026
4ff3c5b260f8fe3a,2,3,1,1,54090
4feb59c5066ea46b,122,152,30,1,1583739
4fe91c88022c53ac,62,94,32,1,1007839
4ffb48a00ad6792a,61,78,17,1,1127260
4ffbfee1bbcff0bd,96,135,39,1,1723450
4feae4cdaf075727,363,423,60,1,5939865
4ffd1b7045dc48c0,190,198,8,1,1223321
4fff5ef6fcc24065,632,765,133,1,9625716
50043bcf56f96296,450,525,75,1,10196686
4feabaf1bdd1a453,1066,1342,276,1,23198922
4fe7bc49b4fbeb69,1119,1601,482,1,25193644
5012f28529f8d875,450,549,99,1,5427628
5029faa41dfdc1af,86,108,22,1,1103462
502e556eeebb5904,99,133,34,1,1421237
4fabcfb549ccc476,2582,3455,873,1,55303407
501e81ef6e0dd958,215,319,104,1,3120527
502ba8a3215f8ffb,131,176,45,1,2926093
50157652cd6fda26,799,1035,236,1,9825806
503cf6ac5fefa014,104,141,37,1,2519339
501ee3d991cfeeb0,750,981,231,1,10790906
5057090e5b0ecd70,138,153,15,1,1167539
506f6e8224cbd534,99,119,20,1,1502807
5048e3c4c78689e2,187,197,10,1,2195334
506c7ce0a81e01cd,113,150,37,1,2342926
505b45f708b4849d,310,367,57,1,3954532
507faa1c4b485c04,97,113,16,1,2042976
507cd40ca2557447,245,271,26,1,2772176
506b872984c4c1ac,313,368,55,1,4767319
5091b50ce12a841c,267,300,33,1,2725697
5068fd9f7f953447,545,673,128,1,8357400
507251e10534db7e,567,709,142,1,8819970
50649b50ec4b8cdd,802,1015,213,1,13447292
504fb8b648d10905,781,1009,228,1,17990324
5044026abf056055,647,916,269,1,19997438
50a8bb7e93d9c4ef,166,235,69,1,2323137
509a99a06ad44aeb,444,543,99,1,6819688
50d16fbd33db5502,72,111,39,1,1253086
50c0c61ae7b68d25,94,116,22,1,1307271
50e786b334350987,304,345,41,1,2851375
50d52c4c969a8973,280,379,99,1,6996365
50f75d263f9b60ac,2,3,1,1,71056
50d1f93cf8d5110d,810,1035,225,1,9760643
50da0346841e60e8,1069,1481,412,1,13075611
50d399ed6bce55c9,1157,1478,321,1,14673205
51020c102939b684,11,14,3,1,140937
5104a5ccabfaa755,289,353,64,1,2229744
50e9c7ab8020fbb3,1069,1372,303,1,19576112
51051f17c6dc523b,394,525,131,1,5049920
510bff3b7ecd5d8e,8,13,5,1,256673
511658742168873b,20,23,3,1,258141
51128eb755def288,254,283,29,1,1645729
510e73d4dae3a8a1,225,283,58,1,3387498
51278c0d55054d70,102,125,23,1,1749795
51253eae235164df,81,108,27,1,3434032
5120b2ccdee25b15,213,254,41,1,4059807
50aeff98bdd982ab,3098,4066,968,1,58200488
512068c908bbcdbb,791,1035,244,1,12810068
513784807c66ed0d,24,35,11,1,447531
514914722fb6dbfe,33,48,15,1,584215
51498f95849e9a99,4,7,3,1,88766
51499b6e88fbafdb,9,14,5,1,137046
513ceb52751e4508,305,400,95,1,5626220
5153065d843de92a,25,39,14,1,819256
5156b8942b7d2f33,112,126,14,1,1832143
515e0673f0f23a12,200,251,51,1,6134180
51305063df6abd6a,1114,1498,384,1,29676545
5105c3833207515c,2072,2674,602,1,50495600
514c1ee3cdf96b40,1161,1637,476,1,23988930
5032f16e7c9ad0f0,7360,9609,2249,1,160909603
51751c6875d758fc,265,292,27,1,1910013
516fcd4eae8a28de,424,601,177,1,8433900
518160539a05910d,15,22,7,1,271257
517c1d5abda04867,153,217,64,1,1822929
5185e828b8a52235,2,3,1,1,63254
5183828ac8b46caa,7,8,1,1,118219
5187176fd9f30b66,192,196,4,1,1261598
518a81a60ec064ef,132,151,19,1,1115894
51837c7aae27251d,406,459,53,1,4406060
518bc553c9a66a49,241,283,42,1,3071120
517ac31f84e103a1,776,1006,230,1,12893623
51a100cae115a8d4,118,138,20,1,1770724
51ac01ddc9f07032,3,3,0,0,98494
519e6eefab015230,393,532,139,1,8121980
51a476491f99860a,279,409,130,1,4357032
51ba96b16b366466,205,268,63,1,2699734
51c154220e792458,189,194,5,1,1095524
518f553e5041f65d,1127,1608,481,1,21328605
51b17c567b4c60d7,628,764,136,1,10134128
51d4481fed8e6ee0,193,200,7,1,3254632
51d6f446377d5af1,9,12,3,1,199873
51cffdc2e143c164,464,652,188,1,6696082
4e6701161f37786d,16750,22230,5480,1,477060475
51e3eabb3698c493,183,187,4,1,1116517
51efe4f5080a2443,560,628,68,1,10806394
51dc64994dd2b88f,1549,2065,516,1,20606491
51fd59a9aea7cf13,22,27,5,1,420009
521cc64b85be29cd,10,13,3,1,217788
5203df4f24ec6ffd,89,116,27,1,1305508
5207844d6520dd60,263,356,93,1,3719277
522112914b385e91,103,141,38,1,2239093
5202952c9f3a4a56,257,294,37,1,4421534
5200edafffac1f60,373,525,152,1,5035863
5224b8e86edf0c5d,2,3,1,1,56855
5227ea89116b334c,4,7,3,1,73966
522b24e2466d9a89,49,61,12,1,2352582
52332ef6b4d56b58,7,7,0,0,107062
522fb90218307fd5,170,218,48,1,2323873
522fb0a700b61503,159,224,65,1,4407945
51f6147cb78d09f0,1388,1773,385,1,31105410
523aca4cea3c4179,286,344,58,1,4077145
5259f5bd01555099,4,7,3,1,116362
51fd1469cbfa6254,2086,2573,487,1,43169745
525fdb7ade02382f,62,78,16,1,754081
524ef89d0d152f84,597,805,208,1,11753017
526c2abbb50d740e,275,304,29,1,2378340
52669670e634b576,192,212,20,1,3221555
525d819bb9c76a9c,273,299,26,1,4043366
5271bacb3898085e,496,679,183,1,5500883
5281f6dc29950d55,14,20,6,1,848685
525d662364d5e1b6,805,1079,274,1,14355388
529544efa86d2000,77,113,36,1,1734379
52a260e7198959f9,109,155,46,1,4606676
5257242ccf1ac853,1849,2534,685,1,39302616
52aa1bd1db4df214,210,287,77,1,5066628
52bc20ada6c7e296,4,6,2,1,74977
52ac9a06a07de8a1,425,536,111,1,10047832
52c44f821c08d819,6,8,2,1,202011
52bfae2e2ecd1f3e,123,163,40,1,1642696
52b3a325be6143d7,927,1250,323,1,13777082
52bf237ae7f8e441,385,470,85,1,4914938
528ba8ae6e8c0a7e,1700,2325,625,1,35584643
52b5c67bc302e892,992,1381,389,1,22645072
52d300a79fd6a4ed,288,319,31,1,2330193
52e942acd7539010,2,3,1,1,55841
52e8a2cc71000098,234,250,16,1,1683996
52ece0c850b07868,140,206,66,1,2391704
52f1274e6f8af5d8,331,380,49,1,3978530
52ebd54043fcb87d,1001,1290,289,1,17260032
53185fc885aa520b,108,154,46,1,1983506
5304837157963f63,325,381,56,1,3573744
531a844c55125444,145,201,56,1,2171730
5308eb997754f7b3,747,890,143,1,15848814
5338a7c3a23775e2,88,114,26,1,897805
533589ddc26a68fe,104,129,25,1,1447071
533640f441717923,77,109,32,1,1325809
53316cc8bbe5fce9,71,95,24,1,1750926
533e63d5471010b9,283,345,62,1,5094227
52f0697bce5eae6f,2095,2827,732,1,43347384
535571811158e200,527,655,128,1,3902027
535de80b3ddd8494,187,194,7,1,1101724
535e3ed8d5291022,417,575,158,1,6566106
536cd6c0a7e2f87f,194,274,80,1,3195517
535ca151a73e46f5,1200,1577,377,1,18297961
53859176949c1aa3,106,149,43,1,1061724
536e4ee9b73b5de3,1411,1884,473,1,38214868
539ff71b642b2f8b,327,466,139,1,5496599
53a88298abec6e10,234,268,34,1,3549432
53a290b38fe133d8,545,682,137,1,6543925
53accab3d870b5ae,131,173,42,1,2196326
53b5679e7cc292c3,47,63,16,1,960643
53a91acb4f7d20d9,592,757,165,1,9703287
539265eae8ee436a,959,1254,295,1,17617902
53c6d0883b5e8785,208,217,9,1,2235417
53c3daaa9f1780b6,539,620,81,1,8944651
53cb7b6a89690141,321,381,60,1,5699548
53cc215c4e60eeac,548,689,141,1,8275191
53d63fd7d48f09cb,271,300,29,1,3121835
531fb008bf19e48c,4039,5376,1337,1,132848227
53e9b1f4e035b896,50,65,15,1,1364493
53f25b9fbbbe999e,201,206,5,1,1644482
5384d2cb917e64ea,3119,4109,990,1,66787483
53eec3281f3c5b37,429,522,93,1,4800652
53e9084641f771bb,636,844,208,1,8886945
53f57d3088ca3ebc,180,248,68,1,3316094
53fb0560e92335f4,77,107,30,1,1156273
53f44fa6b10760a9,511,685,174,1,8950881
53fa664224c25a1e,492,614,122,1,5339772
53f718b171a1b000,629,874,245,1,9958494
5414624adf01c2e4,2,3,1,1,85280
5416b42beb1f3fe1,40,49,9,1,558003
5423bd00e005513e,2,4,2,1,103726
541987e2b255f3f3,229,279,50,1,5560730
5418904ba083b53f,530,725,195,1,9428199
544097a8269ae716,6,7,1,1,108298
54441ab288a45bb3,65,79,14,1,811983
54357ae8bf76df6f,543,731,188,1,13459493
5448e63317ac5253,41,51,10,1,853103
5447b4a95d06e41d,108,134,26,1,1533053
5444439d41349e5b,289,320,31,1,2468549
543e48e5e997f398,273,353,80,1,8037371
544c207c2c9895b0,190,198,8,1,1710478
5453a51c5db3bdab,130,169,39,1,3612634
5458d603fd27771b,88,125,37,1,2369245
546119b276647858,80,114,34,1,2410929
54670aa3791b6cb8,265,301,36,1,4175343
546ecc24de25e19b,36,48,12,1,1382624
54718e59a6205fdd,38,48,10,1,531852
547350928b29b93a,131,166,35,1,3658718
547688b344ac1445,202,211,9,1,1276732
5486d9f1580a5550,98,131,33,1,1943851
5488216b8a442210,462,567,105,1,5444565
5491b1a6c2d77d05,31,38,7,1,620165
549a52e36a4e9d77,786,1082,296,1,8108505
54a79d7f651002b2,600,772,172,1,7128640
54b4e430f9d01bd6,183,187,4,1,1204672
54b2ebf81abcfd99,274,305,31,1,2129492
54a9c2afc79e5fe2,283,337,54,1,3065295
54c2b81133bd68c3,191,197,6,1,1101738
54c82ad1375e6384,273,300,27,1,2475887
54ca15ff28a12c40,238,268,30,1,3831674
54cde0582ba3c76b,250,269,19,1,2984941
54d6523d0808d70e,9,11,2,1,165734
54e0bbbeeed1ba40,2,3,1,1,97482
54f29bfe7fb8728c,61,76,15,1,682784
54f85f04acc01327,188,198,10,1,1126551
54c103fc3eaa1f34,1085,1473,388,1,31693462
54fb2f44111ba639,128,183,55,1,3319457
54fe2a419e812a4d,25,31,6,1,377342
54a8508493266ab3,2353,3106,753,1,55435320
55159c2a03918bf2,3,4,1,1,103600
552737d694a418d5,195,222,27,1,2801908
5533dd70f5d51a3c,143,196,53,1,4962468
5522ac82f280eed3,807,1087,280,1,15516250
551e3198bc99e04e,643,894,251,1,18529624
553d2bb3929db9e5,3,3,0,0,61587
553d6f1c18ca6e6a,37,48,11,1,607003
555006630146b87a,29,40,11,1,553855
5524e45b2d238ae2,1914,2362,448,1,21138718
5549c469b8a10837,777,945,168,1,10430458
5537f7ee9a0c053a,1004,1384,380,1,23075163
55837b83303306df,202,212,10,1,2207031
556f405e45a1c3fb,209,232,23,1,4431430
557b5b1a3426fa0d,247,278,31,1,5599601
557ffbb7aea44a77,275,324,49,1,7908273
55825b1938da2184,307,340,33,1,7606978
556d6f095a99ef4f,342,394,52,1,9412530
559f51753c186d88,3,3,0,0,60697
556826969f5ef8b8,1037,1318,281,1,24235072
55932b8eb20c147b,679,882,203,1,8494579
55a1835fd55ef7b3,658,794,136,1,4941478
55aaea1dabd5b83e,687,906,219,1,12435943
55c9b32cba6311f6,26,33,7,1,765972
55cee4e853582293,119,132,13,1,881698
55b5d0079d753573,5,6,1,1,152969
55d0055f3cd85269,68,87,19,1,1198696
55c86d25a874e604,237,258,21,1,1654858
55ae2cfbb24d5a72,208,228,20,1,3421561
55b33cd7eb0c724e,206,264,58,1,4958032
55e1ae22c75942b9,283,347,64,1,6267465
55eccc1f8a2c9ba1,162,217,55,1,4721105
55eb19bb252a8ef4,1088,1388,300,1,15581250
5559f929603920b9,4193,5545,1352,1,101378715
5602a332d7a0e4c3,263,291,28,1,1988127
56243efbb23e0052,2,3,1,1,135310
5621ea5bec7c52e0,36,54,18,1,687008
560783aa37def954,115,126,11,1,1005763
561da064c6c8c193,93,128,35,1,1654427
56096ac63528b6ba,259,283,24,1,2156762
5613c205538445dc,317,437,120,1,5795520
5624bb659d7fc419,452,636,184,1,7226556
562f17183918b2a3,436,520,84,1,9346224
55a8857c43cd0a5b,3034,4000,966,1,72030922
56060e82394c1329,863,1167,304,1,18715680
564503913fb72ea3,320,383,63,1,8343438
563bf8f6f469b7df,703,903,200,1,17785912
56535f6ab1a56a8f,35,55,20,1,667654
5651ddf130b802b2,60,90,30,1,1745649
565b6f7657204929,319,411,92,1,4564023
565cc58142083247,488,599,111,1,5604603
560198c90ff965b1,2428,3337,909,1,61373447
56485bde4492eade,1936,2626,690,1,33848266
56616d063e39d73d,72,88,16,1,1045290
5689ed2ef0a1ce29,35,41,6,1,467364
5674b90733e03abd,212,227,15,1,2558290
5675a7f6d75d4ae8,264,300,36,1,3630984
5681d959a1db8e66,258,286,28,1,4074868
566fadb649a9a7d7,110,156,46,1,4876313
567c39abb28bc40e,298,354,56,1,6942817
5693c30f3a52f95c,161,179,18,1,3505461
5694a955f8a65d85,172,218,46,1,4027260
5665c9cfe1e3fb66,688,873,185,1,11984994
566565155bd46f7f,855,1118,263,1,16535139
56a1b55f9a23dd5d,100,119,19,1,2106489
56a079f236666bef,154,210,56,1,2655238
5662b6d987b9f50b,1156,1615,459,1,21225941
56a12dd37d24be34,722,924,202,1,8201334
56ce70f0bacb1872,3,6,3,1,77451
56d313c4525eb3a6,22,35,13,1,459860
56a73b78de34b007,1257,1646,389,1,23719515
56ee22ae1d06192c,223,236,13,1,1505971
56e6f71458345295,297,340,43,1,2786506
56fb7f6a79f3f9eb,36,49,13,1,595039
5700dba9fe31bd53,187,194,7,1,1062436
570ef74d3879f184,275,303,28,1,1254470
5709bccc79a403bf,531,688,157,1,11741248
570fa025785d823f,255,284,29,1,5981567
56df32106bd04a20,1817,2716,899,1,33589261
570f3e4a120a6264,565,735,170,1,14958307
5720663b581d2e9d,256,339,83,1,6975154
571fc384c2738f1a,515,643,128,1,8456349
5737e996cf066d15,3,3,0,0,104333
56f4c6b21c9d8eb6,2374,3175,801,1,46963013
57304f9e520db5f3,227,305,78,1,4772863
57270a946cd82fe9,334,399,65,1,4946293
5731747d8898864e,749,999,250,1,11122481
5657907eac174e85,5710,7609,1899,1,152837308
577b66a563b42caf,93,120,27,1,1471463
577b7eb1fb65b68c,94,128,34,1,1388167
574a8c06bd144f69,863,1251,388,1,24820556
578cd62fd3e17527,193,202,9,1,1187871
572424bb596c3f01,3328,4348,1020,1,69907716
579306ae3269eef4,182,188,6,1,1026253
57434163ba05dcfd,2301,2889,588,1,55909243
57bad204110eb06a,81,110,29,1,939560
578af3210f701b69,1593,2007,414,1,18470970
57be43c19779644d,129,164,35,1,1344418
57bb04a050153d18,161,204,43,1,3391273
57c7937aa76f76b0,15,17,2,1,230554
57c565a65a76359b,199,212,13,1,1223549
57d25c9234156065,89,128,39,1,1137914
57d9d34c2fd79d28,84,119,35,1,1933729
57e4d5a24917a2ea,214,281,67,1,5365102
57e5ebb5e1320004,355,421,66,1,4984234
57e6710170eead1b,349,416,67,1,6025156
57df5e8a9d82439b,832,1098,266,1,14175724
58155f4a7f130958,326,390,64,1,2357451
58209526e3cf9bd4,195,206,11,1,1030356
5821f424893f7656,201,214,13,1,1322932
58133177c27e9e72,845,1122,277,1,12266385
5837e2c25778e7bd,235,260,25,1,2324487
583651505adb63b8,305,367,62,1,2419384
583ab8768eb1a26c,318,379,61,1,3940574
583fe23b15affcd6,3,6,3,1,106408
58448f89aebfb945,28,31,3,1,491633
5849c1da105e85b6,210,219,9,1,931831
584d970dc77de482,47,56,9,1,637276
584d7197a53ff482,87,122,35,1,2055298
583ea27649da0c20,654,833,179,1,8792961
585978ddafe0dbae,98,128,30,1,1214796
586294674e8ec40b,3,6,3,1,106385
5867384bbdd25381,225,279,54,1,2907433
5859fbb45768a481,760,980,220,1,8861034
586d23b25bc23557,33,40,7,1,760251
586bc5fafe8ebfb4,1146,1640,494,1,19487279
587c266caf90a177,708,962,254,1,11191944
5899ec15a10e431b,44,62,18,1,790275
589ae1c298cf354d,203,215,12,1,1284840
589ed3836169ffaa,248,330,82,1,2618871
5897e0199d80b1f3,268,325,57,1,5105755
58a6253605458157,434,632,198,1,6884608
588471943719a1bb,1859,2555,696,1,25883544
5886d6f62479905e,1995,2535,540,1,28897365
58ccb28db76d5e48,39,49,10,1,873432
58be60f1069ed573,191,196,5,1,2860733
58ce2b4d66baf803,252,283,31,1,3178834
58bb73fe53b03e72,98,125,27,1,4114968
58e11a3236247138,203,268,65,1,6054960
58c3ccc60f37d776,383,471,88,1,7356830
58fb85fa28e06017,88,119,31,1,1535750
58c399c5029c316a,1475,1911,436,1,28938528
591e0357c9ab216d,2,3,1,1,141907
59264df1f417b2eb,174,240,66,1,2633878
5918234d368c9de9,139,184,45,1,2889627
5927e7653de6d49f,202,214,12,1,2347886
59269f2511127cbd,101,128,27,1,2846731
590c65eaa6635c0c,227,306,79,1,3858493
590cc4d80d2d148b,371,439,68,1,4378542
59191b6743054a98,391,439,48,1,5242353
590f163082368d6b,904,1115,211,1,9092567
590b19abba33aa15,826,1080,254,1,10331334
595b4b0a657caf9c,17,24,7,1,382291
593ef1094a14ef7b,1101,1387,286,1,13049541
5954ca20b6a22a72,554,687,133,1,14233662
5900282d09543b42,3307,4225,918,1,56514875
589dd6e89fffd860,5913,7937,2024,1,116367093
5963404590d9fa87,817,1074,257,1,30248666
5969c0b2daa18483,439,549,110,1,5068765
59721f6ebdc6596d,41,49,8,1,600929
59bb543de504e70c,26,32,6,1,517038
59abd6c0ef7e9c4d,15,22,7,1,627033
5985b361e7dd1ac9,55,75,20,1,911726
5999526e51371237,63,79,16,1,1436429
59bdf90b2e1a354f,184,199,15,1,1101570
59c49fe8ac246fa7,193,206,13,1,856417
5972b0de4fd46b0e,81,105,24,1,1794712
59626da7a15064e1,3012,3973,961,1,71551192
59ac9af1a97902d2,92,119,27,1,1954780
59abb5cfd443abd0,417,543,126,1,8284567
597ee7998e3fdcbc,608,813,205,1,8878812
597819cb717eb4e0,672,967,295,1,13278496
59fa563b911f199b,6,7,1,1,179764
5a07abf5288484f4,14,16,2,1,247779
59dd294931dbeb5c,98,133,35,1,1121155
59f64d9d70451402,157,222,65,1,2848957
5a0aae666c3442bc,261,288,27,1,2375772
5a1f8428dea56355,66,93,27,1,1119931
59d0054598074ee8,287,349,62,1,3659819
59f830e4473863ae,269,290,21,1,3760164
5a06f03d36230d79,250,372,122,1,6080479
5a0241431499a59d,484,650,166,1,13707401
5a0c690761a5416c,1128,1610,482,1,19795513
5a39ca407d3cf67b,3,3,0,0,122525
5a37520ebeb280db,238,348,110,1,3484650
5a4043c3900978b3,12,16,4,1,343620
5a43a6f922590ed1,32,47,15,1,580272
5a37225fa0856e01,505,619,114,1,7672323
5a532db8e9bee379,298,341,43,1,4700795
5a55ba33ae02aa74,240,305,65,1,5739433
5a3ec4ab59161d83,1347,1798,451,1,23367335
5a26a4ba0dad87e6,2084,2584,500,1,28850631
5a6d03138ff26376,73,76,3,1,763374
5a77a584bb72bbb4,91,129,38,1,1974096
5a81af8363d336f5,288,313,25,1,2837050
5a72843d9292083d,1488,1759,271,1,11859841
5a8e1ef8e81452de,31,39,8,1,437535
5a9e14074464db8a,217,283,66,1,2985294
5aaff657965e6cef,28,44,16,1,605265
5aa1f23083e4fae1,255,283,28,1,2881973
5ab8d8eee7b60339,3,3,0,0,66141
5aafb4fb80f5f827,123,172,49,1,2669920
5ab62a6ba1c32f43,207,224,17,1,1532985
59611942039ef91b,12305,15252,2947,1,130986522
5aa08a63b9760c7a,625,869,244,1,9640166
5ab7aace2eeda3e2,322,396,74,1,5533793
5a64178d2781003d,2255,2867,612,1,46386981
5a9f91e2dbe263a4,840,1172,332,1,19107984
5a8b749ccf8845e2,1216,1749,533,1,26584247
59ba13ecfce6bb19,4939,6452,1513,1,127824067
5ac0c61fde6ac7cf,1092,1565,473,1,15144165
5acca4e93fece1da,13,22,9,1,213920
5add30a02e5234f2,37,51,14,1,420703
5ae0b87f6926fdb2,98,129,31,1,1649392
5aeaed29031708b7,366,415,49,1,2860071
5af0bd51f40290ad,362,414,52,1,3464619
5af0e9a88ad95c31,435,534,99,1,4749974
5b0ec2645865c6db,478,576,98,1,6946605
5b225309baf77796,438,543,105,1,5888286
5b2b86cdce5b791d,257,277,20,1,2790304
5b25c85d0d0e8d17,555,682,127,1,7718007
5b312f19e4b2df12,12,20,8,1,347251
5b545c9021b848ef,36,49,13,1,525014
5b53f144d4dfc886,240,283,43,1,3272873
5b5a76540506a660,93,132,39,1,1865933
5b5d48752cf9727e,89,113,24,1,1599524
5b6542910f205bb4,315,373,58,1,3942932
5abe0cbda0a82705,3883,5067,1184,1,88696668
5b7e5ea5744206a1,7,13,6,1,456954
5b890a7ca5018a7a,101,150,49,1,2219609
5b6a883e508b6204,91,121,30,1,2908459
5b8757c7459ee8ec,197,246,49,1,3243249
5baa2ea86470b82c,9,14,5,1,423899
5b9f2aa48e28f96b,299,336,37,1,3497659
5b9ef512dff86a05,424,525,101,1,6408223
5bb03b5b308993b3,158,220,62,1,4289465
5baf1ef754ac0fed,237,303,66,1,5494523
5bc56dc524da13eb,27,35,8,1,403579
5bcc36c05f4a4509,215,225,10,1,1683624
5bc914512d6ccc57,195,206,11,1,1685389
5bcb50d2e75adc0c,65,92,27,1,2150141
5bdabeaf411b9ef8,111,159,48,1,3176612
5be0ed6626525acc,80,115,35,1,1644516
5c05190f84d82c0a,206,252,46,1,2335709
5c11886f1f1bec6f,17,25,8,1,316201
5c09f38d664b6382,197,207,10,1,2475230
5c066ccc11d49df7,283,345,62,1,5516492
5c121fd0bd97950a,86,121,35,1,1712928
5c142a439e0324ae,98,144,46,1,1683941
5c1a11899bd63b04,351,420,69,1,3359838
5c20f79c34686229,333,399,66,1,2182209
5c2a9d5af5a4a577,11,14,3,1,211222
5c2a181e66ca0331,36,48,12,1,467654
5b5feb8d7171ee18,3896,5211,1315,1,111520126
5c2d902d75987fe4,188,194,6,1,1528185
5c2ff41561f0b417,209,228,19,1,3197323
5c261cd34f237c6a,814,848,34,1,13361642
5c4d9dce9ce6630f,24,35,11,1,489050
5c5ccb247ea462be,103,160,57,1,1950155
5c60a8654d562261,63,79,16,1,1434908
5c56d5d95d457ec5,469,530,61,1,4917188
5c59898c5952c606,272,329,57,1,5739573
5c6a7877363936d5,94,122,28,1,1549896
5c6f1714d17edc8b,94,119,25,1,1558871
5c71e0aab43d7562,227,243,16,1,2077134
5c7123ae3bb153bd,506,707,201,1,8215501
5c832d0ab792baec,309,354,45,1,4323655
5c82f39cce122d60,1077,1362,285,1,27210237
5c9e17d49b3f2fa1,808,1083,275,1,14138424
5ca8cfdc40450ee5,436,623,187,1,5850293
5cac3cf3ac15362a,300,361,61,1,5750319
5ccd908b1b24a775,26,38,12,1,872479
5ccaf453c058a45a,466,642,176,1,11961639
5cda266b7b892a06,264,296,32,1,4552328
5cdf7794f01fa571,288,329,41,1,4195624
5cc51e6bda5bdd30,763,949,186,1,19224487
5cce19db8dee2142,1043,1272,229,1,12665097
5d0ba2ab705b9c23,277,313,36,1,2977149
5d126ba92c05f056,265,303,38,1,2572082
5d14a82c0132aaf9,225,283,58,1,3657333
5d14859d91591cd3,1061,1244,183,1,13514370
5d211cd36416a3f8,486,583,97,1,5059227
5d3230cd9007b0a3,25,35,10,1,801689
5d299c77113057a7,88,130,42,1,3347783
5d46d6ed6686bebd,282,319,37,1,4097400
5d4560e6c91f0046,246,331,85,1,6566595
5d1837da14ba19ce,1530,1906,376,1,27500687
5d2556c40d5355c9,651,933,282,1,9767685
5d4a7bcc9e082638,198,208,10,1,2326168
5d4850d3ef684614,792,1128,336,1,14611596
5d6858db1614dbce,306,398,92,1,9475248
5d7959b363408753,214,227,13,1,2468726
5d7bc01a6c06b146,433,513,80,1,3452829
5d903a48cf0bbb5c,41,49,8,1,481563
5d748fca3355b454,717,977,260,1,13802291
5d20279f404e3fa9,3016,3791,775,1,56405463
5d9c085c2725550e,90,116,26,1,1442645
5d99ded9570fb028,96,138,42,1,1748127
5da6e9151dac4e67,209,214,5,1,2488229
5da39254358f8e29,230,259,29,1,2779312
5da6b5f438163115,241,263,22,1,2941211
5d9fe3f7eee5af0e,233,299,66,1,5918863
5dc14952515573d3,26,35,9,1,423571
5db8b47de37cc99c,255,282,27,1,3713494
5dc84b7b8c7daec5,46,62,16,1,1680282
5dcc050ce0aaa9d5,91,117,26,1,1281360
5dc58ee7401c09ac,329,385,56,1,6515551
5dd223a2d2c66c7a,199,214,15,1,2186452
5d9545e508a28f0d,1665,2572,907,1,30613298
5dc7c30b0eb28c97,477,661,184,1,8358228
5dde22f272aea58e,138,153,15,1,1437277
5de3e15bcb8c75a6,136,147,11,1,1061054
5de702c62f739bd4,218,306,88,1,1689218
5df5c04bb5c39170,136,204,68,1,1379199
5e0bee7e2b890bc9,252,284,32,1,2387528
5e262aa85e330bc3,46,54,8,1,563707
5e1e9dbb3d553987,246,359,113,1,4987406
5e28cc64b071d4b1,38,49,11,1,605665
5e164d598f40cbe4,540,731,191,1,10027823
5e2747d650330b5c,80,114,34,1,1474123
5e3df60565803f86,100,134,34,1,2357212
5e3b2f54e6092a34,320,348,28,1,4871789
5e4e7fad71ec0047,42,51,9,1,598603
5e45dd185fc7f9d1,213,300,87,1,3722775
5e5541d5608272a5,10,13,3,1,166952
5e5818018c05b612,17,24,7,1,216178
5e5e1ce10d56ae59,130,175,45,1,1362731
5e6746a066506897,257,284,27,1,2533882
5e6a34148300b51c,30,32,2,1,392359
5e72773d42b2cfc4,23,33,10,1,383497
5e73437531b63da5,64,93,29,1,1371465
5e6015ad792ca71f,1124,1420,296,1,16210447
5e70d0ed3793a898,151,191,40,1,3620854
5e6cb2caf657da86,719,899,180,1,5763806
5e7ca64b6686a1ab,103,140,37,1,1826259
5e9435628ed0bedf,201,214,13,1,1569756
5e8a5b804735ad97,443,546,103,1,6025342
5e9ce8b84401a8fc,24,35,11,1,787741
5e9b724ea51e56ca,154,200,46,1,3942366
5ea73b424487fbad,187,200,13,1,1344523
5e9eab095d01a71d,1132,1625,493,1,23000438
5ec83542290cb5b2,65,93,28,1,1006343
5ed5c0138887b9e8,77,97,20,1,1135192
5ed4ffe5b225dcb2,67,92,25,1,1365184
5ebf46db00c7b527,1125,1569,444,1,21018746
5ed7a0f6e8d9b0df,3,3,0,0,458106
5ed924f55aaf2131,192,201,9,1,3449249
5eecf69f80002975,66,79,13,1,2057288
5edd380b0a6a9b8c,700,962,262,1,15569436
5ef970cc6f081ae3,287,330,43,1,2643564
5efa9be2a5573820,276,364,88,1,4581611
5ef6f7462855138b,1232,1730,498,1,26183430
5f2dbda8057fbbd6,201,215,14,1,1493128
5f15b79e38dc927b,451,579,128,1,9145818
5f392f40ffc89f81,118,123,5,1,916162
5f412edc98d943b2,25,29,4,1,590374
5f3bf01cd2785e3b,190,222,32,1,2014911
5f3e79abc74b93b2,206,224,18,1,1730657
5effc58b01586b0c,1935,2620,685,1,39347365
5f3de80c63e40df6,351,439,88,1,4545921
5f2568a5adaff9d5,773,1087,314,1,21184543
5f424843de769ed3,303,338,35,1,8343601
5f46562828ce1b2b,81,109,28,1,2313053
5f0e88f7dc4ec2a0,1387,1890,503,1,38151778
5ed21dea596b0da8,3944,5038,1094,1,71778346
5ee55a0a524f0f8f,2855,3686,831,1,64539696
5f575f6bd7b64fb0,342,405,63,1,3481067
5f431a9944e3d85c,811,1020,209,1,12500389
5f2e7f35eed71f99,1179,1650,471,1,29437126
5f6b52f1bfbbf8cb,7,11,4,1,133459
5f591ee56c9de0f3,335,399,64,1,5116507
5f665f8725c2546e,96,125,29,1,2505586
5f70f4a3b75acbee,90,121,31,1,4006103
5f75cfa12e41018f,63,80,17,1,1408787
5f73721e6bb67dba,108,153,45,1,3714966
5f4c4a7ebb600ee3,979,1414,435,1,18094915
5f7f9cd2c5b1be88,10,14,4,1,228977
5f7bcd57431f160f,84,115,31,1,1805902
5f7ae6ba70529507,310,364,54,1,4171883
5f8523b269147704,328,400,72,1,3957676
5f935406376bf5f4,99,143,44,1,1418392
5f8e6ec7ed7ab720,337,399,62,1,3923646
5f8b825f1d5696bd,493,663,170,1,9504297
5fb159ef4c261702,311,358,47,1,4948038
5fabbf4cf5409647,178,251,73,1,6163130
5fb34dfcb92d4bc9,185,188,3,1,6683807
5fa80349d3446897,240,322,82,1,8259902
5fb88daf7f52bd5a,47,69,22,1,1459752
5fad265549c6c01a,700,892,192,1,18147311
5fa4c8e5658851de,1007,1261,254,1,20056127
5fba30259236d401,965,1212,247,1,11397263
5f895713aef992d7,1448,1983,535,1,39690765
5fc7e58177eb7352,26,35,9,1,345999
5fc334f5e1aca010,28,35,7,1,363945
5fb55f5773ec2c9a,1115,1602,487,1,19301100
5fe22cb5ffcc8959,19,27,8,1,257419
5fca75e152a9e241,101,136,35,1,1242443
5fe74b51a6b36bd7,48,65,17,1,539987
5ff4366070637ac8,3,3,0,0,62845
5feae4111e76edd0,521,652,131,1,5043002
5ff3675ce1e8cace,257,283,26,1,3863984
5feec76993966f5a,652,793,141,1,14712276
5fc7e2df0f0bbeaf,1741,2318,577,1,44101018
5fb61c33cbcc10e4,3266,4335,1069,1,80444835
603c423f5dd77eda,10,14,4,1,267614
603f9fbfe24ee5ef,80,112,32,1,1031625
6025dc1801f8a4fb,417,530,113,1,5275048
60024b8f3a9de886,247,323,76,1,7277786
603a6a22467785af,501,623,122,1,9279514
60103e81c133007d,767,985,218,1,18082539
6064b2e436230cdc,18,27,9,1,349823
60655a13413d83cf,245,271,26,1,3747832
60647ca6b7a17fa3,257,291,34,1,4601480
60625a50068e1b81,333,399,66,1,8911984
605e66b7c1585b23,1281,1708,427,1,22974621
6084fbb0dc9a59ac,67,95,28,1,1055647
6093d3541b81e594,351,394,43,1,7043829
609abffb54a0164e,105,160,55,1,1966904
609dc8af0c9534bd,326,388,62,1,2225659
60b1d5dc84daac6d,90,122,32,1,932263
6098a3beacc8d34a,630,861,231,1,9193785
606559c0f5910a4c,2374,3140,766,1,49247935
607d0cc1ecf00f1a,1634,2213,579,1,36815647
60ba6488408cfe07,266,301,35,1,5032190
60d3445fc5895b45,16,21,5,1,563813
60bd14b758aff907,357,506,149,1,8058883
604f6b7ab8b9b101,3401,4520,1119,1,84031640
60c38766d5fc28c0,432,521,89,1,8173954
60944ce495f6c051,1953,2563,610,1,37827160
60c4393671fbd3df,594,809,215,1,14114689
60e2bac5fee3eb41,3,6,3,1,98950
60dcbdef0c688ca5,427,487,60,1,3848914
60faacf1f5be0ec4,5,7,2,1,105715
61083c64451b86eb,92,130,38,1,1514290
60f77e796cb653e9,396,487,91,1,5840651
60e188e4ba056d47,1086,1398,312,1,21774162
610d3dda12017a33,102,136,34,1,2154691
6111ca007dc41486,63,80,17,1,791341
611485cdbd4aef71,155,227,72,1,2820206
60ee69de73e4d584,1707,2202,495,1,25017984
612c3b9c6915ece7,94,125,31,1,1429511
61181d2f1400acf1,184,234,50,1,2926517
6131211ce927cf10,290,328,38,1,2646791
6130331653749303,272,315,43,1,2918368
6139d6450e9290fe,464,665,201,1,6449020
61469ef526baa5d5,298,372,74,1,3816917
61546b62acf6988d,354,438,84,1,4045480
6168072ed83cd08e,332,399,67,1,3235057
6163a4059379372e,334,472,138,1,9178810
61763fe0272089be,3,3,0,0,110874
616f719ae72e24f4,47,57,10,1,463091
61817b3e36169c7b,13,18,5,1,352269
6112774adafb184d,3162,4105,943,1,64802250
6179cbdbce7200dc,565,705,140,1,6439215
5ff0908eb75ac49d,11148,13562,2414,1,259303987
618dc50a8fdefa3d,97,134,37,1,1166905
6197b635b9ac9c02,54,90,36,1,870376
615a85dcbacb92b4,1432,2063,631,1,30038912
616ba17ce5ca5f0e,1015,1302,287,1,19596954
61945c2c8efc1304,626,790,164,1,10320153
61b667d123747202,18,31,13,1,205131
61b12852e5f97455,103,128,25,1,1509446
61b25ee702bc952f,258,291,33,1,2141949
61d2b1585cc8c3fb,55,76,21,1,1029393
61c9a04a878ea992,208,228,20,1,3214160
61c641fa709fda48,1107,1590,483,1,29731610
61fef2f9c7641043,27,35,8,1,466100
61fd428dd3dd9cc1,139,175,36,1,3980745
619ee4b3591a1ca5,3490,4801,1311,1,84861101
620dafb34d3edf60,273,322,49,1,1770581
621a7b0b522a0d9d,40,56,16,1,1060880
6214991c9a2a5bb0,534,647,113,1,3207307
62198760a33b8f43,154,209,55,1,2285898
61bf5de012551614,4340,4981,641,1,63490925
6227dc41435f1084,269,299,30,1,2011870
623172f1c073c3f3,94,127,33,1,1373749
620a64657f1358b4,1468,2026,558,1,27495645
623cbe36247b0e22,100,124,24,1,1555480
62418671e67d3cb0,318,388,70,1,5502445
624f455241bf503b,103,140,37,1,1396197
625fa90314d4dcb8,83,111,28,1,1233911
6269171bac7a77a0,26,31,5,1,427811
626fdbc6f73c3c21,193,199,6,1,1294408
6270b7f55544ca2e,98,134,36,1,1654992
6239243cbbcd3d6d,1554,2033,479,1,33611992
627f57f8291cdb25,41,50,9,1,529881
6279dcc1c2787c51,262,302,40,1,3652120
6281de8fd9796e3d,134,179,45,1,3820013
627bf067da135b0a,257,290,33,1,4163159
628c2d6335327249,300,329,29,1,2323565
6275dab0f2438331,397,535,138,1,9641918
627cd701add65b21,550,763,213,1,9921661
627af1da2149ed06,694,842,148,1,12221015
628eff3270b807a1,102,138,36,1,3298089
62942dcf15002156,94,120,26,1,4636564
629ccaf23a8e1ee6,455,552,97,1,5928968
62aa2861c2d83d90,10,16,6,1,249134
62a5b1dac1156d6c,71,113,42,1,908873
628cad7db969aedf,707,952,245,1,21055938
62b19056e3753a24,93,124,31,1,1557522
62b3814a0402c1d7,321,382,61,1,3175360
62a4e124cbb7301c,739,975,236,1,11408090
6275367ee98ec38f,1909,2376,467,1,45764599
62a4b35930011dc4,885,1150,265,1,21487160
62a6c30e45a44b01,1175,1625,450,1,17558859
62b3193b315ebf13,618,838,220,1,11626880
62df38cd1c3c97f4,102,153,51,1,1456533
62f338433cc511e4,42,49,7,1,962239
62f0aa3e65e7eba6,207,224,17,1,1755016
6303e646bcd908eb,102,136,34,1,2385708
6306415a48571b41,250,285,35,1,2777472
62e40b1ed399c2d5,1270,1745,475,1,23406976
62f7e355d7118543,637,809,172,1,10182428
630603ac4d89b835,595,736,141,1,9925412
631d3bf4cf61e0a7,6,6,0,0,132533
6314f5e693557285,23,32,9,1,691336
6312c37a9fdcb366,94,130,36,1,2730141
63227d026b56390b,76,103,27,1,2176960
63126012c084fb6c,886,1230,344,1,10416794
630f45ebdfbf3c95,960,1225,265,1,12241820
6327611e6575e6a8,307,364,57,1,4740329
6329181e6466a300,233,293,60,1,6391521
630e3cb6388a5b37,841,1188,347,1,18795924
6337d375bd513973,99,124,25,1,2279104
633b0148c9958d51,323,390,67,1,4398565
632d4158a807eb32,711,902,191,1,17921267
6342eef7eec56c0f,40,49,9,1,345805
6355e8f23d8dcb35,4,7,3,1,116277
62afa4781d96e91c,4564,6039,1475,1,95267159
63518a6988bd7bb7,266,298,32,1,2200872
634574733bba188f,360,410,50,1,3168761
634a53a5ca62590e,258,343,85,1,5433392
634965cf7d739b96,535,746,211,1,7411504
635ec790c553b9c0,345,405,60,1,2762187
636b3adda2737fa7,2,3,1,1,46662
6368f08128ac4df7,226,239,13,1,1011431
63057b3e92c860f5,2180,2884,704,1,57072760
635accad2d0125ec,516,641,125,1,8769415
634b50a11c2e6e22,1317,1677,360,1,20611535
637357d52deea193,42,49,7,1,557062
6374c94438d3f0a7,164,180,16,1,2582764
637c4fc350f8859d,30,40,10,1,818724
637797d86c1cdc3c,250,281,31,1,1355885
6384e34e998fe7a2,170,189,19,1,2352082
638ae469a0978793,96,120,24,1,1000946
637f731d5afe4cf4,409,536,127,1,14302859
639b341f75e6d7d1,280,378,98,1,3171024
639deab22a2465a6,254,310,56,1,4566356
63863e0e4f763cc4,801,1037,236,1,19030406
63386edf6999c92e,2742,3696,954,1,63884097
63b454147fb423d9,95,132,37,1,1377999
63b79c4df702b6f3,265,292,27,1,2380315
63af0b6aed631fba,867,1117,250,1,17096928
63c333d085a86c01,106,134,28,1,1611260
63c4184756e8bb74,109,157,48,1,2047790
63c84fe5e7487830,9,13,4,1,176912
63d1c3ea817c0c02,74,99,25,1,1928940
63cbc0429a4de5ff,237,291,54,1,3282407
63d243d4c8d410a7,274,323,49,1,6485149
63dfd93a44c21498,24,34,10,1,692828
63df614f7d108d2b,104,154,50,1,2303779
63c509eba443b54a,675,891,216,1,18157381
640ccb64f4f998e7,264,289,25,1,2324366
63e6f742c861b3c6,2116,2795,679,1,38248327
64290e8ebf2646ab,53,70,17,1,411013
643a35751c936530,411,496,85,1,5848525
644ef1da7dca29ec,138,203,65,1,4082498
6451092e0e4e4606,105,153,48,1,3835980
644b998c1a417a02,287,352,65,1,6573104
6454d8cdae706743,61,79,18,1,2028831
6459b2cf881cdddd,202,214,12,1,2093226
645a804c4f845836,83,113,30,1,2589742
640adf8ca4d1a48d,3431,4723,1292,1,93341681
6432bfb89e2890f6,2873,3823,950,1,72628167
646ed0ef2b6b9f38,187,194,7,1,1357238
649da244ab71bb62,9,12,3,1,163866
649b21a3b9cb214a,98,127,29,1,1502270
64d9815ce48df2ae,31,38,7,1,344442
64d62cec8df3bd46,264,300,36,1,3968759
64bbdf1570e517a0,355,436,81,1,5253799
64d5829c38e7a585,533,729,196,1,6915876
64c7c4e43dc3de68,452,633,181,1,7836015
64e999bce8a047c3,665,826,161,1,8150237
64ec5db476a5c465,589,802,213,1,10409768
6489942b0140b335,503,635,132,1,16318417
64efbeaee655de45,630,883,253,1,13839486
64c599968045e0c6,2034,2639,605,1,57704157
6499781fa80a0356,4176,5435,1259,1,103989789
651e5668b30f5f4e,118,123,5,1,879557
652e908c5faab99d,69,79,10,1,983382
652939e81da335b9,85,135,50,1,1728536
652388f3a7025315,112,153,41,1,1775415
6510d9ca3c654e7a,268,304,36,1,2479904
65411aba6cfbf199,116,123,7,1,873826
6537bcc69679897f,242,271,29,1,2180834
6573248f5047938e,20,24,4,1,262769
650689a98599b05b,145,201,56,1,4470698
653b4b5022cfc31c,245,292,47,1,2481276
654aabbd99d17ae5,159,197,38,1,2641007
6579df2a995f9631,206,228,22,1,1280816
6588dc7113bba125,39,49,10,1,574047
65800e6e7095d51b,75,76,1,1,1004604
65681065ee005732,320,382,62,1,4459354
657c3a2d6706e230,105,134,29,1,3198183
659e04d675046894,236,255,19,1,2330872
65a1cebc67c8b852,145,211,66,1,4137837
65a1527b4a2881a7,299,379,80,1,4641554
65722bff2e1ed321,799,1044,245,1,13617770
65adc34eff268f7e,325,443,118,1,6099682
6536ea0ad832c504,1200,1493,293,1,18922668
65b904276667cf8a,286,331,45,1,2888642
65978b51f9738f08,1141,1408,267,1,23376855
65ae6ab02d7e90f7,938,1258,320,1,22051803
65682dea4343e325,1810,2353,543,1,34380200
65da45858173aaa3,168,210,42,1,3133747
65ddcda2db0267e2,220,279,59,1,3062590
650495495a562e1b,1769,2296,527,1,45687982
65d10329584664fc,947,1376,429,1,14764766
65f60e7a337e6205,200,214,14,1,1332758
65f52df883fc2b85,220,277,57,1,2788546
6586e13e682f9d1b,3013,4203,1190,1,55764440
652bf59f8db74cae,5041,6332,1291,1,77934074
6479a79ffcf29380,11673,13856,2183,1,197186905
6627254d508117a9,117,123,6,1,903343
66491af3cf18c6d7,38,49,11,1,500099
663cdc5ca0b2f2ae,93,120,27,1,1394903
6648d7ec70d448fc,65,100,35,1,1126060
6657e100d933fb37,217,303,86,1,5128526
663837cc493c410e,459,624,165,1,7390528
6681b53617d2eba0,28,31,3,1,334177
6680abba4c0595b5,218,232,14,1,2523440
66762e3f2141ad17,273,304,31,1,3854877
668252d8e87eaef3,400,467,67,1,8187003
6671343723325b64,291,411,120,1,12796460
668c81533ced6b03,897,1254,357,1,18864482
66bf31aedf08e52c,2,3,1,1,49322
66b7d443368c6e5a,277,320,43,1,2539601
66bddfe4d01e77b1,118,123,5,1,760762
66ba6e7884e1b334,152,167,15,1,1152333
66811e1d206b0be7,1150,1610,460,1,20333896
6605d0808a5e70cc,4455,5793,1338,1,69355603
66c099d9afca7847,330,452,122,1,2753513
66c83df25b3efb60,6,7,1,1,56280
66c0600297e7966a,255,288,33,1,3699575
66c346dff3ba3da8,232,329,97,1,1917649
66ba5dd923cb9426,423,481,58,1,7487639
66d7a5a10305f145,38,49,11,1,1082933
66d63431b3e560af,130,186,56,1,3080179
66e25e3641224ecc,13,16,3,1,235602
66eba94b21b27ed0,116,148,32,1,1814288
66d6ef64cdb2f0c6,763,1002,239,1,8787710
66f6d73a0a66628a,25,35,10,1,207754
665e757e1cb0331a,3481,4804,1323,1,58140389
66f8c393d27a79e6,198,209,11,1,1534563
66ffd90297cb7f60,30,44,14,1,454639
670111f8729f7d42,103,136,33,1,1457810
66fc0f5b04365605,435,611,176,1,6942447
662375b62c3f0a8f,4937,6535,1598,1,111912195
6717a2e2a08ab532,93,127,34,1,1687165
6711a80b6172c704,316,352,36,1,2862645
671dd7f75ee82a19,203,214,11,1,2362133
6726c8f283fce1ee,316,398,82,1,3191059
673319a593703d07,98,133,35,1,1737219
67115f16840db978,869,1150,281,1,14014236
64e79e4254a0ad38,10749,14596,3847,1,267667806
6728195532b163ff,1436,1804,368,1,17862611
66fe364259a336fe,1800,2422,622,1,38979598
64547f6fdb9aac6d,13899,18613,4714,1,417750359
6743cb55a52863eb,91,130,39,1,986217
674fa8b7f18bba83,262,283,21,1,1112174
674a5e01d5599f3c,136,200,64,1,1851014
673f3d1eef7dbe1c,412,591,179,1,7437818
6760a27a9cf8d844,17,26,9,1,275820
675c0d2773ba1559,257,283,26,1,1946631
67680c75a013100f,322,391,69,1,3277160
675354684f530dee,330,398,68,1,4020671
674dbbbba82f09a4,1142,1560,418,1,29200745
67acb75cfddbc7b7,220,253,33,1,4345543
6793f44d9c0b9b6a,499,631,132,1,8929250
67b28c1c85e48a5e,107,136,29,1,2212881
6799c700fc660d37,770,927,157,1,12253428
67bf1dcdef8f8aef,41,49,8,1,523814
67b2e89a528b918c,371,451,80,1,7250569
67d263626503aa17,60,87,27,1,3428180
6746e79ffb4d039d,3312,4284,972,1,75051764
673caddec570fda0,4828,6009,1181,1,82367064
67ce7e47e8e78b70,441,619,178,1,8331810
67cc711d62cac6d1,520,663,143,1,10274961
67c047470b16eac4,1179,1652,473,1,19581735
67e55ec4445f6f89,812,1132,320,1,8745427
67ef0b0c3b533bed,329,437,108,1,4531634
67f4d2a5d65faaf6,175,258,83,1,1598942
67f89747c889cd84,582,801,219,1,8227521
678885ee4fe8880c,3936,5110,1174,1,77000711
67fe8a13fe01ee0e,445,529,84,1,4099791
680644ea0206b7a5,104,146,42,1,1441847
684004ec9d9ea839,42,51,9,1,1240743
6813a0ec56b059bf,223,247,24,1,3632941
68159b1292384c7f,331,395,64,1,4600963
6833966b97375980,295,348,53,1,6342038
681f28dc13f5eeab,389,489,100,1,8872017
684e07c2e6708a05,7,8,1,1,230065
682883e2269299b0,1051,1397,346,1,20428561
681fdccfc37aff4b,1099,1348,249,1,24808484
686400451e77b01b,197,206,9,1,1474240
68719417cca63ecd,315,355,40,1,2937820
687c811a5a306076,90,131,41,1,2051939
6876e9795730dacd,475,679,204,1,11493034
689f117cb0dc70b2,191,197,6,1,2266543
6886442873ac9f8c,285,311,26,1,3551886
68aa30cb6dfd5d21,2,4,2,1,106049
687fc6b8d9469950,299,379,80,1,4839276
68ac792f1bfa7818,25,33,8,1,429578
68a99dff754cdd78,35,48,13,1,772482
68a4098f7cb6aeb5,431,497,66,1,6899697
68a5776c6ce32f13,599,767,168,1,12942916
68c4a194e232f0eb,834,1030,196,1,11641879
68cca2911883727b,593,788,195,1,9600365
68e9186fdc034bd0,280,329,49,1,3519047
68f73a8d15f6e85c,39,48,9,1,464513
68db00b45c16e2c3,514,691,177,1,8777630
687b1da635479098,2621,3404,783,1,49209070
67fadbfa300b82fe,6617,8624,2007,1,149183209
69188528cd98c26e,34,48,14,1,609037
69171c1d505cc2ec,189,272,83,1,1681570
691c10ab9fb347da,196,207,11,1,1427653
691cc9910e7db936,476,558,82,1,10197089
6923d6f93f5e2e1a,5,7,2,1,214234
6931bca79427e6c7,154,167,13,1,768809
695beafc7d913161,6,6,0,0,32146
691cbcbca3a535e6,1209,1714,505,1,22389132
6937c1e374c18a5e,239,261,22,1,1904242
6944d6fb89153a8d,268,302,34,1,2398992
692971f432350c8c,270,311,41,1,5041869
6950cf747211873e,185,264,79,1,5017335
695e1428288fdd03,858,1130,272,1,7843246
6920b6d85ac9aba2,789,1077,288,1,15463693
69916a31950244d5,777,1011,234,1,12522429
692b80ab97717298,1536,1916,380,1,31875261
691883214f0245ec,2614,3368,754,1,57634973
69a277aaee416b4e,259,283,24,1,4742260
69a7ba74698608ac,529,739,210,1,11161760
690f23a091651e29,3668,5056,1388,1,79925106
698cd77f3b71e9bc,3554,4793,1239,1,68366760
6915b77bdb5441b9,8941,11763,2822,1,146913092
68f9487e809b9119,11246,14920,3674,1,260824533
69b90efcf239841b,3,3,0,0,114849
69b8d16a6ce4de61,101,134,33,1,1444298
69d4962298ab6c45,190,199,9,1,1376226
69d15f6b2e5edb05,252,277,25,1,4132824
69e0aebcd0c998ce,183,188,5,1,3135810
69ea2b47eb99b916,335,403,68,1,5021784
69d6d71b389face4,120,156,36,1,7110167
69d8f638b649c6ba,260,299,39,1,5475684
69f96d2b376840bf,78,119,41,1,5274299
69c66221e32ce87b,279,312,33,1,10711548
69bb3413eb6e117c,159,196,37,1,11507727
6a2172761d97cc96,110,158,48,1,3675249
6a23108ac7bc02f8,64,86,22,1,2932639
69a9d7d32e027319,222,272,50,1,6048733
6a35c27b330d4ba1,222,311,89,1,4093974
6a0248009976a817,399,529,130,1,10630466
6a4549809e0e4cc1,64,86,22,1,1003894
6a3c1af65ca61ed8,332,393,61,1,3767059
6a541c927decb7a3,196,255,59,1,2129563
6a3664d58a24986f,679,836,157,1,9047563
6a2b7680f41fe63a,357,430,73,1,10411292
6a6e6628942ebef0,95,134,39,1,1661536
6a716867a07680d9,91,107,16,1,1488102
6a6ec080a8005e18,249,283,34,1,2127930
6a595d7b73ef261c,364,488,124,1,5626413
6a9305ea9b96c3c4,256,291,35,1,1906614
6a9f40f70b5a59b3,194,203,9,1,1129195
6a9d6294fb7dd6d0,139,194,55,1,2081062
69b4f4018ab45f6b,1052,1458,406,1,31337862
6a7ca8f9e438e952,438,531,93,1,7212591
6abafd6a9bd5e499,6,6,0,0,76293
6ac437c7ead081ad,26,40,14,1,664001
6a8e99f0f08db7fe,298,424,126,1,7632854
6a9fba4861d1b0e5,328,419,91,1,4414739
6aa735426b55eae7,416,499,83,1,4899902
6adfde6cd6617fd3,188,194,6,1,1036690
6ad6ec6e91529f7e,79,128,49,1,2007950
6ad7c14692890f40,101,139,38,1,2576969
6ae66632fb0fa232,100,132,32,1,1988478
6aea839c2013355d,261,323,62,1,6021456
6ae9232050e0c5cc,307,350,43,1,7258275
6aec8499d4fffe84,264,351,87,1,5575179
6ae25b781cec1814,251,275,24,1,12789356
6b0a373e6d7af374,81,115,34,1,1823729
6b16afa0c32561e3,25,32,7,1,701587
6b172483364a4c70,16,27,11,1,523408
6b1c850946ddb011,258,277,19,1,3501580
6afed304ff9eda60,567,763,196,1,12703371
6b2f9cb99c29b2e0,196,206,10,1,1627833
6af72207405515a9,702,863,161,1,13806846
6b3bd7a57fd6a0e2,39,53,14,1,581512
6b28a2225dff253d,420,541,121,1,6322761
6b5a3ba900a2572b,3,3,0,0,38316
6b501c75bfb58d5d,272,297,25,1,1886764
6a3566821223c771,2052,2682,630,1,49920555
6b5ffbeeec7e1b11,101,139,38,1,2438027
6a0871802d80deb7,1872,2501,629,1,57471668
69b13b806c6f1b10,2118,2747,629,1,65969189
6af1d2ffcb5c002a,744,1045,301,1,23790873
6b789125a324c999,114,154,40,1,1567305
6b5bed157302a81d,421,533,112,1,6179594
6b8cad72b7115c11,133,154,21,1,1617413
6b842673b18f2f54,353,442,89,1,4201627
6b814657475e15b8,376,434,58,1,6041593
6b9d65ad06c152ab,5,7,2,1,81654
6b92a6938c8075c4,315,435,120,1,4553270
6ba154ef048d5845,64,79,15,1,1589897
6a31077455a437f3,2299,3001,702,1,62967251
6b92eaaed9670859,341,432,91,1,4058093
6b722907636e6121,800,1012,212,1,11945659
6b67fd74c77b46fb,985,1251,266,1,15333497
6b382cd23f12951d,1263,1697,434,1,36036777
6bb7c011ae01ebba,114,141,27,1,1481643
6baf0d5f702c86b8,666,878,212,1,21277177
6bb903bbbf13d50c,35,48,13,1,529067
6bc53badc1199412,442,593,151,1,6152652
6bed5fd1c439a119,223,298,75,1,3018410
6ba114649029e4a2,888,1111,223,1,27949073
6be129b05c6bdc1f,586,811,225,1,9502151
6bfe68dc024cf5d9,16,27,11,1,274783
6be9d655d997ee62,587,783,196,1,8330672
6bf79cfd2819b7b5,283,336,53,1,3010848
6c0828fa035629db,94,131,37,1,1498430
6c02956497371931,253,283,30,1,2098488
6c1def72d6adaeec,77,121,44,1,1184347
6c0855361b9142d2,495,604,109,1,8830574
6be8ca5c1482ce1d,1125,1592,467,1,26482071
6bf398e26b83744f,1239,1562,323,1,23346096
6c32c88333dfcb74,231,251,20,1,2058290
6c364cae2ffba874,305,346,41,1,3741923
6c315b70e97f9126,681,805,124,1,6241536
6c2c174ec8bb5af6,567,703,136,1,7279984
6be319de469c13c4,1834,2494,660,1,38847624
6c5048bae753fde2,3,3,0,0,42000
6c498d019a9e36fb,28,32,4,1,353690
6c513fc50ab806d3,180,229,49,1,2972198
6c54895f913934e3,324,399,75,1,2836832
6c4d1a3432f09bd6,426,510,84,1,7727351
6c53965d3cc7f125,453,539,86,1,7687502
6c45da9dc8f13384,821,1062,241,1,15122828
6c62d261699ca2e9,241,253,12,1,1697894
6ab091746698e761,5551,6957,1406,1,124419618
69eb04d48ceba0a6,6210,8342,2132,1,159781084
6bfdb74978299954,3043,4322,1279,1,68706592
6c46ca7587a23f40,1617,2288,671,1,31841296
6c7cb04eb8b6bdcd,239,268,29,1,1188930
6c847007e959ba8e,267,293,26,1,2281268
6c926fd199e4ceca,114,153,39,1,1316207
6c94eb70a3fa956a,136,164,28,1,2665393
6b76f9a7391ab012,5737,7562,1825,1,136205969
6c9e1b818861f903,402,562,160,1,11331551
6c9baff73abed056,563,717,154,1,11649525
6c6f64fb976cc0fc,1924,2512,588,1,30337907
6cae26ef99bd24d4,617,794,177,1,5077079
6cbccab9078b53e1,320,404,84,1,3609908
6cc452c3f12f0679,81,112,31,1,755995
6cdab0c7ec4b95e4,17,23,6,1,694709
6cd7a29128c6c424,649,857,208,1,11860235
6cd9d7694eb4cb9d,308,375,67,1,6597367
6cea35b35ec800ef,380,498,118,1,3155730
6cdb80cae72905fc,864,1124,260,1,8057176
6a085651680625e2,9199,12328,3129,1,243889798
6ce81b7e58d5949f,761,1036,275,1,12209417
6d003d033f292a52,202,214,12,1,833329
6bad5ebe0ec4cf82,6658,7741,1083,1,171860323
6d19cc3281fb1297,297,332,35,1,2435870
6d1def643b5080a6,188,199,11,1,1113641
6d1cfc8db80bbb98,276,361,85,1,2850771
6d466a510b545791,121,170,49,1,2050647
6d527fdf625d2ddb,248,276,28,1,2110221
6d4c7d4e699a89a6,357,439,82,1,4640184
6d50217ad82869e8,436,549,113,1,4817257
6d5422bc12c02e48,822,1050,228,1,16303653
6d70697c7f902f42,184,187,3,1,1454719
6d650442aeee9bf9,127,177,50,1,1874602
6d6d2830316f352d,293,337,44,1,2609746
6d7065365af412f2,240,272,32,1,2734386
6d6cbb69cafb8004,487,602,115,1,4372099
6d708a7c99731a00,431,548,117,1,4961311
6d93a7a43f292000,43,64,21,1,720903
6d87a138f8a5ec2a,341,413,72,1,3922008
6d9dbd890edff51f,6,9,3,1,102623
6dade87715b9ef6d,27,35,8,1,433227
6d9ec1a553174021,608,751,143,1,6586061
6d793b43e97a991f,1417,1783,366,1,17745628
6da9de44f6377b41,323,438,115,1,5115628
6dce9e3ff57e3796,2,3,1,1,68871
6dbb5524244d8b1e,193,201,8,1,1643584
6dc57c981a7fc931,193,202,9,1,1334336
6dd7db7897e06f18,9,13,4,1,136430
6ddf2c70dc1b124f,24,35,11,1,383931
6d9cc00aeffe8b9e,1261,1703,442,1,27926378
6db624fe91aeb977,845,1122,277,1,13795720
6d5d9be1739834f5,2957,3764,807,1,59982508
6daddf5229b7c4f9,2025,2619,594,1,21669979
6df665a1fd62205e,4,6,2,1,78788
6de11c0eedc102a5,876,1251,375,1,11201695
6def497dc91c0581,675,911,236,1,9085991
6deaa3e6192d442f,750,1048,298,1,14820588
6e0677806302cc99,289,345,56,1,4714228
6e0fd543f0993a61,189,194,5,1,2092256
6e21e5bb89ec09bf,84,115,31,1,1710617
6e192480d2899b51,332,434,102,1,6577003
6e1c85e377be2462,432,497,65,1,2767435
6e278eafeaf2c102,92,130,38,1,721676
6e0df03b1e5cf4ee,1199,1677,478,1,13237386
6e30aee997268171,195,201,6,1,1180062
6d1bc1204a4de32e,5933,7748,1815,1,125587947
6e392febee587c67,214,227,13,1,972838
6e3c6615f484aebc,16,22,6,1,168726
6e3c3edde976c1a1,26,36,10,1,401250
6e3f95e8c1ba2e2d,10,16,6,1,230115
6e240a342ffde5b0,919,1236,317,1,12261085
6e4ed5f3c18dfeda,7,7,0,0,63357
6e5358c5c4dc2500,92,131,39,1,1084063
6e52f31a45598f59,319,381,62,1,3385829
6e566e1de4117d0b,541,767,226,1,7960468
6e60009466edc796,180,225,45,1,2072679
6e64faebbe04dace,289,344,55,1,2526045
6e67cb3e87b8d2e5,271,317,46,1,2666124
6e51ab8052fe7c48,827,1127,300,1,16406766
6e744089e2bf0730,27,36,9,1,1474531
6e79019b22dbebf2,259,291,32,1,4613030
6e8f6d489a5093f7,128,136,8,1,896950
6e8d263af6760bfe,63,83,20,1,1029664
6e96243f0de7cd95,84,113,29,1,1386078
6e8b8384bf6aefa3,199,206,7,1,2013719
6e9879ae5a8d09b6,96,142,46,1,2542100
6e7f75d22cd56ed6,902,1181,279,1,8919059
6e5c584b4d7dfe0c,1334,1614,280,1,26348405
6e694e3a092ffb8a,1542,2028,486,1,28769516
6ea3642ec87821eb,743,943,200,1,9400561
6eaf141ebb848f4f,405,498,93,1,6276291
6ebe5d4e7bf59c78,26,39,13,1,571300
6ebb828423f59ba9,191,198,7,1,865780
6ec4911447eed0be,84,110,26,1,2168619
6eba3592a0d637ca,438,607,169,1,10359501
6ec984cc83eddae8,324,386,62,1,3045543
6e6e24f87fc05bf3,2353,3048,695,1,44637420
6e844603a0bc2908,1875,2446,571,1,33823677
6edb8f927918a685,198,206,8,1,1261559
6ef9fd86188ae1c0,69,101,32,1,1884286
6efa6948e6b00b6e,4,6,2,1,114739
6efaea24d7e41e0b,208,216,8,1,2452010
6efac4ff5bc6fa72,208,224,16,1,2533299
6f06a1c0cd230c41,280,316,36,1,1556583
6eddf7f36604cf3c,956,1334,378,1,20432351
6ece72946009d6f8,1555,1995,440,1,27383901
6f0c73f52d16285f,87,119,32,1,835692
6f03490c6b1877b4,395,502,107,1,6691174
6eeffff7a0ce20f6,905,1154,249,1,18876695
6f170c80764d836b,116,163,47,1,2052408
6f16b57675bb25e0,336,395,59,1,1995756
6f2f95090d69e647,198,209,11,1,2624131
6f361259f8c8d07b,274,305,31,1,3207311
6f59a95fe1e6208f,99,134,35,1,2469550
6f49ab75d2f7d0cc,310,393,83,1,6361216
6f66ce78075d4c45,304,367,63,1,4862432
6f42d36b9b61c4e5,333,403,70,1,10322688
6f37f794f4c85dde,341,417,76,1,13426762
6f52fae91a480980,653,897,244,1,13975695
6f3b52eff1c8284f,649,831,182,1,14783676
6f3efff30fa86b32,668,947,279,1,16689645
6f8484da52aaa9b8,288,367,79,1,3614598
6f9079427e702366,35,48,13,1,469506
6f7887723540c2aa,452,639,187,1,7075488
6f3fe6a54acc73ea,630,850,220,1,19661365
6f8cd4cf7e9c9829,220,300,80,1,2559126
6f1adc16cbe715aa,1141,1612,471,1,23691673
6f99618fbd6ad14e,210,271,61,1,2116483
6f9424353b0ed36b,322,462,140,1,4784547
6f17bd7ebd695bca,5599,7075,1476,1,101724192
697a716dc38e5395,58006,60954,2948,1,708041979
6fce4b734c8797ec,113,146,33,1,1413437
6fc51fd7e71878ae,226,279,53,1,2513190
6fe2adf37824b36f,95,135,40,1,1331762
6fce3b45663c8e12,293,351,58,1,3501934
6fde5b6c6d009588,40,51,11,1,956202
6fc5174c75544a43,249,279,30,1,3692527
6fe1e7ef42587da6,311,371,60,1,3165615
6fe6b0cf1225220b,331,393,62,1,3278774
6ff75d29a361dd75,44,51,7,1,461384
6fe7686ab22d3179,210,227,17,1,3624488
6ffcb268544fc538,63,79,16,1,1733453
702877c1a69c33d1,97,135,38,1,2315884
6fd4ffdabe7526ce,516,710,194,1,11654773
70004974150e5d2a,156,191,35,1,4795131
6fe72ce5a2a043ee,355,399,44,1,15567949
6ff9dce7a5006a02,114,153,39,1,13621671
6fd27d6505714ed5,494,683,189,1,19355050
7059cad22422d39e,33,40,7,1,426917
706b1df734476129,45,52,7,1,665064
70608d751b1a8470,213,228,15,1,1457257
702772656791822a,354,424,70,1,11067648
70778eef65bcc853,97,129,32,1,2014586
6fc5bac035ad2f74,673,882,209,1,23260731
708316fbbc49ffd4,270,324,54,1,2646569
708ba26a12d0b29a,205,218,13,1,1441782
70520bb866745861,419,553,134,1,5016909
7094ba98c7e594eb,6,6,0,0,51151
6fe69c28aed31a39,993,1190,197,1,22647564
709731548d2686e5,111,144,33,1,1433940
7096e184b86ad38c,28,40,12,1,419353
708e76d48d60441e,141,196,55,1,2266192
6fe94cae8068b43b,548,696,148,1,22670444
70a99eedda9e290d,89,120,31,1,2591548
709d00c764c233b4,370,435,65,1,4698585
7089ac52f7fa1da8,484,576,92,1,9559085
7047db858c725dd1,666,822,156,1,19200451
70aabe19380ccf15,129,183,54,1,3686761
70b4c845bfe4dc85,67,97,30,1,1547316
70b962e0fb5ae4d6,44,52,8,1,813031
70ab3a8af9269416,377,444,67,1,3726416
703be1276f5deb7e,693,956,263,1,24893864
70c6192ea46dcac1,187,222,35,1,2675784
709e69b3630ffdd5,663,932,269,1,11759250
70c9299f04e8da81,285,323,38,1,3685680
70ba699814a34612,256,337,81,1,10463064
70920c82362bc2ae,1144,1615,471,1,20234234
70a4eb840b954cb6,1198,1630,432,1,21676092
70ce6106588d2418,31,42,11,1,316061
708a03153700a896,957,1333,376,1,26676593
70d74749ff901d66,184,187,3,1,617819
70d3d6286dd69652,64,79,15,1,777894
70d9dbd0615f6eba,194,199,5,1,1887434
70ed4d5c722e44bd,7,11,4,1,85180
70ea02a9309877ee,174,223,49,1,4081443
70d279a3fd7638b2,741,929,188,1,13796234
70f1d8983503deaf,879,1195,316,1,8894465
70c8db94678afa74,886,1312,426,1,14296089
71047c36612d78a5,243,274,31,1,2203802
6fcd4168ceb5cd60,2791,3681,890,1,67448841
70ad6ad748f77dee,2511,3177,666,1,40411080
70e00cd007894b65,1609,2043,434,1,26262142
7132ead6f5547205,1484,2085,601,1,27081951
7140c449b8aa7f6b,5,6,1,1,159471
71585167487be4e8,16,21,5,1,748946
714f9ff9ac6d6dbf,68,79,11,1,3124153
717360640e41e640,194,220,26,1,5358165
717fd61a58590d28,6,7,1,1,177776
715808276face047,246,297,51,1,6653213
717191f32559b6c1,10,13,3,1,240050
713a8daf2a476654,372,532,160,1,9112835
715895cd931c2393,82,113,31,1,3748250
716350b174a8e0ce,200,255,55,1,7995174
71a2787cf0134b7f,2,3,1,1,68040
718582829158a0cd,83,119,36,1,2269177
7176e73322574074,250,284,34,1,7527411
71b59873acefe82a,31,40,9,1,678452
715fb44b1979e2bc,245,283,38,1,8042684
71ae5fa82cda41e2,102,136,34,1,5527522
7151386fc9c46b50,304,334,30,1,9363369
71ad9023bdce7b07,268,317,49,1,8157399
71c1e37c1c92c384,179,187,8,1,2052860
71b564a6be3b77f9,314,366,52,1,5970293
71826ba7ec54d609,317,354,37,1,10814266
71ba2849a6ff20a6,293,343,50,1,6400068
71bdb3fab9ba216b,286,339,53,1,8114238
71da0ab782555d98,274,302,28,1,5308014
71cb5764b4c6bb46,226,322,96,1,8474552
714b67875151ea7a,992,1314,322,1,19222505
71a0712f380d22a0,773,1011,238,1,19413451
71b43259d344fbe4,879,1324,445,1,15991041
71d5864ff84b0b7c,2271,2978,707,1,49551588
722eee735648ab58,27,32,5,1,249225
71e1e55d67aeac5e,43,58,15,1,1027146
722643ba3abc47e0,66,79,13,1,1036647
7241b02feb02c281,185,189,4,1,881857
72097748c5401e54,133,179,46,1,1979483
7210d40061f8af82,132,180,48,1,1963729
725c1d1056299327,27,39,12,1,400613
7232e49da7823d96,259,288,29,1,2100351
72721715543835e2,39,49,10,1,564508
729ab476413252c6,4,7,3,1,71963
72a7332d3c6ec585,6,9,3,1,154731
71ef05ff4306be1e,245,334,89,1,3481545
7237ac3a014e8dd6,433,506,73,1,3610713
7295d4558f3949e6,444,514,70,1,2859736
728bc6052a32861d,301,358,57,1,3156347
7256405787ced0e8,307,421,114,1,4664222
7258013959ef6d32,545,771,226,1,7546875
72498fbf2e327e01,443,566,123,1,8732336
72b1f23f9408f920,338,406,68,1,3127649
72ba04d79ba4febd,249,269,20,1,1626791
72bc29926e72e3b0,221,233,12,1,2528855
718453eeca67c99b,7634,10043,2409,1,178785149
72f158cc1543fd2e,252,286,34,1,2226755
72d451eed48ab881,312,444,132,1,4495003
7309a7c5adda27b5,101,131,30,1,1582796
730c4f86d74655de,103,135,32,1,1469304
73145b19f68a62c8,95,131,36,1,2138310
7311d192221525b7,382,477,95,1,4816544
7319ba3ece8678c2,206,294,88,1,2072197
72e10a7a98de25cb,1444,1977,533,1,22473219
7325a7fae7512174,268,299,31,1,3898419
732d647816c20862,183,208,25,1,1528223
7345bd8cacf0d22a,646,792,146,1,7364656
731dbb048a32421b,1170,1563,393,1,29702449
72d1134dc79bf823,4480,6022,1542,1,95676980
7353136e3653534b,211,224,13,1,976718
73832519fee68277,83,103,20,1,1390062
736569eb9a05ed8f,92,132,40,1,1858225
73694c9343f3a01f,214,231,17,1,2026704
73648c6807af5cdb,335,399,64,1,4055636
73852c76b2f2987e,364,443,79,1,4313307
734c49b0ad1c361d,458,628,170,1,6693435
6f9df012b65448d6,17916,24227,6311,1,552477982
739eb2ce3d23d786,91,116,25,1,2399325
73a33523a5df7eeb,2,3,1,1,93406
73ae880e4aa0b063,67,94,27,1,969185
73a2041b931eda34,461,637,176,1,8551438
73bed34fb5a01b31,91,116,25,1,1392207
73c9402a7cf80484,291,321,30,1,2493754
73dcda126b78b910,44,51,7,1,482147
73d8303015c07e86,1090,1392,302,1,13130044
73f3cd8c69e24a04,29,39,10,1,452560
740116a34c97c5c0,123,158,35,1,1397300
73f1cf4ae4228e27,456,633,177,1,8686390
73f94f10c1ca2017,656,925,269,1,16829994
73ea55df1a29eaf1,1942,2196,254,1,19200618
74162b7d12cc7ad8,122,169,47,1,1651618
74186a43a5c06223,489,621,132,1,4484637
7426861837d7bf54,114,164,50,1,1273031
7124dd3af0d56b18,19587,23102,3515,1,388902923
7435feff8a56fe22,47,63,16,1,1373901
744d2d756d92cdb5,95,123,28,1,1390513
7345af4cf7fd9ac9,7805,10155,2350,1,163917614
745c2c33fe914ed3,93,122,29,1,1549166
7455ecd9e4615184,209,225,16,1,2443624
747e268df3e78023,27,43,16,1,502420
71cc1293db66134e,18926,22192,3266,1,350197302
749386367505c520,5,6,1,1,87069
74479b8134eaed4b,2917,3680,763,1,35432446
74ad2fe01ee27545,409,619,210,1,2983017
74b78e2ed2e9dbe2,5,6,1,1,75443
74b52a4cd79abba5,183,187,4,1,996949
74afe92a3acd76f8,450,631,181,1,7238584
74c0ab33bf5b7118,330,408,78,1,6453629
74c533c90cd5dfd9,329,391,62,1,3980416
74cbd33d9bee57f5,406,452,46,1,4235447
74d1797336895c74,285,336,51,1,3672205
74d0a2d508af8d87,723,934,211,1,10614880
74855e6cbfd5c41a,3355,4637,1282,1,53654638
74d67e3652524d93,1630,2214,584,1,22693072
7501a04dac89e895,196,202,6,1,1197093
7508f9e832c10f11,42,51,9,1,504245
7505123718c189f9,380,515,135,1,8248668
7516aa49eacbc359,296,419,123,1,5732431
74efd96badcd0dee,2409,3278,869,1,40173087
74f1c598fc997674,2810,3591,781,1,44765698
74dd14e9e124e501,4676,6162,1486,1,76482159
75301e98d68167f5,189,196,7,1,1139505
75301d5a1683f15e,209,228,19,1,1742739
7549a6d5e7be8753,251,286,35,1,2256055
75503d882dd95b45,320,384,64,1,3517168
756d1f88632afdce,43,57,14,1,619252
753009ac674b19c2,268,294,26,1,6604923
7568565e2548758d,357,442,85,1,4624126
7570a25f336c26b2,12,13,1,1,185314
754657a99eb58edd,337,396,59,1,8944184
7570322af6604cfa,150,167,17,1,1955147
7583cf181c370f40,3,3,0,0,42113
758149d8bf10c85b,101,124,23,1,2772745
7585d02f76d95be2,37,45,8,1,421731
75850977e316fdaa,200,206,6,1,1145423
7540fb547f4828da,526,686,160,1,15210022
752830861278d7ca,584,717,133,1,17905426
758cb9291053a99a,200,212,12,1,1976545
7595691eafcf1874,92,124,32,1,817396
757fcffbd3b501c3,596,816,220,1,9820469
75a0ab6940cf4bbc,337,389,52,1,3159706
756dd760551d8f98,560,822,262,1,10389290
75311d8827d891b2,912,1261,349,1,23120421
75b9342ff243e273,13,21,8,1,227177
75b71913b587a8e7,275,313,38,1,2586415
75aca754526733f1,198,280,82,1,3067557
75bbadebca61a78d,222,240,18,1,1825383
755b6d642223825c,1171,1464,293,1,23961125
75bf1282458ee54e,85,127,42,1,672377
75990b2a3a58cd15,437,560,123,1,8915236
75dafaf1b4001cc2,3,3,0,0,22500
75da2a9f72206ab0,136,153,17,1,670438
75e4a3dbe8522153,41,49,8,1,261685
75b6f88220a65ae9,270,389,119,1,4394045
75cdd583a4a2bfbb,329,399,70,1,3471130
75d10a19af85f15b,243,272,29,1,2456323
75e2a5ec10ef7adf,103,131,28,1,1944374
758d20a877bba334,841,1200,359,1,13270888
75ff8110ce70dcd2,37,51,14,1,609629
75ef4c5b6bf6909a,258,277,19,1,1806104
752fd015bb81b539,1154,1632,478,1,31617732
75db832a56e4f578,472,600,128,1,6617047
761516d03b33e281,270,304,34,1,3864805
763941ea7439765b,86,119,33,1,3162219
762c044c918d6984,253,283,30,1,4737182
7611aeaa114f2599,344,430,86,1,9223441
76560763344293ed,193,197,4,1,2694049
764d602d28283b3a,325,386,61,1,7938827
75f4c17c27edbcdc,484,631,147,1,14060749
7612b1226f01bd43,325,454,129,1,9302734
75e73290af8fe8b2,1177,1622,445,1,20275258
75fb067459c91b53,944,1254,310,1,19902258
756b68bb54fb39b3,2239,2932,693,1,47999434
7674472a91e0141b,210,254,44,1,2278825
752a35f355ec2090,2478,3279,801,1,58037361
7553d71f6b3f5452,3153,4122,969,1,77591675
76ae0fce64426808,3,3,0,0,88993
768fe017e07ada4d,14,22,8,1,289300
768c847a37406835,84,110,26,1,1226256
76b4a4380875a7dd,89,117,28,1,1045102
76c965256288beae,257,295,38,1,2659392
769c2a05e6719524,296,340,44,1,3943756
76973e5ad7f966a9,309,377,68,1,4008485
76865386ff035059,361,447,86,1,6761905
767659c47139344c,393,506,113,1,7304087
76df92b435643688,319,377,58,1,2896285
76db21c5570b309d,430,603,173,1,7211703
76d52b4eec0da3b4,946,1259,313,1,18945822
76faa13c4a79cc29,118,178,60,1,3361370
7706635efd1899ad,254,281,27,1,1298110
770539117fd7877b,96,134,38,1,1839329
77058b6dee54a0d3,117,157,40,1,2810153
771837215936631f,4,7,3,1,223375
77239e952d5b0dc0,7,7,0,0,87819
7714451edece466b,266,301,35,1,4522071
7730f1fc0c507d57,156,211,55,1,2254813
76e201df845f3261,1589,2106,517,1,29010044
772f0ec42c6c2f0b,451,562,111,1,6376052
77381bb36208af95,288,323,35,1,2445111
7739e4b3c93736bb,110,143,33,1,1089423
77625da73e517bda,198,206,8,1,1417841
7759089c0b38507e,280,320,40,1,1756278
776c2aa03575810c,373,411,38,1,3198576
77739bba49879ae2,37,49,12,1,396345
7771303dd67e6ef4,318,417,99,1,9057455
777cfa072cc75a30,447,613,166,1,5900173
7756aa6be63f8831,849,1188,339,1,19221072
77362ea0f5293dfd,2382,3354,972,1,52575722
77922a7cded5b83e,11,13,2,1,150952
7790d8d652a8e275,59,91,32,1,1595836
77a14b46ca2d84cb,821,1007,186,1,11522693
77acd2c9af6fb771,246,277,31,1,3921528
77b091beef5100c7,319,389,70,1,5876952
77b9ab0647722836,2,3,1,1,118672
77aee836ec440ad2,959,1204,245,1,15902507
77aa25bc6e70b50e,901,1123,222,1,20118735
77c767fea11290c3,82,100,18,1,1137936
77d2c254c5d60130,4,7,3,1,133800
77aa5bb216332c30,1138,1585,447,1,22987922
77cab29af05eaf30,404,473,69,1,3720353
77db0c643b03837c,202,209,7,1,1031939
77e12951407583f0,262,283,21,1,1636625
77e8db9e332b0b90,19,24,5,1,467162
7667cdf059652a23,8753,11663,2910,1,209228247
78014f877f57752e,6,6,0,0,96184
77f5777e20a00c0e,249,309,60,1,4376309
7808a56da119f4ba,1,1,0,0,68728
77e17f02fa3520bb,1432,1847,415,1,18116262
7803a31752e4c30c,119,156,37,1,2293308
780944262ea4a9c4,286,321,35,1,2909887
78020b064c0c7d58,465,625,160,1,4223230
781020ab60e19bd7,91,117,26,1,1809820
7801d142e9831b12,718,926,208,1,12996477
782e25eca5bd6266,2,3,1,1,108883
782eceabf15a814d,2,3,1,1,64588
7848e6a8aac7a34d,4,6,2,1,130611
784b8d10e440fcd8,152,217,65,1,1838221
783cde95884472fe,918,1262,344,1,20639605
7859f6e3c372b5f0,200,211,11,1,1347896
786ad36201069899,94,131,37,1,1612042
78176e13c6647c22,2917,3868,951,1,64726167
785064e96f81538c,1984,2593,609,1,29842504
787ec8720be0992d,220,237,17,1,1995326
787fbc94f7434173,281,331,50,1,4703201
787bde6bbe3807aa,766,1003,237,1,9708662
787abeadececb9d6,1040,1398,358,1,16662315
78a50be6428d799c,19,33,14,1,267784
78b303b5395fa30b,15,20,5,1,276205
78a9c37cad6413aa,275,301,26,1,2345103
78b09e8f5b1e5c9a,254,286,32,1,1674190
78a4893a84d1948b,532,611,79,1,5582736
78accc4e03f96edd,435,518,83,1,7971870
78b705fc1b530a02,186,194,8,1,3377515
78b7af7282781c84,271,317,46,1,2403075
7897ac7ebbe8bcfd,1598,2067,469,1,29953156
78cb8b30b615b935,107,133,26,1,1544804
78caf93504c9bb70,291,353,62,1,3413323
78ca7a8bbcac96a0,230,308,78,1,3871426
78d1d025fb08bbb8,121,123,2,1,2697976
78e2a2103193d8e5,16,24,8,1,379307
78d92fcb58fbe302,506,602,96,1,5688556
78e844cbc8d51311,95,132,37,1,1379000
78d6beba2b2dd8d0,701,962,261,1,11367249
78cfb3c7a68e324b,1244,1627,383,1,22611243
78face33719a5264,124,174,50,1,1966539
78d3dffc6ffb78fa,1147,1535,388,1,22139760
7904cb203a41d946,288,315,27,1,5409768
78ff164084f47578,487,599,112,1,7457117
78c99a37998c79fa,2106,2755,649,1,41196734
78fc9c56143e4d95,622,829,207,1,14280085
7904ec5f2daccc43,12,14,2,1,200514
79167734dc8435af,41,52,11,1,850158
792eea95251c65dc,44,64,20,1,494894
79468630dfd63cc5,191,221,30,1,1878679
793f7d9172426cb4,109,151,42,1,2353475
791b3d8c5c1d4ba0,234,329,95,1,3944075
7920326737e9c4ca,337,456,119,1,4216635
794b47ecf0224d87,348,488,140,1,4337740
792ef327500ecbad,395,512,117,1,9765902
79600c93224fccb3,6,7,1,1,79063
795f7ec5d926e05a,302,339,37,1,2641970
79609330589624ec,675,843,168,1,10054841
7915e0b883097e53,1833,2511,678,1,33850770
7999c3244ec6dfa5,3,4,1,1,99975
798876cf09dbac4f,610,796,186,1,8090407
79700dbdbcbae2be,1254,1640,386,1,27344108
798aa290f6433b9d,642,835,193,1,16495483
79b495898795afd5,3,3,0,0,98442
79c041812abfbdb3,8,14,6,1,548618
79c629924013eeb4,91,116,25,1,2757847
79bacb47d911b500,293,394,101,1,5090523
79c88e5ce2113b63,275,380,105,1,8335426
790a61bd5b323538,4218,5575,1357,1,98526686
79cd7ef58b420534,1115,1573,458,1,21712242
78ffb0160612194f,6052,7619,1567,1,113679901
79da76d4ede9fe33,184,187,3,1,1040144
79fa2925af3dcca6,99,129,30,1,1246342
79f8a06457992652,96,132,36,1,1576706
79e63c4bf1931811,280,352,72,1,2616595
79ddfb03257f2eeb,128,170,42,1,3327772
79d571b3b63b3c91,310,436,126,1,7901143
79dfe3d2aa2b1309,421,581,160,1,8106632
7a135a129c513463,125,187,62,1,2012253
79dcce3ff5153cdd,690,914,224,1,10284775
79a083fe2a023f3b,2380,3106,726,1,49885794
7a203c00cc51ec03,85,118,33,1,2929361
79fb092b6c85b9ec,963,1211,248,1,13718019
7a230355bd442667,126,166,40,1,1763087
7a29e42e53357166,92,125,33,1,873784
79f08edf93179658,1688,2140,452,1,24025689
7a2fa038374f1542,95,136,41,1,1594365
79f976ec49cacda4,1336,1789,453,1,26347870
7a35c1b5329460d8,330,392,62,1,2530920
7a4e8b09ea782c08,117,124,7,1,1318475
7a4918cde80452b6,255,288,33,1,2998191
7a4a12a5bb8a711d,315,349,34,1,3092180
7a608a0ec1215272,41,58,17,1,907471
7a5cc051a7a90d48,109,133,24,1,1486129
79cfa5f3203aeaa0,4225,5612,1387,1,70756355
7a594bf5b64be36a,966,1320,354,1,9366065
7a71b6cecfa88d31,221,232,11,1,2984951
7a513c39fb6dbc71,1657,2133,476,1,28674647
7a7e8a598df79673,786,1072,286,1,12889498
7a81d7e4753484ca,1099,1479,380,1,12060353
7a99dc8160bd4f7f,100,137,37,1,2960334
7a94e5662491aaf7,787,1031,244,1,14889720
7a8e089c8c868bcb,1218,1724,506,1,20369110
7ab97d131f29fa64,185,188,3,1,1199082
7ac4c50dac66479a,102,139,37,1,1695588
7abdd3377a0b015a,638,767,129,1,4779900
7ad0fb5431503b82,81,114,33,1,1095463
7acae73fbb370883,347,412,65,1,4040188
7ad549425a175785,88,116,28,1,2804965
7ad155dcf28e9d62,593,842,249,1,11817138
7adf50cf4ca1fec5,310,365,55,1,1968647
7afc305a994abcd8,78,111,33,1,1259445
7ade8dc3d2dca447,1080,1536,456,1,22323544
7b0f33ebe78cae90,2,3,1,1,81543
7afd63f32aaf3c07,680,910,230,1,12789970
7b1235f330a46384,7,7,0,0,111729
7af2d21f49bf5b21,1136,1626,490,1,23231159
7b30a6e34dd0daef,190,198,8,1,1193179
7b12b1391fa3fe3d,854,1158,304,1,16849960
7b467f8ef24f1d6e,48,63,15,1,738438
7b46993d9ff15f19,249,284,35,1,4074353
7b54260625c299b8,216,279,63,1,5624293
7b5e3ff8f9527272,161,214,53,1,2654650
7b63cb40c847e67a,189,197,8,1,2170005
7b6c9c39cfa16598,135,193,58,1,2263179
7b323ada9b6a8726,2547,3133,586,1,28147834
7b8e2e69bebefa13,385,478,93,1,6253576
7b9b068cbfcdf3b5,264,297,33,1,2475952
7bb1a7f4d4ee9f98,296,340,44,1,2116377
7baa8bdd5cc0042c,439,604,165,1,9804250
7bbbf0bc2e61ae87,10,12,2,1,824444
7bc87d63999524f1,24,32,8,1,707922
7bbc3d61a1cc0574,37,49,12,1,1070989
7bc05f9a8edea2c3,85,110,25,1,2312845
7bc00e990b94eb89,278,305,27,1,3759097
7bd43f8ca085274c,272,388,116,1,5818693
7bdbec5c63e12fc2,347,424,77,1,3015866
7be829daad1f46d3,7,7,0,0,59239
7bd753e9697d251d,531,741,210,1,10700070
7bffb59af15abda1,262,298,36,1,2491043
7c0e5d015b581730,188,199,11,1,1205218
7c0438f96427164b,317,361,44,1,4803097
7bea751c4bf05fcf,716,1002,286,1,14841726
7c063c33ad01a20e,418,476,58,1,11499710
7badbe51632fde63,2665,3383,718,1,43518661
7c1e76d54314c00a,78,101,23,1,2052409
7c22c4b22d34857d,295,345,50,1,3490634
7c2dc046f98b5a5e,29,39,10,1,659697
7c18914687d95834,855,1040,185,1,20524092
7c4406f7a00649d1,56,90,34,1,2273334
7c432b0f0e255a9b,247,358,111,1,7999940
7c4f120bbd4b0a48,6,7,1,1,124690
7c66050aac75b216,196,205,9,1,1579071
7c5e9cf8b4a73350,447,512,65,1,4404664
7c83523956da963d,23,35,12,1,376761
7c95cae258800f39,38,53,15,1,1196155
7c8d6167b8ba5baf,297,361,64,1,4215482
7c9d0596082888b9,182,187,5,1,707682
7c97370f10d072cc,304,363,59,1,3659201
7cb6adca3eb22969,24,31,7,1,559625
7cc53d62012606de,23,35,12,1,364500
7cbd761895b1bab2,96,132,36,1,2980005
7cd0311a42fc3a71,134,185,51,1,3507787
7d187b7f24a2baaf,6,7,1,1,164229
7d046eaf67ac303e,10,16,6,1,203258
7d18505032a0a153,79,101,22,1,2098839
7cfbd947af6d6b06,291,347,56,1,4274188
7cff971711c95521,282,318,36,1,4502303
7ceb610cd4512dcc,543,689,146,1,10858590
7cb8fed229cca207,2510,3135,625,1,58633094
7cd4a154f73fdd22,1155,1334,179,1,20029259
7cd7362a0c52e669,684,921,237,1,20759453
7cd28d150619984b,1133,1599,466,1,25868220
7ce229d11520f61e,2393,3042,649,1,55380319
74ffb761ea088250,26972,34667,7695,1,1423146328
7cc93c53b5d8ead0,7137,9271,2134,1,147810154
7d625e98dcea4e62,9,11,2,1,188699
7d53d2d8b468a9ae,40,58,18,1,669323
7d2615c7fa4eb81a,181,188,7,1,1600014
7d6bbbeb63c0f8c1,95,119,24,1,1283085
7d4e606f5448afc2,201,211,10,1,1739479
7d74f3445ecd87d1,258,298,40,1,2067865
7d76028cd3cbf133,116,165,49,1,2598748
7d5d18fd6386323b,274,358,84,1,3636779
7db3f08da35eabe2,4,6,2,1,77211
7d77e98e6f87ec94,164,227,63,1,2798618
7d5377c36b5f5ba9,235,331,96,1,4602437
7dd50642ac5dbc03,38,49,11,1,800930
7d7e9cba7c7dddf8,94,131,37,1,1990216
7dcb69f8e8de36e8,198,214,16,1,1976018
7de19f3f2476f45a,40,49,9,1,636621
7d50d4c3bdf226af,368,440,72,1,10097709
7de21f34659e65fe,111,149,38,1,3721445
7d827c42a3e40bf3,364,446,82,1,10550762
7d2ca5ebfad094e3,415,596,181,1,14179669
7dfa29ecbc4718c2,3,3,0,0,51792
7e027942f974e5d4,8,11,3,1,156629
7df628ae76857e7a,250,277,27,1,2674051
7d3e6b042555cedc,564,673,109,1,13227877
7d63695bf3b9b1c9,523,706,183,1,16060812
7ddd9cd6eb7356fe,603,886,283,1,11442402
7e02be79928815cf,283,338,55,1,3554432
7e0e7c132fb69f8d,207,224,17,1,1435361
7decb36af1aaf38c,387,479,92,1,8461527
7e06f2c6ba3c7159,401,467,66,1,4865500
7e0113efa7ade581,490,607,117,1,5880460
7e19ce530e99934c,224,266,42,1,2294373
7e23c2a49e20ec99,132,147,15,1,1986376
7d89c954458cbe85,651,812,161,1,19785120
7dbe0cfe2f54197e,496,683,187,1,20964419
7dfe77dfe4d861ab,825,1008,183,1,13711994
7e423613adbadac4,263,303,40,1,4625816
7e4d79a56118a8d5,43,57,14,1,608235
7d35a372021156aa,1463,1819,356,1,35128750
7e112d3ad5dfc965,1311,1834,523,1,15966721
7e4ad925f1b7f9e2,163,224,61,1,3438378
7e5112e40541ef41,187,257,70,1,6747779
7e575e58147384b7,88,113,25,1,1525458
7dfc8afdf8dac27d,2612,3350,738,1,39595799
7e6cbcbabad57372,111,153,42,1,1823576
7e7c33bcca739000,222,294,72,1,3954849
7dced7a25aafb1e8,3165,4388,1223,1,63343434
7e85940b349133b5,270,326,56,1,5580787
7e98e2c2891d5723,240,261,21,1,1671460
7ebd648dd683873a,91,120,29,1,1600971
7eb0ad1b27350395,874,1202,328,1,18664799
7ec707d7a5594cf4,120,144,24,1,1463455
7ec1d6c8f300a8e1,262,298,36,1,4964070
7ec8f14d4fe150b7,246,266,20,1,2313547
7ed025091ee79226,92,120,28,1,1358738
7ec0af45312caa56,206,268,62,1,6839581
7ecae36f73ce1cf0,219,326,107,1,4407012
7eac54db704c8533,1168,1634,466,1,26777517
7ec5daa408d84eeb,653,841,188,1,8160070
7ed149ea05b9aeda,482,669,187,1,7374349
7ee39c56d50eda6e,360,429,69,1,3935778
7edf8bc4a453eb9b,458,632,174,1,7789398
7ef17e5024094b3e,93,120,27,1,3030303
7efb3ec7ecc819ac,395,522,127,1,7024639
7ef54f9bc22893e3,348,447,99,1,11664420
7f135c3c40aa23a1,39,49,10,1,892732
7f0a09054f351797,240,342,102,1,4382673
7f0811e26cbb9a45,397,518,121,1,6544638
7f14d22c80184028,464,642,178,1,8006259
7f26f5c22c6eafaf,343,511,168,1,4054004
7f36be495ddd1b44,265,294,29,1,3953468
7f2b5aef65210245,1102,1422,320,1,17871613
7f3cc940c5250c86,2,3,1,1,80745
7f4702c0571c1f73,4,6,2,1,72167
7f5292f4112f8b6d,48,57,9,1,497715
7f3df7c1caeba57b,20,27,7,1,577843
7f61970610f0c61e,2,3,1,1,126233
7f43ba05caa26957,121,139,18,1,2961417
7f743e23b7940331,184,187,3,1,1210390
7f86ea4389809087,188,197,9,1,689640
7f6c4c3973dd3674,260,291,31,1,2211671
7f715b6fec253754,299,352,53,1,2209644
7f61315e3f5925d5,292,341,49,1,3116676
7f91f9527a303be6,204,217,13,1,1307765
7f70bb5c8656b251,393,479,86,1,3828452
7fa3f05a9d5d879b,336,408,72,1,5293132
7fada70210725851,3,3,0,0,55015
7fad322feb060b2b,70,91,21,1,1743781
7fa94bcc6725e631,197,208,11,1,8376507
7fb34deb7b3f8be4,35,44,9,1,691062
7f92c998000ff4f5,263,298,35,1,10396436
7f74f17ce5b3ca2b,472,615,143,1,10537202
7f5e91b2aedec575,519,715,196,1,16316300
7f8d75881a5d61c8,823,1047,224,1,21750684
7fd53d7badf3c286,448,556,108,1,10834194
7fe693f66108e04f,86,121,35,1,1377621
7fb3fd682ef48191,669,889,220,1,15330305
7f8ee126c1230423,893,1196,303,1,27404914
7fea78fb0d4a8d24,158,223,65,1,4005277
7f88657b43eb5212,1887,2483,596,1,38258724
7f5e21cb4f8b895a,1942,2608,666,1,43092731
7f4cc556773b1d81,1533,2089,556,1,49645576
7fee4f032e0e257e,657,938,281,1,18813126
8000000f2bce323c,2,3,1,1,66963
80000000a0a4069f,3,3,0,0,84130
80000008cdce7aaa,2,3,1,1,67297
8000000984a4e491,3,5,2,1,96697
7ff9432ee380f40a,311,343,32,1,2289428
7ffb3337ba4c53b0,423,535,112,1,4571532
7feda7290e149658,1131,1328,197,1,26863166
7fb24308196f8fd3,2718,3609,891,1,60868695
7ff0ba6c8a324654,2414,3317,903,1,46325317
8000001bf596ffc2,4,5,1,1,99552
8000001cf9b87b57,3,4,1,1,94736
8000000e48d601f8,9,14,5,1,189694
80000043340ad70d,3,4,1,1,54286
8000004c03d94798,2,5,3,1,44997
80000035ed2a71e7,4,5,1,1,103306
800000206fb6a595,2,3,1,1,116715
8000001310f3906f,9,13,4,1,187476
8000001db4d8e15e,7,13,6,1,181856
8000003d3054c459,4,5,1,1,161125
8000003cdd5f24d0,4,5,1,1,87435
800000449d4f2b9d,9,13,4,1,164620
8000004d9731290e,4,5,1,1,93285
800000511ed3f69d,3,3,0,0,38277
80000050e132c6f4,2,3,1,1,53719
80000059b1677670,3,3,0,0,27619
80000056ed7265d4,2,3,1,1,39345
8000005fbc8caadd,3,4,1,1,33365
800000695f316ef5,2,3,1,1,34937
8000006ea59250e2,2,3,1,1,30715
800000793facda7a,3,5,2,1,49119
800000747d42f994,3,4,1,1,52803
8000008119f0631d,3,3,0,0,19850
80000088ab532dd1,3,3,0,0,28937
8000008928078e6f,2,3,1,1,33651
8000008c7c061b75,2,3,1,1,36663
8000009d75d0781f,2,3,1,1,32274
800000a50e48c774,5,5,0,0,50835
800000a95ad6ba41,2,3,1,1,45618
800000acf51b752a,4,5,1,1,58618
800000ac69d308a8,6,13,7,1,112580
800000c4c0f7a956,3,4,1,1,59979
800000b12ed79104,11,13,2,1,129287
800000cc6b088c6c,3,4,1,1,59171
800000d148caeba7,3,4,1,1,56188
800000d28ee30047,3,3,0,0,28617
800000b08b4dd800,9,15,6,1,143478
800000ce858bd396,3,3,0,0,32127
800000d488b70a5e,4,4,0,0,41094
800000ce0842f1df,10,13,3,1,134558
800000d3244fa45d,11,14,3,1,157587
8000019d896c1b66,7,9,2,1,109918
8000021e0866b1c1,57,82,25,1,1036137
800001e70dd1b3b7,64,93,29,1,1288106
800002a9f36a9e57,6,9,3,1,122598
800000555ec713d2,168,232,64,1,4240351
800002eefb0809f4,70,100,30,1,1012839
8000022273a4ef96,231,284,53,1,3022620
80000582a79c6399,35,40,5,1,404076
800005bca32cc1c4,127,164,37,1,2027813
8000036c80adcf40,149,208,59,1,2514483
8000016937f7fe17,440,534,94,1,5833637
800000547028ada9,627,819,192,1,9143864
8000095841d5047b,227,320,93,1,5530507
800006bf8d8b212a,446,558,112,1,7510656
80000b7435b83bb7,9,13,4,1,260452
8000024afd53f78a,412,567,155,1,10079311
8000117ddce5df26,10,13,3,1,321120
800001296469f4af,691,910,219,1,13706081
80000d8d30f88945,67,94,27,1,2119586
80000bbc72209b5b,205,304,99,1,5040216
800017e78ac3d27b,6,9,3,1,138343
80000b40c06fb9fb,417,534,117,1,15620955
80001ab6617ff34b,36,53,17,1,558873
80001a0ce759fe65,242,291,49,1,2337368
80001201503028f6,489,688,199,1,11261547
8000024ce040c14f,1117,1495,378,1,24117162
80000a7cec78e2a6,815,1117,302,1,19060736
80001635b8105a83,425,600,175,1,5908306
800012b82b310ca0,681,902,221,1,9525788
80000099ebee18a6,1702,2110,408,1,28459025
80001e436b74d644,15,21,6,1,201647
80000895220c3315,892,1224,332,1,24061233
800021329024a4a7,64,93,29,1,519448
800022c3a081b637,226,329,103,1,2787594
7d095ffcdbf0a44e,22339,26512,4173,1,476680414
80001d936fbd7963,795,1093,298,1,13330070
8000276b29f3934b,210,305,95,1,4732038
80002c1cf1ae65c8,6,11,5,1,230338
80002fb18ab894eb,32,41,9,1,488404
800020837a28345a,1125,1498,373,1,21691400
8000272e712b2969,836,1060,224,1,14285526
80002f91ead8a3f9,286,385,99,1,3987267
8000364166cbbdfa,8,11,3,1,164740
8000303986f76432,435,590,155,1,5155972
80002db98e8ac4dd,708,956,248,1,12084155
80002fb8a7a9cb9e,761,972,211,1,11163091
80004f17fda5e6f9,6,9,3,1,191419
80004d970d723342,14,18,4,1,420015
80003f5fe2518fcc,1150,1605,455,1,18445420
8000462fc0870b8e,864,1112,248,1,10095286
80005a7e4a05df1c,9,13,4,1,153157
80004021559fc128,1069,1391,322,1,20917857
8000535ed272e360,573,801,228,1,6742836
80007045ef276775,25,35,10,1,566697
800072fdee0ed4d9,112,143,31,1,714098
8000557665093bd3,664,934,270,1,13331807
80005fd665305d66,420,569,149,1,8779745
800075b8c375ae6e,798,1044,246,1,14466233
80009b19a71fe556,7,9,2,1,98010
8000b145924cb3bc,327,463,136,1,8674879
8000b37c71323316,559,769,210,1,12726967
8000aed86c1899c4,1165,1511,346,1,19050512
8000c7d5e7b72bfd,1019,1204,185,1,11536108
800140cf55452ce1,13,14,1,1,165811
8000d9221da1bb9a,641,898,257,1,15393386
8000f93585c4da87,951,1212,261,1,15294390
80011324adc82273,819,1097,278,1,13117673
80015171a74d47e3,122,152,30,1,1399198
800116ddf2080afa,383,548,165,1,9984500
8000ff4b048560a7,1019,1437,418,1,21222775
8001766f68dcbcb7,93,127,34,1,1228145
7ffb93909a27d89a,9827,13288,3461,1,235406872
8001e5ea9504321f,5,5,0,0,111351
8001fccea0abca89,19,22,3,1,299178
8001c6935c63e4bc,41,49,8,1,688255
8001ccebcfb00a41,102,133,31,1,1007391
8001f5356fa98518,993,1343,350,1,19998570
80013fef4c2f54cb,2369,3215,846,1,43585955
7f295248c8a26e5a,13432,18106,4674,1,390637622
80030747a02a80e6,226,333,107,1,3673972
8000ba1b49e03845,4287,5646,1359,1,98425585
80016330ea9764b4,2684,3648,964,1,41798106
800346d6b9f09f7a,680,891,211,1,6891453
8003dbf0b392d8d6,221,301,80,1,3444189
80032429abfd4f58,996,1275,279,1,10335164
8003ac939d8add32,443,563,120,1,5840395
80053798d4d7835e,29,34,5,1,344937
800481c0e75ea2d5,484,658,174,1,8552058
8005299c0c7c0746,420,570,150,1,4125841
8005c5cba1a1b4e4,52,76,24,1,936623
8004a1ebcf575bf0,698,906,208,1,10078196
80074c4b9de094d3,4,5,1,1,146462
800804038859893a,33,42,9,1,642825
800255752dffdfb6,3512,4793,1281,1,73032933
8008a22dbc120fda,83,121,38,1,1645108
800c98f96b92376e,2,3,1,1,92273
800b57b3d17ee65f,6,14,8,1,136065
800cc115fab28078,28,38,10,1,407433
800a7cd31b4dd251,418,544,126,1,7846806
800c91cb089760c2,251,321,70,1,2983516
800d245212a2b8a1,34,42,8,1,408231
800b39df4f1eb656,690,865,175,1,13247029
800acda9e9adfe54,969,1231,262,1,15942920
800f48a011b09df5,36,49,13,1,480225
80117320b553456f,241,321,80,1,4871353
800fbd3d0f389117,953,1331,378,1,17619958
8012e46b28b4f54c,11,12,1,1,188908
8014da171e00ca02,3,3,0,0,32279
8014f780415d5d0f,7,7,0,0,147226
80135d657955637e,95,143,48,1,1808800
80125bf382b169ab,99,135,36,1,1750327
80172f39a122811b,268,365,97,1,7126559
801a32d1ee8fe941,3,3,0,0,105205
8013a77762549b51,472,616,144,1,12911564
80146a0b3b1cefe6,1140,1614,474,1,22657310
801b4f0493566a6c,282,340,58,1,3550054
8008132e40a0238d,3484,4829,1345,1,87239348
8017a121196ced80,1154,1489,335,1,24634865
80183c1d194ede58,1445,1825,380,1,21220792
801e39d8ad6ebccd,34,48,14,1,459607
801d210c7187f2ad,56,76,20,1,861630
8023365893e89d2e,41,49,8,1,520148
80200963e557418f,211,228,17,1,1508224
801156148c0105c0,2470,3245,775,1,55785920
8028adeea0b4d89f,183,197,14,1,1061361
80291fb09414ab9e,25,32,7,1,335892
802b14ce4e4c8b61,302,348,46,1,2631423
80258e65e7ae986c,1755,2319,564,1,28742943
801f8f1758904cff,1209,1575,366,1,31273969
8030b04ad0b2030a,152,188,36,1,2460770
801e459f35ac1506,2092,2656,564,1,39720122
80339ee75b2f122e,310,372,62,1,4582118
8032b9442b62cdcf,494,684,190,1,5170422
803291ff73239f74,345,401,56,1,5753572
802f5e70727666ad,1097,1414,317,1,18208276
802fabd9cef519eb,1192,1680,488,1,24383724
80459f46194b19d7,75,96,21,1,1128798
803e136b7ca01cf1,471,622,151,1,5006770
8050940cc237a18e,45,55,10,1,673573
804c397f9c4801a7,164,223,59,1,2069945
80507ce4123b9cb8,119,123,4,1,1320694
804a1230d263c097,408,544,136,1,6468851
805671acfd2c4411,20,24,4,1,271316
8052150c5ec5872d,197,271,74,1,4278098
80469609d2fa94ce,880,1169,289,1,16549688
80598bc0a239d7be,26,38,12,1,387776
803feff48a9aa6b7,1030,1353,323,1,21278050
804c016d19fc2757,760,1000,240,1,17659404
801b180a1522677e,3741,5000,1259,1,86718551
805e6fa999ab830f,3,3,0,0,98175
805c1e6a6bed9682,409,430,21,1,2702559
8047635fac6fb659,1488,2041,553,1,33549417
806635b82ab34a50,15,22,7,1,267326
805a3fa64ffeea7f,837,1091,254,1,14311123
8064d49a7df1bd97,315,387,72,1,6482444
8059a2327cf9f68d,1167,1565,398,1,19254255
806d3abae348d6bf,268,291,23,1,2397155
803b28f15949a080,3164,4484,1320,1,57881878
806a1cf19e5f179c,286,344,58,1,4744586
8069a5261ead96c4,891,1139,248,1,14077993
80739d10980261d6,28,32,4,1,324701
807129f5ed2c5e9b,638,797,159,1,12317232
80740009d65b7e87,913,1191,278,1,14711897
8072ade9052f5d3d,925,1270,345,1,18342894
8075711e224afafd,94,120,26,1,1737379
808579f7d7d9998a,256,289,33,1,2163135
80896eac11ea09b4,115,161,46,1,2520213
806d751c127cd664,1962,2657,695,1,41834059
8092f43b83eb430a,153,220,67,1,2446749
809047675222d5b0,277,298,21,1,3720388
8096b5456bab59d9,5,6,1,1,56388
80899d838100cfba,608,796,188,1,8399195
809bf2b0cb57891e,88,119,31,1,2987494
80942b95479640f7,509,619,110,1,10287764
808449d8fa3443d6,877,1134,257,1,17477888
80843ccd55b76008,719,992,273,1,17076159
8083b7b813628d04,1016,1326,310,1,20180748
80971d5b2dc8e909,653,863,210,1,16202398
807d0059a2cbba3d,1296,1747,451,1,22615897
807b9cdfea117a79,1350,1737,387,1,24902662
80ad01405a80e975,235,285,50,1,2141869
80aa7aeafa6444b3,774,996,222,1,10442203
80794ae642cf2a67,2136,2826,690,1,41034736
80b15f4bb2a530d4,613,882,269,1,13133049
80b8a747775e7f14,263,285,22,1,2013751
80b9971a428e35a7,14,17,3,1,220274
80badbd655047ddd,4,7,3,1,115413
80bb05e17df7da03,79,121,42,1,1292688
807451ffc8497892,4904,6092,1188,1,77195977
80c4ac4361092cfb,3,3,0,0,77029
80c6101f80bab3fd,117,180,63,1,4851968
80c1cf50b840a4fd,744,975,231,1,13718423
80d1370e64177146,358,425,67,1,5375827
80d950ac53e3974b,328,386,58,1,2691285
80dcea9aca0db182,194,202,8,1,1143383
80e69c28f59de368,353,490,137,1,6288592
80f7eac043ccca09,45,51,6,1,1117372
80f9a86d19f31430,82,112,30,1,3573649
80ffe3f43aeaf8f2,42,49,7,1,1939310
80f971922304f3c1,126,192,66,1,5944689
80ea81814e38e6c4,1138,1446,308,1,21767329
80e3f03b65833636,1299,1984,685,1,21735661
80f34552acb68b67,906,1208,302,1,27126768
811172c71fa39536,8,12,4,1,199987
8117163f4576198f,9,14,5,1,298585
811f112bf9be88f6,201,214,13,1,1262974
812925215bec59b1,31,40,9,1,815233
81257ddb0a016862,155,196,41,1,3433675
811b74b3f4581bd3,285,343,58,1,3443374
812790288acce4b4,265,344,79,1,3336394
813383f0fa60d887,43,58,15,1,1430545
8117c2f832e3f22c,876,1079,203,1,17508620
81371cdf7e83d1ed,107,134,27,1,1359163
812b813d629394ed,737,994,257,1,13292090
812c532b90613788,768,986,218,1,12865588
81054ec79837bc8b,2239,3015,776,1,56397748
81421bf815cebe10,341,378,37,1,2672940
8151cab68dc9f6c5,117,153,36,1,2625781
81450a40441a15cf,1132,1471,339,1,19623931
8155dee8fbadaf18,3,3,0,0,88688
8159430c539896ff,315,374,59,1,6900272
815c2e74e625babb,329,376,47,1,3123312
8117219a20a22847,3696,4902,1206,1,79954112
8161ea065b0c0b3e,17,29,12,1,313178
81664f5692db5010,183,187,4,1,1789698
816d22ea80da7554,5,6,1,1,85173
8160b6bd2724d7c1,1101,1581,480,1,19243991
81730f50b606f4ee,202,273,71,1,2704795
816f7aee0859a843,1081,1356,275,1,12519565
8161d6721f2627e2,1287,1628,341,1,29582525
816f3376ab61bcdc,1015,1285,270,1,22254606
8184ab924059c6fc,288,350,62,1,3646941
818d0e3dbcae7e8c,13,15,2,1,181129
818d17333f7667b7,107,158,51,1,1549975
818be7832fc7b0aa,262,305,43,1,2634043
818f62662f97ee5d,105,158,53,1,2104036
8197d6086a63fa24,103,134,31,1,1614702
8193476fa2bb52b5,456,553,97,1,5793425
8184173b2a4a70ea,924,1250,326,1,20864019
8185ff660fa881bb,981,1258,277,1,19356106
81a7c5eea85ff616,49,57,8,1,620047
81a16f6cf13b5daf,208,227,19,1,1890803
81a08bddf92898f1,265,297,32,1,2359592
81aa47156af48d05,322,382,60,1,3898010
819e6841ab92a6ef,417,612,195,1,11263581
81b7847acf758eb4,48,68,20,1,862053
81a6a5fe85a22302,704,969,265,1,12193882
81aab8052d706790,651,787,136,1,8022791
819eb5f2a0820044,1039,1348,309,1,17314902
81b28bb3302960af,469,655,186,1,10968978
81bef4b0f9e6eb32,274,326,52,1,3713576
81c0172cfdce95b5,238,339,101,1,4820617
81cdfec82b9b643b,480,612,132,1,5352787
81ce773095c678eb,361,454,93,1,5215125
81d6ecfc7476b088,46,63,17,1,932991
81c9d461e167742e,724,1035,311,1,15424211
81dd3dc3438aa7e8,100,134,34,1,2511808
81e45ac408a7498b,55,70,15,1,891274
81d92c9d18f42f8c,632,881,249,1,7110964
81e6dccfaf590c88,85,115,30,1,1094251
81d4944d97f37394,724,926,202,1,12494841
81ef862e6f65dd4a,20,28,8,1,353072
81fca88bb4bfa7df,95,120,25,1,1330175
81ffa45cf61393e0,189,194,5,1,956264
820a041a44b50342,44,54,10,1,415002
820ba4379154b575,152,224,72,1,1730677
81fdb23e6bf49fe4,1234,1665,431,1,22278298
822294a44229eb21,103,139,36,1,1386393
821acca9a8c2e4d6,410,519,109,1,5834923
8226a1cc8c1a14f7,43,64,21,1,296202
82288b7e7753da2f,256,295,39,1,2399222
8223cdf4af71eeba,495,604,109,1,8475540
822cdbc722ac7710,42,52,10,1,691726
822fd46af11d16af,117,157,40,1,1981675
824184337f51526a,261,282,21,1,2128416
8247a11534d69b7b,282,331,49,1,2818809
824575b324c3d04f,684,866,182,1,14793340
8273b66d0a965682,12,20,8,1,237914
827788fcba1f1a20,4,6,2,1,140602
82759ba8c45e5b00,332,372,40,1,1916508
827444f598b9274c,534,727,193,1,6388774
82803337731a98dd,5,10,5,1,188928
828e2bd5f783d845,4,7,3,1,77609
825922b3bf177e93,636,921,285,1,15033977
826455162f99ece0,1058,1374,316,1,15593544
82565448c20142bb,1247,1609,362,1,16953942
8280c64d5d3c921d,785,997,212,1,9082594
828731e00a58edc7,888,1055,167,1,14224163
8296135ce0500848,197,208,11,1,1438936
829a1ffc8061350f,96,138,42,1,2623491
827e4c68f21b3fc4,1227,1602,375,1,24602063
82bd656eb1804070,11,14,3,1,168993
82b4e25002b6b1d3,58,83,25,1,1343197
82b98686806d242a,262,297,35,1,2449957
82c25cecd14987a8,71,92,21,1,838175
82a5630651619294,1106,1471,365,1,20164418
82b26cd983d10726,307,341,34,1,4585653
82b9307622546cfa,394,473,79,1,7967004
829e2e9817b8773e,1530,2051,521,1,29401501
82b62a684170b0bf,690,879,189,1,13103866
82cef0fbcb7d06ea,476,585,109,1,8673603
82dc2339f33743fb,15,24,9,1,295998
82d6c6e3b55c1893,118,154,36,1,1599789
82d7f7d774fbaff0,89,119,30,1,2696669
82dd70a387be5f4a,387,437,50,1,3901225
82d6ee5d23b7a570,407,531,124,1,7838880
82ae01091a64cff2,1884,2460,576,1,44622984
82cdb56437510513,2186,2786,600,1,26324206
8248e48b5b3d16a8,5723,7470,1747,1,138693685
82f8fe040a0f7ba3,159,192,33,1,1333407
830a9d7485d3d006,219,284,65,1,3778826
831222d25daf0ab3,159,205,46,1,1860937
830d9b0f18aa98a7,273,372,99,1,4087721
8310b9f2ab2be829,396,451,55,1,3880287
8315ecd51cf58a3f,288,338,50,1,3670871
82fac214403876d8,971,1310,339,1,16711579
8318acb92ad2b5d9,428,612,184,1,11937907
830f2c5e0ed32415,749,1001,252,1,15084439
830b131645798c89,1051,1361,310,1,19332215
830f467ae5f2a166,921,1197,276,1,22529569
832b5378d3c6af99,77,104,27,1,1393862
8324a07396e64afa,784,1009,225,1,11313717
83474266fe212dc1,3,6,3,1,131051
8325da938b6dccd6,1160,1520,360,1,23634418
834c6ce5ef0a56e7,81,116,35,1,2667572
8336ea75bceb5c4d,957,1250,293,1,24739860
833fde205350f267,1255,1589,334,1,21224812
8343bcb446006fdd,885,1139,254,1,19183320
8349df976c8d5e0c,789,1005,216,1,15767448
8358a18d74492445,424,629,205,1,8650390
834d9dcdead8616b,814,1093,279,1,20912774
8351ea6c5949a2f7,1219,1581,362,1,22521458
83555b2f33865c8a,1033,1351,318,1,24338328
835c758bc668a703,947,1235,288,1,17757090
8371f31a3c9739b8,15,20,5,1,270512
83770e3c53c6b287,307,336,29,1,2429636
8380c082e89c4ad7,798,1159,361,1,14545817
838c875b9924c4f6,309,369,60,1,8344783
838f3e5cfd2c88bd,622,821,199,1,9758862
8386d5afa6c1ff6b,728,956,228,1,14627656
8397db9c55924820,260,296,36,1,1743700
838813e5d4fc6d17,801,1074,273,1,16745249
839bdba688cc4c8f,661,835,174,1,5940643
839644f28e3cb352,1041,1327,286,1,16802578
83a20b9e21dbf497,251,277,26,1,2040715
82ef134f18cd5ec7,4097,5978,1881,1,191098294
8399934885b1f373,2236,2870,634,1,39109421
83c16670f4e820ee,5,6,1,1,178976
83df7a4200b58815,64,79,15,1,813872
83e4ccce9beb6fa6,181,187,6,1,1047204
83a65b3b8e827252,89,124,35,1,2215394
83b0783efcdb7860,81,109,28,1,2100842
83dedb5e2fdc65cd,101,133,32,1,1644464
83b5cadc0e5ab482,126,166,40,1,2966406
83e54db1a50452d5,792,1062,270,1,6703719
83cc9071d8cc8bd9,675,936,261,1,9314171
83eb3fac4b771b61,450,547,97,1,9146842
83d6d97cb6e6f8b0,785,1043,258,1,14855975
83fa1d4a2a31ffa4,121,123,2,1,1183713
840366f04a22ae2b,203,212,9,1,2330903
840209f11da0d98e,282,321,39,1,3744056
83eb3592a793f5af,1565,2095,530,1,31568411
840626d12b97a74e,251,319,68,1,4584254
840877147e2119c0,188,197,9,1,995314
8408e75a57258a2a,564,620,56,1,6539153
840716d27ebf8d91,735,937,202,1,12913071
840d143dd65d95b8,1061,1374,313,1,16035646
84102b976b2813af,846,1063,217,1,15868650
84199d5173578b54,345,408,63,1,8892543
84059be8dc987fb6,1404,1752,348,1,34292012
839c427124f4b40a,10353,13733,3380,1,297403407
842769c1f544192f,7,9,2,1,258921
8420a39256880070,303,334,31,1,3083486
84537c93f1d963c1,203,217,14,1,2214775
8457abdacb41096a,224,254,30,1,1639521
84678221739500f0,5,6,1,1,119981
846f5bd645c566cc,215,226,11,1,1454186
84748ca1da3bbb7c,10,13,3,1,234513
847849229a4c2247,26,35,9,1,315898
844cb157253b3aa6,775,992,217,1,20074626
84340a61619c98bb,629,885,256,1,23284716
8470a9327d8ef465,973,1197,224,1,20596108
844cfa24fb8d5f83,1318,1695,377,1,24011305
8485574f455642e5,183,187,4,1,982384
841e409b2b1aaa54,996,1297,301,1,26712365
848d6d5ec6e5d807,189,198,9,1,999221
84815dd256e1649d,190,265,75,1,4382382
849e600349f76678,17,23,6,1,282569
847868575de70c2e,1034,1320,286,1,24287588
849185e0dae2c1a7,326,396,70,1,3080056
84a0483cebde58f0,206,223,17,1,2065378
84a44afdbd943593,26,32,6,1,374154
84a497198d37541b,16,22,6,1,360602
846f0827f181de71,1396,1789,393,1,30212959
8436123e6a71223f,1271,1651,380,1,35428008
8472aa4fcd39ebc8,1117,1423,306,1,31085252
8467b0d66c6b8866,1454,1824,370,1,30337350
84b697ea9b28d10a,130,154,24,1,5484283
8499d54c4b4457ad,720,917,197,1,21085412
849ffff84821af08,726,938,212,1,21122953
84be7b1db0beaa88,3,3,0,0,50205
84baefd4a9d76544,296,326,30,1,7128784
84be9b05a8bb065e,256,297,41,1,2282722
84c7b21e54c822da,204,259,55,1,2390101
848d22d778104092,1163,1666,503,1,30461991
84d824a8f93942da,19,20,1,1,184984
84d4beaf50112828,238,305,67,1,2712887
84db04d1ee090ff5,66,93,27,1,837356
84aa4783d1a1599d,1000,1386,386,1,25467714
84e0b6d88e7a2603,93,119,26,1,1198231
84bbdf7a5739f5a5,887,1157,270,1,10698114
84e44d2c16b8785e,200,209,9,1,1293411
84eedbb9e054e2e2,49,63,14,1,716459
84f83c666ac8b706,180,187,7,1,644543
8507e5ce3290d0d1,29,38,9,1,320401
85096229d67b92e0,259,286,27,1,1294619
850abf4ad71d1f76,155,190,35,1,1526536
84cc54e783152d11,755,973,218,1,11514835
84ad35073aae0003,1346,1735,389,1,30295159
850dba1734d32cf3,285,329,44,1,2968385
847e9bc2e26d4728,2577,3365,788,1,49451522
850bf0527472b74a,1080,1313,233,1,9123391
84ded68812ad569a,966,1289,323,1,17572766
8531449c5aa56154,271,307,36,1,4480755
843abdf205c69cc7,2570,3331,761,1,79797655
850d61b3714f4ccd,833,1063,230,1,21546297
85117aa5a58bcbe1,461,634,173,1,17504946
8539d38c96b754ae,347,421,74,1,11197252
854dae2e28f5a708,2,3,1,1,54768
854144a0b14510d4,210,269,59,1,7496537
8552a12484474c35,5,5,0,0,42561
855051d77e392f0c,71,99,28,1,4388028
8556ee70317a3f29,25,35,10,1,394687
8524e6cfacf820f5,1076,1296,220,1,26829169
855b3a82bfa6bc9a,426,510,84,1,4912682
85331b8b6e541619,895,1159,264,1,22356476
853d5769b0b3b7bc,786,1112,326,1,16258972
85624e08fa2c4069,249,271,22,1,2130523
856952e6a7762a91,244,272,28,1,2172162
853b27e79c16e7fe,1030,1300,270,1,23142921
856eaba331d0d28e,5,6,1,1,62756
85564d788605c839,805,1047,242,1,12066438
857919d95271019e,22,38,16,1,306595
857fb24d53ab18f8,4,6,2,1,70755
856c2f100b8df105,320,391,71,1,3646003
8580055ff0ca7487,146,158,12,1,842533
8580bea0b62c248a,68,79,11,1,709810
853293a9798311b1,1130,1460,330,1,37366012
858b5885724bc6c2,270,297,27,1,1454821
857ff98fa8098de2,288,320,32,1,2428311
8555a1229abba51f,1186,1694,508,1,19541103
856a7f85a010f8ee,806,1043,237,1,9518351
849f57a434506410,3152,4203,1051,1,77382191
8568d0e871387eeb,1132,1468,336,1,14752997
85a1b166281d4012,546,702,156,1,11858136
85978f309082a10e,918,1202,284,1,20115237
85b23744afd3eed3,736,947,211,1,7359110
85968113bf802cb1,1384,1845,461,1,29816104
85a8d27687962df5,796,1035,239,1,11589131
85a667207de2ed85,1424,1856,432,1,13977319
84d97b1f94f78a7f,4457,5942,1485,1,96498281
85c7a8828fb55115,5,7,2,1,67858
85c1338ee75be990,39,49,10,1,508368
85c1832adb957f42,179,228,49,1,2734742
85b620a602c650f2,996,1377,381,1,15218246
85bbd6085c491f93,886,1148,262,1,15890184
85dc59cc0d0aa406,29,32,3,1,307084
85d832fef232d6fc,328,391,63,1,1997053
85d4fc996135dc77,423,605,182,1,6711774
85e7b3257c98be44,138,188,50,1,2442733
85e405092468641d,359,448,89,1,5650237
85e8002abff52629,492,700,208,1,7562696
85e408e984826691,788,1003,215,1,10116525
85e15c3523b995c1,864,1136,272,1,13102126
85e8572c7699441a,873,1143,270,1,12141994
85f69002c782619e,333,404,71,1,6482839
858c10f32bef4123,5375,6757,1382,1,96279055
85b98f9783d815f3,2290,3133,843,1,54023664
85fef6458d1c7b95,616,846,230,1,8838417
86021e6871a34ad3,778,1043,265,1,8481038
860fa0293b85d866,178,221,43,1,1363047
85eea1dbd0665df7,1322,1729,407,1,26799431
8608228c7bfa0e48,817,1078,261,1,9517769
8614d199bc98bb43,1095,1540,445,1,15601705
8620c93d660ae75b,398,564,166,1,9425298
8604bc6604ed5d4c,2069,2661,592,1,33958365
861fb6fbf350f76b,720,946,226,1,13284057
86354a8ba3af3bcb,34,44,10,1,514209
8631a8762963328c,261,292,31,1,1352873
8637556a02a8f64c,270,303,33,1,2370435
862c9e112212f9b0,799,1044,245,1,12971238
8628fefb1f4c633e,1130,1490,360,1,20147449
8630a5f8b47924c4,1157,1525,368,1,13857938
862ec210159dd62f,1130,1512,382,1,22663775
864fec20a2b49b5d,18,27,9,1,1049808
8652e1684eea55f7,149,189,40,1,997219
863fa1545eca7ff5,816,1157,341,1,15877253
8654a48696ae504a,314,384,70,1,4670251
865b6e3a8f6ca304,264,374,110,1,3700573
865e0f6830454bf2,354,439,85,1,3756287
8654367f7ed4e0fc,846,1104,258,1,11985127
866b0b608413feaa,21,24,3,1,328288
86713a6579962b99,20,33,13,1,360315
866b59ac4c2fd88f,88,118,30,1,1468227
866ad321680b7aa3,352,412,60,1,2205858
865730fe18f05aa3,1126,1568,442,1,18849876
867f1ecd082502c0,29,31,2,1,228343
86830db64806206a,81,128,47,1,1426249
8685ce7418758c45,79,111,32,1,1157387
8677569aa6c4a96a,802,1043,241,1,7458846
8663b81cf03448e1,1481,1927,446,1,26378340
8694d271844b316f,20,27,7,1,318836
869eb925de5d9602,24,38,14,1,499454
84aa4364a32677b5,11662,15510,3848,1,283941744
8671a875d7d40401,1321,1695,374,1,25414292
86b13af2d0201882,73,105,32,1,774412
86af64543fa6d762,97,131,34,1,1014888
869028fb3f056e71,1666,2114,448,1,22397556
86b86a579325d225,4,7,3,1,96676
86bdde0e90df876f,67,93,26,1,980174
868fa54969dbcca9,1134,1528,394,1,25251600
86955046476b1cf7,1323,1733,410,1,23317768
86b287fc17c2ec7b,856,1151,295,1,8437164
86c906c6b7affe7f,192,198,6,1,1076082
86c48d5ceef91dce,127,194,67,1,2302134
86e13f19ee9e99fc,222,255,33,1,1103202
86c34f77e5f7bb36,925,1258,333,1,20990969
86caf13f8368981b,1431,1816,385,1,17338313
86e949bc557fe2a0,144,197,53,1,1326561
86eb919e07bbf79e,128,179,51,1,1954608
86e72b8a4e7de26b,380,473,93,1,4554568
86e0f64cd78e64d0,834,1061,227,1,12451064
86f08147943c7361,406,461,55,1,3237876
86f04543b688fc3a,331,402,71,1,3291079
86f20e710bd8953b,262,307,45,1,2508755
86f03ff57df61230,686,974,288,1,13131297
86eaa68205336c7f,1140,1529,389,1,18526308
8497a04b85f83827,14039,19232,5193,1,422373868
870f1e903f352458,6,6,0,0,92825
871001e4e611a134,81,109,28,1,1355174
86f3a1691a53cf88,262,302,40,1,2767866
871ba05ce4c4ec18,40,49,9,1,508943
870cfaa7cdbb6d9b,351,420,69,1,2919607
87302f07f1897cd4,42,52,10,1,349470
8732e14443188593,7,10,3,1,67708
873051581509bd4b,849,1104,255,1,10033855
8739914622402ab4,74,83,9,1,521706
87408f3fd57047d7,99,146,47,1,3025438
8706e449f90fc472,853,1080,227,1,18455231
86f6afe640b2a11c,1062,1370,308,1,22520512
871901d2c392ca30,843,1080,237,1,19911668
870b1296586fd65e,1033,1343,310,1,22491212
8721e4f2827fd7ae,935,1203,268,1,21692774
86f38c55d1fb6b88,1233,1611,378,1,26323026
86f5276bae061e09,2414,3106,692,1,44696775
87120f3afac45f70,3148,3997,849,1,60712077
87650aa0e23c05ed,5,6,1,1,116852
8777c5650ae4d142,109,160,51,1,1009684
8778a967f46a8a7e,116,159,43,1,1958939
8749a21009a3eca7,255,289,34,1,2761418
8753a6f9241deffc,621,798,177,1,6077589
877c180a133b1e66,225,332,107,1,5255181
874c9bce8c3d9509,1110,1437,327,1,19826129
86fa79e18b8c3a93,4576,5987,1411,1,87478698
8769c9d7c0425266,1362,1758,396,1,25627021
87847a58b3a19ab6,299,356,57,1,2445640
879223857c2882ba,103,134,31,1,1386657
8793ad7a4ccd7035,89,121,32,1,974658
87934e575a43e54f,266,303,37,1,1744721
87968503bbc20860,209,225,16,1,1668681
87796e0f3cae4c86,1614,2012,398,1,29537106
87a433582a96a312,253,365,112,1,4767143
87a19b6c36d2d7a1,588,868,280,1,12555696
87a2cbe9b7ad1c5f,777,1041,264,1,13217793
87b38119d3ac4eed,819,1097,278,1,12682635
87c3af5a096d71e3,208,217,9,1,1577613
87ac40caa9185dd4,1106,1461,355,1,20329662
87c337da9a840eca,356,418,62,1,3665327
87c2dbc05dabfe79,742,948,206,1,11603841
87d77c341f787eea,258,355,97,1,5452719
87de31fbfcf8c851,64,79,15,1,1861072
87e0f52651a176c9,171,221,50,1,2554741
87b7c6672aaea6d5,2099,2756,657,1,30477542
87eb76e8f9da4f72,104,135,31,1,1461915
87f0b50545154252,130,172,42,1,1274057
87ebd11ac92c8f11,666,871,205,1,9563705
87e857c371c6e305,902,1215,313,1,11416942
880085731279fbeb,86,116,30,1,1492428
87f818f759d57852,786,1011,225,1,9453581
87e1886e2149616c,929,1182,253,1,15904768
87f02be33ddc7d19,905,1173,268,1,14377912
87feb71f3f96fc3c,621,785,164,1,12405924
8804199d6dc0c30e,723,954,231,1,14527294
88013b0485995b5b,788,1054,266,1,18859499
87fd6f3832837ff8,1039,1361,322,1,22389815
87406f4d858b119e,6934,9428,2494,1,162070601
8808a56c79f3188e,959,1352,393,1,16149513
881a6607ebd6c15b,11,16,5,1,198702
881605591d15c51c,1174,1534,360,1,11702891
86d7e8389b2f1ce3,9928,13355,3427,1,224606360
8814244525dcea98,1698,2378,680,1,18459309
8839e4deef6a72a1,566,716,150,1,6263395
882b427fce03c19e,1307,1744,437,1,19717689
884ab6060fe38c9a,74,107,33,1,1157114
885b68a44901a697,103,133,30,1,2268323
885129fb9330f40b,565,716,151,1,12779879
88459b4f676cb308,1064,1341,277,1,18336448
8844def57a666277,1207,1570,363,1,20141617
8850b3e2e808ecf9,1094,1433,339,1,20630735
88491b4a950122cd,936,1164,228,1,20436449
886c6caa24aba6f4,779,998,219,1,8934026
88749eff9f9d5e85,184,194,10,1,1124012
887089ae01b058c9,993,1281,288,1,9474352
883ecc61e5983d1a,1942,2611,669,1,36634201
88798ac62996e3ce,704,899,195,1,10890965
887d73d517dbd798,659,891,232,1,7322840
8885790f433d16d4,5,6,1,1,47051
88733b702cafb229,1150,1505,355,1,24617648
889825d2045d908c,44,52,8,1,348580
889f21a99fc9472b,64,100,36,1,1056553
88a425bfd04b7fce,279,323,44,1,1873496
887926a742d9dcd3,1862,2433,571,1,26246108
88a031f1635568ba,809,1076,267,1,9339728
88b2eac0cd118dac,7,12,5,1,203481
88b71290ffb67941,154,168,14,1,1391017
88bb4e9a4c63cce4,62,79,17,1,788297
88be1708cc19b419,255,280,25,1,1159565
88957b8563759ff3,1207,1719,512,1,21869806
88cd7a5d44c446ac,139,169,30,1,955800
88c1516c6b08d4b8,836,1074,238,1,16048936
88d83b577f99dae0,55,71,16,1,641219
88e2eac03e6f332c,337,407,70,1,3760772
88de6c48479d88a6,510,682,172,1,6744527
88ecb415a90cdd44,804,1059,255,1,12659028
88f37e764fd41b22,882,1172,290,1,9760133
890c4d28a5727f86,37,48,11,1,549788
89080deaa327084a,734,968,234,1,7525951
890e84720d76a5ec,267,297,30,1,2001954
890d40e5ea3d184b,1505,1958,453,1,22475498
892a1ce9a5e51492,440,608,168,1,8642252
893c54c960ff6f94,322,404,82,1,4632650
894a3b10aa63edd8,39,51,12,1,652182
894d66b44fdf543c,186,194,8,1,1207921
894b886390f05f69,224,257,33,1,1522531
894f1fbb20300f24,252,300,48,1,4677437
8931631aed91ca5d,1141,1502,361,1,23291043
8950b3956ed49821,652,864,212,1,7282106
895bfef12388681f,260,284,24,1,2243708
895d6256504edee6,242,268,26,1,1385731
896a44fcaaacdfae,4,6,2,1,112939
8951b0da0a15abbf,883,1118,235,1,13859769
897a5fffd7809068,429,561,132,1,9007793
898e219661bad94f,42,52,10,1,586938
8988b35a77cf4e05,252,290,38,1,2162816
898399cb2d319300,1134,1592,458,1,15454582
89915a6e91883cd8,1118,1510,392,1,10164324
899a25ad79df5043,3,4,1,1,88561
8994946b49b56fb8,965,1428,463,1,9541123
89ad89dd879a22b5,136,147,11,1,1606128
89b4101aa5873b03,9,16,7,1,241884
89a011bcd65f582e,1257,1668,411,1,22338516
89c1709da8227d2f,36,48,12,1,427480
89cadfb3469fe4b2,14,17,3,1,243147
89ce1b80d9be3ea5,74,100,26,1,615877
89bfdcb333468820,741,957,216,1,8555756
89bc6ad4958c6e5b,1523,1941,418,1,22528578
89dd27be7610d142,253,335,82,1,4889680
89e1db84e638142d,152,161,9,1,1556779
89e3dbc15529031c,234,259,25,1,1246337
89e0dc4f72b578d7,812,1036,224,1,14258752
89e7a380edcd0e5f,132,159,27,1,1585502
89e5de368df0486f,322,401,79,1,1977073
89fb866cca4f1ebd,89,116,27,1,793020
89e8c1be00a37ab5,1053,1346,293,1,11389350
8a054249ef9d1efd,303,334,31,1,3107065
8a08c586f3ad93a5,198,214,16,1,1916694
8a0cff609d7f0331,208,224,16,1,1028342
8a131179b2009833,752,987,235,1,7243029
89e182c723dc6059,2794,3999,1205,1,59860390
8a0a3f027b7197b4,957,1251,294,1,16677014
8a25bcb1fa835f4e,260,289,29,1,4521847
8a25b440e97f6a3a,628,782,154,1,8101017
89e1329d86a123d2,3712,4781,1069,1,64363730
8a17840e4b984179,1035,1348,313,1,18170985
8a3b1596b9b1b343,3,3,0,0,76889
8a36f0ce429a4b3f,341,520,179,1,4273764
8a46da4b8e371385,2,3,1,1,70859
8a4913ce9637d665,35,40,5,1,476732
8a48d8151e6d3d72,861,1081,220,1,15008967
8a59f81f834bfee7,115,156,41,1,1453899
8a522c43ec3c5a6b,304,344,40,1,4738214
8a5336bab7917fee,411,576,165,1,6073136
8a56e3efeecd2253,328,411,83,1,7181842
8a50acb25e2b2932,971,1286,315,1,17368996
8a665a3b1672c0dd,347,423,76,1,4173722
8a628dd89c8ba850,1180,1506,326,1,24593741
8a782a62b514d3ce,538,677,139,1,8389875
8a697ce8f4b6fcda,1853,2487,634,1,30923620
8aa62ef750ab3550,190,197,7,1,1052924
8ab9844b6728fb43,196,206,10,1,1219716
8ab7918bffbf5965,215,237,22,1,1840595
84061809de61a8cf,35868,48396,12528,1,1324899511
8ac3ea173fe7868b,106,136,30,1,1666471
8ac72a21e60c45ad,269,295,26,1,3677407
8ad131a9c5959336,5,6,1,1,139913
8acfc3653176f1df,2,3,1,1,142918
8ab51ff7bfd098cf,1058,1396,338,1,27002374
8ad66fd59f035a8d,3,4,1,1,65551
8ad6bb1fd0c1f90f,46,57,11,1,565181
8ad09e92d843528e,65,79,14,1,790939
8ad9474d2606dd5e,250,353,103,1,5033758
8ae43c2b3666377d,10,16,6,1,182565
8ace51af86cf0e2f,1206,1658,452,1,12458949
8acbb6610420994d,1040,1324,284,1,15760250
8aee2d76107da330,85,115,30,1,1181163
8adce5051423aea1,809,1074,265,1,13039534
8ae6bf7fa229e874,1104,1453,349,1,11834989
8b00b20ec7782169,247,343,96,1,2552521
8afeef1f3da78f95,1122,1462,340,1,19882595
8b17f64491ff8d4d,30,39,9,1,647964
8b1a95704d2b6d58,244,311,67,1,3162409
8b15be397b6e49f2,1156,1451,295,1,16151281
8b27ed3092ed6de7,39,48,9,1,503779
8b3813fa11e19779,45,49,4,1,386064
8b31bde99a5a326f,530,641,111,1,5417279
8b1be1f8b38cc1fe,1257,1680,423,1,24465077
8b543012c8fc11ce,119,123,4,1,706553
8b4725390524c825,872,1170,298,1,16188999
8b3c2e3c0eda7945,978,1298,320,1,22533015
8b6f1161d03035e1,3,3,0,0,59587
8b53deb608343947,690,877,187,1,17695010
8b69a7df9cf784ed,131,169,38,1,1685605
8b6c4f55ed887eb3,200,214,14,1,1195949
8b6ab829a9d7bbf2,185,187,2,1,1258738
8b6f6dd17ae74935,93,127,34,1,1386702
8b6ab78080404e63,472,648,176,1,5953492
8b6511a4536345ca,483,639,156,1,7311311
8b22d878c5cacbfe,2578,3401,823,1,54548044
8b7326ba177f0846,98,134,36,1,1375174
8b8274065b676359,73,75,2,1,429520
8b86fd4a9595c143,3,3,0,0,42477
8b59bd9967baf662,1299,1641,342,1,33774937
8b9ce37881ae2e4f,25,31,6,1,306238
8b9cba8b6d3c2e7b,124,168,44,1,1694248
8b91613f7b22065b,745,1046,301,1,12592338
8b71eda5fd7b6146,2009,2616,607,1,41252990
8b9b2abf6848306d,711,941,230,1,15961539
8ba8625f538f31c8,198,210,12,1,1870066
8bb0cb4d739effe6,130,168,38,1,4663430
8bd15298139ec1d4,265,292,27,1,2506548
8bd12bee272b2500,286,333,47,1,5369452
8ba7cadd1167fb60,566,722,156,1,11749201
8becc891d16b997a,1,1,0,0,49217
8ba3faa376571e56,756,962,206,1,13342650
8bb5d6b6ccc18816,606,804,198,1,13239718
8bcfb2e6e7e69bfa,817,1022,205,1,12629622
8ba7fd4337b0fce2,913,1192,279,1,18276543
8bfa2cf9afd23ae8,336,449,113,1,6265987
8bcd7da0388ee4aa,817,1082,265,1,13853975
8bfe8aaf295a469e,257,317,60,1,3924562
8ba6145ac78e8e26,1126,1457,331,1,23214998
8c090bed06ffbd4f,33,48,15,1,580555
8bb10c9703426b97,960,1428,468,1,25319873
8bb54110a7c74f16,912,1208,296,1,25828779
8c11abc0a09b22de,25,38,13,1,490717
8bfc43367951f649,978,1288,310,1,18849177
8c133f22b4f16e46,131,147,16,1,984517
8be6215c45f2f038,1210,1592,382,1,31920555
8c10919d9b03c225,1084,1404,320,1,12028879
8c18b8124ea2d87a,869,1117,248,1,11851910
8c0cc766bdf8e6a3,903,1197,294,1,23489788
8c14ff1289450b3e,818,1074,256,1,17664130
8bff890cac200251,1172,1675,503,1,40355564
8c29a1106ab6eaa8,113,136,23,1,3043704
8bd0930fdabeaea2,3337,4452,1115,1,67750550
8c2fb4d8a53f9a7b,496,642,146,1,6547515
8c3f36b39a1e48ce,102,126,24,1,902744
8c25b6656da2dea4,1288,1639,351,1,24878938
8c4280c176b30f0c,296,336,40,1,1687791
8c47a1d7463b9ff7,840,1105,265,1,10288900
8c55faabc4c82aa9,89,119,30,1,1392706
8c519a778ec4f11d,202,223,21,1,1557819
8c50890bf31695fc,512,639,127,1,6379010
8c61975220127371,26,36,10,1,436450
8c6ba1996b0a9352,108,145,37,1,2347949
8c43a23eb0fbf77d,2174,2706,532,1,34411648
8c6fe6eb7ba80e97,274,296,22,1,2055820
8c85e869098f7725,119,167,48,1,2063953
8c471360437b84ef,2469,3413,944,1,47007816
8c892ea5080e3c08,10,13,3,1,300763
8c8c10064d01dd41,191,197,6,1,1528870
8c94fcc1b1a0acae,210,300,90,1,2967068
8c8da0a4ed7e6377,348,421,73,1,5917509
8c8565b242401323,912,1210,298,1,16191163
8c821df357120213,1485,1923,438,1,25166708
8c9c9bfa87c757fa,390,538,148,1,9101753
8cb7a00d98cee73d,129,165,36,1,1601998
8b9c848352d005f1,9938,12912,2974,1,207435764
8c877a021e356bb4,2595,2873,278,1,31141388
8cc2d5f6c8278a61,94,133,39,1,1733770
8cc2cf4aee8f730c,174,252,78,1,2861136
8cc2a4578287fdfe,292,352,60,1,2950061
8cbf18cc69ba5816,389,570,181,1,4951238
8ca000071268868e,1757,2330,573,1,33169288
8cd9347ab202e090,68,94,26,1,861764
8cc78b3480b5f9bf,242,370,128,1,3403081
8cc44a9deb7c12a5,1276,1610,334,1,16211838
8cecb1897653de3a,78,115,37,1,1323868
8ceb89e734d862a5,212,228,16,1,1414172
8cca6cba84454883,1101,1487,386,1,14621249
8ce7edfd52bfd88a,267,356,89,1,5014716
8ceedb8f5050bc03,156,221,65,1,2554106
8cf9c958918013d3,63,90,27,1,624445
8cc6bffdb0651229,849,1086,237,1,23865940
8cfd7c54798760fc,126,153,27,1,1723899
8cfea0bfd4a17ac2,171,193,22,1,2680775
8ccc3a7a0c8718a6,900,1298,398,1,26009821
8cf3737a1ba39559,564,681,117,1,7968596
8d0cfc6064f83120,124,172,48,1,3704571
8d12c927a88c2bd1,350,386,36,1,3130068
8cff826ba2c50f77,609,804,195,1,11718632
8d0a4dc5619d742f,815,1042,227,1,12394818
8d1e61a7bc2e8d13,99,146,47,1,1512867
8cfd2104058e425d,1122,1530,408,1,19067055
8d464eb3b146b133,31,35,4,1,1633213
8d25a263e0aa5806,106,131,25,1,2609789
8d44abd3dc0714c7,64,93,29,1,2131662
8d2887fb93cc1f74,160,189,29,1,2403876
8d26534d82a3edc1,318,382,64,1,3844398
8d2afdb5ae05caf2,407,497,90,1,5605619
8d297e0abed7b85f,706,931,225,1,8554736
8d49b38d10b65753,433,529,96,1,5137223
8d33b50c2223fdd9,752,957,205,1,10305425
8d52c0679bfac446,248,284,36,1,3768164
8d5d2fd8d0d5cf43,370,444,74,1,5965433
8d3a509f49264ca0,1381,1805,424,1,25354750
8d7641d34efbd78b,118,151,33,1,1120936
8d8243ce4a929413,197,212,15,1,1117143
8d64304f24ccd2d0,1287,1689,402,1,21285702
8d915fe16428272d,66,94,28,1,720568
8d9006ffcb50a4c9,181,187,6,1,1055556
8d4b9d9c722995ed,2459,3203,744,1,46926122
8d8d236795b59d3d,294,363,69,1,3440770
8d93ff6ec0895b34,557,684,127,1,9074875
8d96def32c657bd7,268,296,28,1,2329597
8dabf6cef980453e,86,119,33,1,1716084
8dae23ce8a57daad,140,200,60,1,1555910
8d8809606fb8d9e2,1387,1794,407,1,28293636
8db2ee21fc68864f,100,134,34,1,3213850
8db89d3960ff9974,84,109,25,1,2015550
8d8a48a7d4e87934,1360,1839,479,1,24514364
8dad61fff469e096,614,794,180,1,9683811
8dc172f7b6759590,90,135,45,1,937319
8d951d7f92bcce97,1449,1796,347,1,20828472
8dc884e2f120c55c,587,828,241,1,7825450
8dd37f6078ac403a,251,353,102,1,3918560
8d181fc634670de6,5422,7148,1726,1,113096398
8deace1bc1408647,3,3,0,0,50422
8deee297d5d47581,118,123,5,1,507093
8e024e3dc90b5381,42,49,7,1,722291
8dfa8d4ce8f75b8d,578,800,222,1,6044590
8e077e486cbfa304,249,272,23,1,1363016
8e0f0d8978e73355,227,254,27,1,1200196
8e11ec127ab05de6,39,51,12,1,567389
8e11c9c779485df8,210,228,18,1,1538816
8e15a6da9f637412,156,192,36,1,3908389
8e1f568731579f5c,209,254,45,1,3161259
8e2e2885db6d0fef,304,386,82,1,4252043
8e3233584b6d57fe,640,864,224,1,12878486
8e55c913dfd935ae,2,3,1,1,58863
8e5b7db5074e1efb,245,275,30,1,1859583
8e5d5b9cb323d2e8,92,129,37,1,1599371
8e60d62809324b5c,50,65,15,1,511864
8e65379011d835c0,18,27,9,1,254400
8e6570975991a97b,263,296,33,1,3494470
8e7587ef6d73460d,100,132,32,1,1381222
8e75f38e13e8c85e,209,232,23,1,1352794
8e62221c4c7091f9,1824,2347,523,1,35772173
8e98fef8a87a56ef,6,8,2,1,210789
8e874acd944f3509,194,201,7,1,836653
8e985671a28127a9,29,40,11,1,388059
8e83d8970a795df2,546,617,71,1,4770725
8eb517e434c641e0,19,27,8,1,429611
8e9073e974b028f9,853,1123,270,1,15879362
8eb015ccb3bef55b,517,723,206,1,11347968
8e875e8772141cf8,982,1262,280,1,17242692
8e7d904a467474e5,1221,1447,226,1,20091780
8ec365049da9fe43,188,197,9,1,1053085
8ec0c8b8e8bde004,963,1254,291,1,12787166
8ec3366a17ecf918,913,1239,326,1,16049481
8eef58f098d2d66c,2,3,1,1,110387
8ee9408e83dac3b9,47,58,11,1,1190409
8ed8ded1bc232928,89,117,28,1,1666128
8eced58a58c76ac8,555,703,148,1,6752375
8ef28cbc4dead015,128,159,31,1,1919142
8f03c0a2ec8db671,263,295,32,1,1430937
8f048d841bdadb96,306,348,42,1,2162429
8f0e9a9cf4d2868d,103,155,52,1,1308112
8f13506f339616c8,76,103,27,1,742496
8f15b502c7c5be1f,199,214,15,1,1116824
8f15f3306d60ad19,96,125,29,1,1442064
8e6ff88617012339,5213,6675,1462,1,107383675
8f22e47cdf723145,89,123,34,1,1273440
8f29d051210eb02c,65,87,22,1,1098455
8ec1cddffd564cc1,3772,5032,1260,1,68483833
8f304ceebe890e76,103,130,27,1,1070128
8f2a33105a07946a,314,373,59,1,5282073
8f2e9f577367653e,1105,1678,573,1,9842376
8f395f36f825d688,2,3,1,1,68612
8f3fac0516c0e440,528,590,62,1,6644824
8f59871a9a27600e,107,146,39,1,1665383
8f60ac82357a260d,136,151,15,1,1294676
8f462c48ea9344c7,1159,1488,329,1,20760597
8f61aca6cab24fff,230,348,118,1,3988784
8f60961844a05953,250,268,18,1,3613522
8f5d0e9e7cfd55d9,389,559,170,1,8894294
8f7a99f14e3f3312,11,13,2,1,276105
8f310afb1697f9ec,3202,4146,944,1,41919230
8f80e63596e0d44f,307,339,32,1,5219349
8f788ae482f4426f,446,596,150,1,9582465
8f8abdf575f1eb60,445,632,187,1,6578919
8f9a162f0a0ee448,3,3,0,0,79081
8f9a2d3d6e30ae67,259,280,21,1,1936049
8fa3904332c5360e,120,167,47,1,1908365
8fbf428c209169ce,221,233,12,1,1602474
8fc2810e2e165120,204,224,20,1,1411378
8fd72124cabfd7c1,13,13,0,0,114683
8fc3f7f40ff51c72,420,498,78,1,4323852
8fd658d5b7d421ba,295,325,30,1,1950887
8fe099822188108b,34,44,10,1,488350
8fe09c0e6efb4e26,192,202,10,1,1017115
8fe5ef4fbc582f54,39,48,9,1,570130
8fea7129f9b1abe5,44,64,20,1,764869
8fef1a60404d7cac,260,280,20,1,2308104
8ffd9a4cebc7de48,103,143,40,1,3004173
8ff18abbac570705,470,628,158,1,9560424
8ff6188aeb36cd42,687,872,185,1,12803530
9008d28b74a435c1,178,227,49,1,2345678
90235ded643d7a10,41,51,10,1,650949
90103832c21b1d5f,92,131,39,1,1809070
9034060a18fddc36,150,183,33,1,1856305
9030b5d182f72843,68,91,23,1,1577372
9006c478e4138c74,2616,2889,273,1,22939756
9048e3e9208a9675,83,118,35,1,898990
904369efcee73e6c,249,377,128,1,4667963
90548953f2117bf1,84,116,32,1,899894
9038fd9b7876ad33,791,1104,313,1,14793618
902999040b7e2c8d,1580,1991,411,1,23080035
90358a0bbc727b0f,1113,1567,454,1,21723345
9056d2b56865c193,461,557,96,1,5171844
907da8a2137216ca,2,3,1,1,86977
906b60570e0d6976,318,432,114,1,5526675
904ac87b088ded63,1554,1972,418,1,23481677
90858f9d0c09c4ab,184,187,3,1,1138783
907819fdbf27d7ba,576,724,148,1,7427042
9093100954c1c8ef,328,422,94,1,2880875
9088a9b1f6c87838,497,654,157,1,10699911
908dcc8cc53256be,836,1127,291,1,11083779
9088d89283fd06bc,946,1208,262,1,19020226
90acfdadde23c5c7,4,6,2,1,137964
90a397c89021ba0d,27,35,8,1,459462
909cce976bcff4ee,77,112,35,1,939296
90a9520802d04380,53,67,14,1,756789
90bba536f7f33e58,82,113,31,1,1352172
90c191c7084374c0,211,228,17,1,2794090
90a235912ca84f1c,399,451,52,1,6942345
90b2d06a23c8bcdf,843,1022,179,1,12104689
90de650a43d6ff46,7,7,0,0,80569
90ad61cde7a67969,1535,1999,464,1,28394105
90e9e67d3d68f415,123,148,25,1,1073627
90f0e17206421f43,32,44,12,1,552742
90e5aebe2beba077,1211,1405,194,1,17102328
90ef189697eb1795,1277,1653,376,1,21865479
90964e7b168b5ddd,3471,4460,989,1,59518072
911e1624c7c4ed34,186,194,8,1,1064824
91293a5cbd57e723,30,39,9,1,478915
91395ca4f3e06822,200,207,7,1,732708
914bdea041f6268e,39,48,9,1,478433
914d80e67dae53c4,38,48,10,1,518250
9149fb46dad18693,470,513,43,1,5067729
915f494f9579546a,38,51,13,1,592439
9158e9798da7e374,265,341,76,1,3915313
9112e5a2100a2ef2,1447,1971,524,1,37966262
9158b4e855420501,620,908,288,1,10582230
91741ecff24e2d84,150,211,61,1,1735529
91811e735fd9d7ee,104,138,34,1,982868
911e38812b3ff421,2462,3319,857,1,47219553
918e6b9a127d78fd,101,153,52,1,1771797
91868f4796064fed,436,596,160,1,4878479
919a915ba53fdcff,338,426,88,1,3325579
91a9f4ed49e5a114,202,229,27,1,1663177
91a6ea79ca9e566b,291,340,49,1,3652749
91b10a3a08c72a99,84,109,25,1,788100
91b02cd708f0f729,111,167,56,1,1837733
91bef6775c94247c,4,6,2,1,154248
91bb42820b1b65b1,118,152,34,1,1267117
91b8bba9bf291fce,149,167,18,1,1334827
91cea0de5f8c9b5b,195,263,68,1,2730465
91d45fd137f467d9,187,246,59,1,3482044
91e8f2558eceb22f,96,128,32,1,2171892
91e651ad6b64f0af,166,213,47,1,3353731
91f083dac25756d6,37,48,11,1,622114
91e1671bf3239b97,1164,1569,405,1,18090370
920102e535e9ba2f,107,143,36,1,2064836
920e7b4a071d3563,154,167,13,1,2409768
9208d572f44073fe,105,131,26,1,2694839
9224bcba4b9bf657,489,623,134,1,6776724
9228ab9f4f59246c,423,559,136,1,6207973
91f3cd2066736420,1545,2094,549,1,27436401
92358bc68589ccf6,340,395,55,1,4527200
923f0774b94b0749,99,123,24,1,1975010
92447cf186b6b9f4,200,211,11,1,1429478
91f5e361dea9dedf,2556,3416,860,1,50079764
9265693235c63c36,27,35,8,1,361418
9261860c13ea5f93,212,224,12,1,2037779
9256d08e50f494d2,270,305,35,1,2878776
9295e757bd9e53ce,2,3,1,1,86478
92826a10f49f36f7,9,11,2,1,178552
92960a1e068ab34c,37,44,7,1,2077663
9286b1fec390cd77,109,144,35,1,2850253
92976ed493b2af42,5,6,1,1,3001566
929f3a9d439d1a90,85,123,38,1,2902698
9274e13cb6d59120,91,125,34,1,4440697
92a842c08545c472,199,209,10,1,2439471
92aad7072d13db2e,72,97,25,1,4749412
92be937d53459a96,23,38,15,1,627746
92b7ed7ce3cf882c,43,50,7,1,1259221
92a0f74bea4fedfd,469,587,118,1,8168694
927a5a37644cfa96,743,963,220,1,12293903
92e1fd944aa1ab14,5,7,2,1,163483
92f3ec1e748782e8,181,187,6,1,1020023
92f3acccce710b79,29,39,10,1,351250
92dd3317c0893f55,135,197,62,1,1963865
92bc9fd1460f2404,896,1178,282,1,16493737
92d63fb1ec4f2b81,262,299,37,1,2321489
92f5aabb384bcd13,201,251,50,1,2529316
92efdaeb953c2570,299,372,73,1,3589169
92b014e8b73f5d57,1366,1844,478,1,19311288
92f64c7865209a19,515,648,133,1,6182359
9303e33c3f9b1575,101,126,25,1,1395118
92ff6777df2087c3,142,185,43,1,2199973
92f63d9e4e699971,764,992,228,1,9410247
92fd9838a9216f1a,804,1031,227,1,14794822
9253e12ff2407d08,3848,5076,1228,1,96684703
924e69d9a822f2c2,8176,10090,1914,1,106763248
9321aa3dc913b85e,857,1124,267,1,10762670
933f64f8dd09334f,112,174,62,1,2092684
9349e4f2f3d37cc2,30,44,14,1,518955
93475e0591965148,96,129,33,1,1939131
934b36c594c6c6cf,36,47,11,1,730091
934f38202a69c606,241,272,31,1,2623890
931ccdd75269742d,2297,2980,683,1,28861903
936120993daa95c6,95,136,41,1,1410310
93588bcac4cbba9d,285,312,27,1,2873142
92ccc07147127c38,4008,5321,1313,1,91260069
93772294325ed923,13,27,14,1,544775
93762cf29c7c7aec,42,49,7,1,711304
9381c4b0c05f3e23,5,6,1,1,114339
9386d536c3b46a49,28,31,3,1,816070
93803e56e6d013e5,425,559,134,1,6232742
9383c327acdd866f,346,431,85,1,5661707
93a1af8600e3baed,100,134,34,1,1645444
93a4f9c72fb24b33,185,188,3,1,1207732
93a88f24767eeefa,15,22,7,1,298708
9392051c6bcd5ad9,605,766,161,1,8615040
93ae6a7a98540ce5,39,49,10,1,759186
93af1ec78531d2ab,297,350,53,1,2542691
93afbd6e7b5c5b02,167,217,50,1,5009360
93caa29bced8967a,2,3,1,1,88928
93bde868227fe5ee,39,49,10,1,428820
93c86583bf69d002,247,279,32,1,1518672
93bc6ab13968b7b7,517,753,236,1,7767431
93fcfa8aed07024f,92,131,39,1,1542375
940761623d385db9,5,9,4,1,126245
94194d57b2cca1ba,97,135,38,1,1583817
941acea9f7413d9f,86,111,25,1,1311225
93d6bd5c67bdc183,2096,2840,744,1,28595001
925b2f377dfba9d0,10405,13728,3323,1,254818137
9432f8b576ce365c,628,803,175,1,10360355
94334d2402f1b7a1,453,543,90,1,7986291
94409c02b94e3425,415,499,84,1,3354812
93b46914817a16ab,3525,4663,1138,1,71884505
9452e611e359c8f8,2,3,1,1,72994
9472557a77b53e50,14,15,1,1,143769
9498840429d63e69,13,20,7,1,291320
947b949c8cab444e,93,128,35,1,2149925
9463b43ab1bb2e7d,236,322,86,1,5466859
949bc7667e0392dc,307,359,52,1,4325743
94ac694a853a4469,204,214,10,1,3891897
94ae40dd70d8eaa5,75,100,25,1,2300350
94a4486411737cef,178,242,64,1,7065908
94a1dcea5ac176fa,397,491,94,1,7195893
94ac724515f33375,155,221,66,1,2496426
945ee7e2bbb9ee70,450,503,53,1,9421991
948946f4558fb1f4,550,764,214,1,12195466
948a2bd369219718,728,922,194,1,12191439
9474282bb9f7bfbf,939,1186,247,1,14983379
947f1667aeddf2c6,949,1244,295,1,18497178
94aeaaa8cb5f4b2d,884,1169,285,1,15295347
94d608a2ca83763d,2,3,1,1,78430
94d1db2ed05c6fee,3,3,0,0,50006
94ce6e0f4516afac,166,180,14,1,1270218
94e7cc9615eb4cb8,14,19,5,1,1035427
94c8a64763c57613,923,1208,285,1,14280610
9502d3b489129074,183,187,4,1,1329262
94f35e70465191c1,212,277,65,1,3412768
94f7135c059bfbac,658,776,118,1,6234211
94e72f09295db12e,1450,1847,397,1,15117932
94603e79196c8da7,2534,3420,886,1,59379552
9518e75bf7f2ab21,114,149,35,1,4174126
9525216069b36b82,3,3,0,0,100586
951a0ec98ee0c943,97,134,37,1,3365880
951a2a04aa6c1a14,335,418,83,1,4592674
9516c8732beb68d5,1068,1468,400,1,19899803
95321ad93c7e4785,763,970,207,1,11017608
95260483d42c982b,1243,1732,489,1,13752072
954609649737095e,94,124,30,1,953067
952c9fc9748304e7,1192,1595,403,1,24343871
954ae064a1c2db1d,9,12,3,1,286930
9550b795dd68eac5,5,6,1,1,110905
95544b6b8d69a1e4,5,7,2,1,97589
954b406710165ce4,310,472,162,1,3363665
95686f304ee1f291,72,102,30,1,2136557
95644a8e5fcfa0a0,259,284,25,1,3086051
9571ff9c53ab370e,125,165,40,1,2272695
955e6b35b0f07e84,1021,1271,250,1,16583552
956d906c6c6ff956,806,1061,255,1,15830223
9577c39be3f4f461,17,25,8,1,526420
95848f717dc413de,26,31,5,1,478311
95a56cda065b88f8,4,6,2,1,60645
95893f5998e390f8,40,49,9,1,598878
95a3e8b8afbbc622,2,3,1,1,29186
9576a5fd676abf9f,5,6,1,1,116685
957dd323b55f71bd,95,120,25,1,1313621
95785ccb5cbc026d,104,134,30,1,1544789
95ae64aede88f096,5,10,5,1,146289
957ba7f7b971f015,112,167,55,1,1646845
957a232f1576904d,80,119,39,1,1835481
95772bc0cd2bb974,94,129,35,1,2096445
9592c0cfb9390f99,255,280,25,1,3470871
957a9974a865cd08,476,588,112,1,6988170
95b84636d6627775,276,328,52,1,2791104
95c267ce87d6a68a,88,121,33,1,1725269
95dee76a8c7f8305,51,63,12,1,770769
95e2211feffc44fc,4,6,2,1,90271
95c3981ae07a32e8,479,644,165,1,7946494
95c8ca1b43bc2df2,479,582,103,1,11168405
95ec7bd8ebbb5419,208,228,20,1,4774681
95f010d82bec701a,4,6,2,1,128145
95f5b6a6238de6a0,182,187,5,1,1039496
95f9c80bff9255ea,205,214,9,1,2461488
95cf52b5b4b87192,1008,1326,318,1,18717416
95f3fc9736f7574e,323,399,76,1,3334010
95eedab5f7507ddf,440,544,104,1,6232794
95f88ee9f0c921e6,610,775,165,1,13269932
956d45f06ce17750,2990,4186,1196,1,68009048
96146142ea9f910c,19,27,8,1,736772
960a5e49b68ee5ce,32,42,10,1,962402
9607951221baa0e6,60,88,28,1,1869635
95fab2fcdbcee3e7,105,153,48,1,4175317
960b240d77af6edf,309,338,29,1,5075681
961a700cea94bade,325,392,67,1,3239805
960ab518c6abcf9b,460,584,124,1,9839273
95fa59908575576f,1184,1678,494,1,20731049
9634f9437ca7ca45,131,147,16,1,792340
963a01b8ea820133,33,44,11,1,367812
944343710357f131,10708,14273,3565,1,317641228
95f48c79bbfa00ac,2547,3365,818,1,36319232
96322672d7698cd0,1253,1774,521,1,27337922
964acd1760408581,902,1214,312,1,13456410
965a7631a9f5fe93,204,214,10,1,877468
9656af3f89a21c8c,190,255,65,1,5900934
965819b4b04fed01,357,437,80,1,7826062
96516615e3a81112,295,386,91,1,8851329
966cf49cf31ef415,194,206,12,1,1402620
966b95fcdf8394ac,102,125,23,1,1972165
96765a414a2f606b,214,231,17,1,2748605
967c07ab7d698ed4,237,293,56,1,5914629
969da5df5ac41cc3,37,49,12,1,496589
966f705d57627ea7,512,647,135,1,8562631
967780bf22062535,767,949,182,1,11219936
96a43b11c14d9080,29,33,4,1,197491
96abda79d5a281af,100,135,35,1,1620035
96aeab3a1a2c8918,117,161,44,1,4324206
96937916abeda6c7,890,1227,337,1,18599342
96b7ea67d4890578,110,145,35,1,1112241
96bce1a6bb32ae68,27,32,5,1,269170
96b48cdc9e166cad,446,590,144,1,6631476
96c7925e73f9abd5,55,67,12,1,522451
96cc81e543f4cb33,93,120,27,1,1035757
96d6db9a5e480b0d,276,297,21,1,2021800
964c6b6c642411a8,4201,5572,1371,1,79866549
96dd2fabd2d47cc2,638,805,167,1,7819824
96debb3e02ac9a11,761,963,202,1,10524135
96da17069cdbb01d,884,1189,305,1,14067171
96f06a537cfeded1,33,48,15,1,556680
96e5cd33a6e6f48c,191,199,8,1,1522250
96538523d856476f,3854,5176,1322,1,73333996
9712dffdd72db957,153,169,16,1,2464602
97327f8e213ef1c0,83,123,40,1,2203301
9713fdc889e824fe,270,294,24,1,3074154
971fd1e2667c8997,267,300,33,1,3839915
9731678de132876e,458,559,101,1,5884479
974b75e56d4028d8,41,54,13,1,699248
974d1031afed52d2,258,288,30,1,2093897
9701ba10e800cc94,1073,1441,368,1,13306868
973d4aab9a3eaa5c,779,985,206,1,9128044
9751373d351b4697,94,130,36,1,1400022
973927ca47272416,1107,1441,334,1,15079303
9727c5e72bbc9912,1165,1627,462,1,18322312
9760e348e30e8607,393,489,96,1,4496779
96dc886be198729e,3911,5176,1265,1,95368388
976e383666cfe94f,76,109,33,1,1817410
977297e3254587d0,329,396,67,1,5049515
976a37204237eb10,607,768,161,1,10290461
9793dda181feb0f8,42,58,16,1,1446200
97976cd5b2f74dec,3,3,0,0,81511
978a43b876c59186,260,299,39,1,4065788
979e630eb1fe1c10,27,38,11,1,247080
9778f86b97e4aafd,1104,1575,471,1,19007550
974f68470a0d252e,2330,3004,674,1,38765949
9781f419f0920c98,870,1241,371,1,15750981
97a1e32d3070ee81,234,307,73,1,4084759
97ac08d36879311e,101,136,35,1,1276745
97a4163aa680434d,471,575,104,1,3670742
97032056df157648,3193,4113,920,1,79625860
97c51bdc4bb64bfa,89,120,31,1,925308
97c9f4ffb25c3495,5,7,2,1,77615
97ce6a8404edb523,6,7,1,1,125356
97d70edf9d0c6921,100,139,39,1,2108100
97a77b7b663937ff,1103,1379,276,1,17939699
97d78fe9f8d2c80e,87,116,29,1,1350529
97dbf18006f5a15f,26,35,9,1,766300
97dcac5285b23651,317,367,50,1,2282209
97df821311188337,87,119,32,1,1437100
97e9df3b5cd85ff8,466,591,125,1,7083168
97d72cad6b3fe7ab,943,1254,311,1,21241021
98066764ad5e93a8,285,324,39,1,2498081
981048385d674779,234,292,58,1,2871715
98229dde65f99068,101,131,30,1,1742769
982b2e0d21c14454,398,536,138,1,6025785
983ff6f3c02ca42f,159,223,64,1,2456482
9841f95277a278a3,208,217,9,1,1433654
9843588fa4d94920,605,743,138,1,8423964
984f462d3e56e738,270,305,35,1,2637831
986d8620699b0bd8,183,187,4,1,1060078
986d9a96f6241f8f,124,132,8,1,1018717
98792f8eb811fdcc,252,283,31,1,3121636
9880443293605567,61,90,29,1,1044531
9885f2475a4cafd3,48,63,15,1,739382
985952aee2ee2782,2048,2680,632,1,39024163
984bbb48ce821088,2372,3139,767,1,59390988
988bcfa07da21d4e,825,1007,182,1,10057784
9885b09ac78469a1,640,910,270,1,20217092
989a9533b245bd1a,5,7,2,1,112683
9896270b45b98073,312,399,87,1,4658217
989dc2c74b468895,367,448,81,1,4728654
98bd67ff70a266f0,488,660,172,1,7350012
98c5768fdd4cc6ff,97,129,32,1,2334723
98dcd498ba325232,62,90,28,1,1768030
98cbfa53a94d55f3,211,219,8,1,2663843
98dc1ba800d13d17,176,217,41,1,4450736
98c55f2a533cf36e,224,279,55,1,5701743
98e77a31a48a32ad,284,322,38,1,3701258
98ef79e57ac886c6,215,228,13,1,1581888
98d628a3b4125f22,159,190,31,1,4538180
98c75c905b1db549,173,217,44,1,6833847
98d98cc0b06d9136,286,338,52,1,5900478
98ce990658825944,995,1401,406,1,14307314
98f5bb6114730dfe,538,670,132,1,10406169
98d4eb2e5f244175,879,1191,312,1,21988462
98c716675309ac5f,1187,1569,382,1,25974673
9900df6ae631b0ca,5,6,1,1,176516
992e00fb6aac3652,35,48,13,1,675621
98fe1d5259a3e6c1,83,119,36,1,1576562
993538b27b4fc201,342,415,73,1,3829445
98fff02e299f5ed5,691,818,127,1,12870644
993b1906ad3aa391,321,391,70,1,4586381
99455fd69fee8726,270,300,30,1,2654686
9943c77cd77382b5,348,434,86,1,4424241
98bfc7be899852f1,2392,3274,882,1,49732924
99520e1b020464d1,185,187,2,1,1411117
9955f598ce5a9cc2,47,51,4,1,703231
994bc0c30db49783,233,254,21,1,2118187
9952af474426949b,104,130,26,1,2409498
99439ba768e2afa8,357,434,77,1,9209238
9946e6f4dfa3acba,665,801,136,1,10396814
990702d6a4da8cb8,1047,1490,443,1,30413959
98f7af223dc179f1,2251,2968,717,1,45384405
98f8a4c3857ee983,2964,3792,828,1,67679322
9978fd74239fc602,2,3,1,1,118855
9971ee007b55e96f,20,29,9,1,996005
999dd21b8bc5e14e,46,60,14,1,879140
99a19c3f05d591fe,7,13,6,1,127617
99a1dcf18adb7e3c,25,36,11,1,418347
9983923006f81ad4,115,151,36,1,3279758
998b3eef2ddd3d08,97,128,31,1,1862710
99a86928f23e9920,98,145,47,1,1269677
999d1c53c6580832,334,380,46,1,2987903
99b11824c522fb01,38,44,6,1,438015
9991c96bbe3656cc,2,3,1,1,59149
99b0381c32c01671,197,206,9,1,1695882
99a97382db7fd128,294,339,45,1,3220308
9982dbd23f970637,397,554,157,1,6657882
9986a810c65b8c93,335,389,54,1,7393717
99bccb0ca28cf598,27,35,8,1,424866
99c6534f9a977220,87,120,33,1,1056188
9984adb358481ae1,526,632,106,1,9556861
99bdb088cbae3590,195,207,12,1,1913088
998441c1f302b70b,934,1218,284,1,13420149
99d24b42beedc02f,120,123,3,1,783633
99d386e9f434fee9,161,219,58,1,2010611
996a57fee98575d3,1016,1359,343,1,26839105
99e7786c130ee035,66,103,37,1,1123526
99b602ea131ada4d,1366,1727,361,1,24716341
99e74a4faff04adb,255,290,35,1,2501173
9a04bc1871ce0c48,115,151,36,1,1731289
99692c816eff9083,2244,2935,691,1,52692643
99ff94bcd2eca153,249,316,67,1,3798362
99f431341bba96fc,1036,1450,414,1,13738638
9a0d2dcea3ea1028,185,187,2,1,1982594
9a0da63f9dac87ff,90,116,26,1,3124188
9a0e159a547be03a,94,130,36,1,2478177
9a0dd900ac2b1c4b,340,406,66,1,3134748
99fb85b9231351e0,1115,1420,305,1,21062310
9949d87b37b1af19,11462,13863,2401,1,245297189
9a2d2ef073b60bfd,4,7,3,1,137949
9a56bddebf7fda83,5,7,2,1,107620
9a464a32b99267bb,25,35,10,1,463093
9a26ff7d955c1109,91,127,36,1,1605711
9a882a6980827f91,42,53,11,1,887615
9a88d31fc47e371e,71,99,28,1,4031534
9a6d3df26f6289b2,296,337,41,1,5189675
9a310c9193a6368c,485,546,61,1,7254844
9a946c60d4bc0ff2,96,143,47,1,3678958
9a9b7c119b13cd8c,182,187,5,1,2353981
9aa3aad02d1f8b99,6,7,1,1,67309
9a65ea011212e7b3,249,302,53,1,9792338
9a405ea22f50990e,475,616,141,1,11249572
9a93c8458d7a4436,106,154,48,1,2536927
9aa0a93f00d5ef97,90,120,30,1,3410799
9aa78e1380c80bec,252,282,30,1,2005484
9abb004727cfb1b9,37,50,13,1,911490
9ab2aff4b433912b,151,167,16,1,2213125
9a759d3d208fc11f,607,796,189,1,13213889
9abca1f210c05954,198,209,11,1,2425229
9abf9e4f946f64c5,269,313,44,1,2338342
9aaa7fae180b7fe0,331,402,71,1,4987148
9ab5600a97e9645a,270,388,118,1,3841782
9adbc447a4f13f79,215,243,28,1,1919693
9af8cc6c5ddf2a56,200,211,11,1,1229185
9b027c1816b67118,16,20,4,1,204331
9af29a565582b56e,207,280,73,1,3285296
9ae65a5c6ad808a0,272,323,51,1,4046715
9a6508765370e38e,899,1061,162,1,19677965
9ae9c89f100c3baa,425,506,81,1,4667181
9ad73ef9ba96f07b,570,715,145,1,13356534
9a565f43f94dc2c2,1496,2043,547,1,26044765
9ad8cc21340b84b5,838,1121,283,1,19141267
9b179601e0cfa731,133,180,47,1,3205002
9b1ce6a2a3bbcbc9,315,340,25,1,5037272
9b27000a2fd2c22d,499,684,185,1,7363482
9b05015b6ed67017,1084,1565,481,1,22420210
9b2b0daa6419f5b5,199,208,9,1,1658915
9b170753fdfde706,974,1231,257,1,15430331
9b40ac6d7401e59f,347,403,56,1,2196339
9b45985d999a45fd,44,58,14,1,1654263
9a9183a6ca400eae,2389,3531,1142,1,61098563
9b5163154b647c57,100,134,34,1,1867900
9b55a96b7a5f01c7,223,273,50,1,1763047
9b42b464d29a9138,594,777,183,1,12949311
9adba03487b8b3b0,2560,3482,922,1,57614083
9b5683658f239bb0,424,510,86,1,5255245
9b25e403fbf8ec15,992,1392,400,1,30288393
9b3ef232edddf7f7,1102,1374,272,1,25738456
9b7858d5391aecdf,5,6,1,1,141963
9b662683ed5c0b99,5,6,1,1,110818
9b7278eeae178a15,257,281,24,1,1585340
9b6b2faea3ae6ece,220,275,55,1,2424723
9b5a135318e62602,850,1129,279,1,15116949
9b6760240f88d1f7,776,1072,296,1,15468247
9b7b6087654b929d,284,318,34,1,3280053
9b5c949d05e29e43,1362,1767,405,1,21315663
9b77503301dd1b2c,483,618,135,1,7785963
9a77e1db75bc3347,4300,5705,1405,1,110012397
9b985426e97ac339,244,284,40,1,2152787
9ba07afe656d0234,201,208,7,1,1302118
9ba47d547e3cb401,8,11,3,1,189832
9bb06ea439e0f95a,2,3,1,1,54292
9baed48684aeafb3,31,44,13,1,1053526
9ba4f30a25a0cab7,403,555,152,1,9346378
9b9f1e76a981e494,604,806,202,1,11877453
9bb494bcb0a4a95a,961,1258,297,1,8230316
9bc8918267c48ec1,207,217,10,1,897212
9bcf477337b36d3c,119,153,34,1,1848424
9bdaa83a7be6c86e,5,6,1,1,72997
9bd9c8dd8ff8adc7,93,117,24,1,1429297
9bdd9b488e7e794a,49,75,26,1,617447
9bd3c307384981a4,391,516,125,1,5083114
9be95630d3cf1e63,339,489,150,1,8166091
9bed946916242703,4,6,2,1,148090
9bf04b33ded5dbdd,82,108,26,1,1174616
9bf70e8ebfeb565d,192,198,6,1,1085211
9bf27a5a41201e53,157,212,55,1,2514265
9bfecf37bd37424e,307,338,31,1,3684782
9bfcd08859d6b769,752,1036,284,1,12437187
9c12b9ab61682897,116,146,30,1,2772853
9c0e056be325327a,259,281,22,1,3428780
9beadba7bfe5f3c1,1531,2082,551,1,38601537
9c24d36a3b143221,37,48,11,1,910498
9c22f31594f315e1,185,194,9,1,2118021
9c11b7ea4dfbc1de,582,809,227,1,15791709
9c1fe49590813f54,1039,1478,439,1,18239398
9c0a36a1db6f635d,2055,2574,519,1,35267846
9c3817027d24740b,3,3,0,0,120684
9c40503aa36334cb,25,33,8,1,543472
9c3a31d24e4b8931,231,257,26,1,3370231
9c67521c46e10ed4,345,388,43,1,3034690
9c652bcec3ba4f8d,395,456,61,1,3979057
9c752d7c0e28c382,90,127,37,1,2489257
9c7f2c9006f98d78,2,3,1,1,53607
9c26cd36cbcb3f19,368,469,101,1,6307114
9c754ae480c46d76,206,212,6,1,1220991
9c6ac8d37f07122c,70,93,23,1,1434864
9c967c8fa93ec1cf,197,211,14,1,1511449
9c90fbf43382e9e8,195,205,10,1,1927844
9c736242f880e4f1,331,425,94,1,4415860
9c489390d0872272,525,734,209,1,11244763
9c9b47e92484377f,318,354,36,1,4381948
9c9f8dc346777507,245,331,86,1,8828188
9cba45f696899299,66,80,14,1,1611243
9cbc67028e546737,42,51,9,1,1128509
9ca3f5299d990243,290,333,43,1,13593333
9c64d2e568436c3c,784,1090,306,1,24104961
9c9e9e8b0e98b4e4,544,776,232,1,18984888
9cd157cd08cd8e53,25,32,7,1,579124
9cd09c6541fb2386,195,243,48,1,6452922
9cdfd1b2f5cd2307,201,214,13,1,3400512
9ce176eca094262a,82,113,31,1,1360233
9ce98e2bafb3e211,105,133,28,1,1207264
9ce9cd14e2df9dcd,48,64,16,1,685336
9cea21576104a73e,8,13,5,1,167478
9c5cb8671ce48984,816,1047,231,1,34601728
9d03543a6b396173,39,52,13,1,580636
9d08110464228d80,4,7,3,1,83688
9c58a299488f5a20,1881,2518,637,1,39628547
9ce3da3d5117d8bf,631,830,199,1,15907006
9d12a1f3a044443d,199,211,12,1,1695701
9ca6f6e3e2baf973,1872,2451,579,1,42189629
9cbf8b42cc379658,2519,3267,748,1,31681201
9c623f3207db225a,2481,3148,667,1,64893382
9d1c7bbf92ca30b3,47,60,13,1,694914
9d1917b9f9affbbf,97,135,38,1,1473021
9cd7caf1d8b69be8,2284,3018,734,1,45057693
9d1f7c7b788bcf56,260,280,20,1,1568746
9c9740f241d71b10,3074,4260,1186,1,73320594
9d35a2006043d0b1,86,119,33,1,949401
9d1e391797edaa92,1143,1543,400,1,12176159
9ca75e94e7258102,3107,4027,920,1,64074971
9d3f7883851d6881,203,300,97,1,2451717
9d3f2ef0a3c2d83b,573,714,141,1,4538759
9d50c27fe8492d63,102,137,35,1,1176443
9d4fd44ad2938987,263,302,39,1,1729147
9d63432c6cea67d5,283,316,33,1,2793843
9d53a14e5db941ec,1249,1590,341,1,17083837
9d68a06487aa21cf,198,206,8,1,972357
9d83fcf8a6470dd9,3,3,0,0,159457
9dafb82084ef0f1a,86,119,33,1,1496059
9da1d5b85de89068,249,278,29,1,2287442
9db7ed9baed0f4ef,3,3,0,0,69236
9d9921c2b62315f5,1409,1867,458,1,19794166
9d7b08ed025c9931,2101,2730,629,1,36171923
9dd43fa3d4c5f78e,2,3,1,1,103092
9dc476e370dcfd9a,95,121,26,1,2156295
9ded10b0306b198e,11,13,2,1,439227
9de412da819de443,311,356,45,1,5500275
9d761cfbace12ff5,2717,3445,728,1,63064132
9dc9be4d3bea916f,800,1043,243,1,10307737
9dfc1e07017fd6f0,370,453,83,1,2481856
9df93c5ea7eeb436,577,624,47,1,6325794
9dd32f383952afe2,1115,1340,225,1,23924635
9dfc2b89b4db0802,696,968,272,1,12285474
9e288c94be1ca968,261,280,19,1,2332277
9e2af90e295b51fb,454,550,96,1,8036402
9e4272a90877bd7c,36,49,13,1,547320
9e3327c944fb6fd1,226,294,68,1,4519331
9e3aedd7d4c19deb,515,709,194,1,8404333
9e4d686479f05f12,188,199,11,1,1168351
9e492a782105fe44,445,599,154,1,4618315
9e5213b0340b8556,392,485,93,1,3398387
9dbb1cd7d12fd13e,3190,4339,1149,1,68403399
9e2c785eff1664f8,1448,1822,374,1,20991946
9e6fc17bb3133abe,28,39,11,1,405963
9e73d7873752c600,115,165,50,1,3335286
9e8bb3d96d784633,132,166,34,1,1744011
9e742cb090a9615a,1184,1579,395,1,21017606
9e7da9ff2c58d477,1981,2663,682,1,35047891
9ea2e69d07cfb35b,2,3,1,1,90084
9ef3741117ae0c0e,76,98,22,1,1077711
9ee8b2fa7784ef53,94,123,29,1,1325323
9eaadfdefc241429,189,211,22,1,3351991
9ec9a7f42857f289,703,926,223,1,6948949
9e8f7c64ab81d9df,651,800,149,1,10440114
9e9f65f3bc2cf234,1161,1638,477,1,17621392
9ebf2f2b1d2cdbba,875,1250,375,1,19277223
9ec737d1a91ca4b7,880,1119,239,1,18578198
9f039a58fefd0cd4,282,411,129,1,3975728
9efb6d01402e56b5,368,453,85,1,4776785
9eff20889fe7c146,690,838,148,1,8375969
9f05a8c069309302,719,1060,341,1,11763152
9ef9dbd68ce3a3ff,1443,1838,395,1,18062809
9f1f076709e8899d,15,20,5,1,289864
9f28be4cc7b4c0fb,250,278,28,1,1174703
9c18f384cf0112c7,16059,21253,5194,1,415284868
99ffcd606bb1b431,23125,31358,8233,1,822809984
9efc5875d5c223f0,4756,6285,1529,1,88551803
9f3a9139d52eefaa,36,48,12,1,706657
9f3c3c7e74db99ca,53,80,27,1,759228
9f3edbe07a839e87,101,131,30,1,1629900
9f580e2bab3fa014,103,137,34,1,2378803
9f8c5076901c38f8,66,100,34,1,1076124
9f2d6a098c8ae123,170,226,56,1,3397895
9f8795147f46fc73,136,192,56,1,2223897
9f3658293b59e368,209,312,103,1,4285041
9f679220c4bbe1aa,327,414,87,1,3465192
9f4fc7cbe53897c1,305,355,50,1,3784118
9f755351dd7bd4c3,384,541,157,1,6163611
9f381829b910f72a,569,725,156,1,8388498
9fa8bb1c73afccca,4,6,2,1,105830
9f9788ad6bfa425f,9,13,4,1,175970
9f9e12da4aba6072,20,27,7,1,319036
9fadd62d4dd30c4a,45,57,12,1,630775
9fc1fa57bc36f156,45,55,10,1,503138
9fb8050bb9648c6c,42,58,16,1,653019
9fec693f37b53caa,3,4,1,1,44785
9fd0fe4a56a41894,270,294,24,1,1973795
9f9388dc55501d3f,200,268,68,1,3126511
9fb6cd0354cf351a,211,228,17,1,2564202
9fb8125aee245b79,158,201,43,1,2975669
9fb0a22ceab32cea,287,416,129,1,4677456
a00046be3dfd9d7a,190,199,9,1,1426570
a003d933b50a576c,121,154,33,1,1534748
9ff4ac5a300e8ee3,327,403,76,1,3704963
9fb29b875e853ac7,685,858,173,1,8365474
9ff7d0a398b20abd,741,874,133,1,9360635
9ff1368944ffc2f3,818,1134,316,1,12795218
9ffa498b6c2c0910,662,887,225,1,16977795
a02b9622820d0b41,28,38,10,1,401890
a0070fe15700dd89,675,987,312,1,12895160
a00f073b0b026833,672,863,191,1,10002564
a038345760ade56e,90,119,29,1,1292808
a03b34c659ad42ad,324,365,41,1,1752506
a01c93760cc6021a,732,940,208,1,10026972
a03bfb349ff67e98,301,346,45,1,2543445
a042af4f3a2ccfa8,298,337,39,1,6735950
9e82b80d9f6ac06f,9058,11863,2805,1,219574011
a0572dbdc962442a,84,108,24,1,2268429
9fc60717e52fff86,3141,4068,927,1,55762116
a04fda5e578cfb79,371,518,147,1,8396529
a040f4ee67716747,1072,1430,358,1,15739589
9f7c187bc1b45d14,4541,5972,1431,1,89775693
a06fcd774223191c,199,206,7,1,1205531
a07e29b3901ddae6,616,824,208,1,11187845
a07659250e458073,868,1187,319,1,16607604
a08bcecfbbf4b49e,490,563,73,1,7485207
a0976584371415af,19,24,5,1,317941
a0708ec01993d811,1199,1705,506,1,20351334
a0a198f5abde5c7d,335,395,60,1,3647507
a0aabdde577cfd3a,9,14,5,1,152943
a0c6594659931a7d,350,412,62,1,2595060
a0c76efb1a503b85,292,353,61,1,3105415
a0d98c340f2fbab1,4,6,2,1,121528
a0d6cbf7c5dd302b,301,350,49,1,5213919
a0e7a92e11f24d34,47,64,17,1,834615
a0cd8fbadd9b140b,671,842,171,1,10911600
a0d9c323de5bfab1,670,885,215,1,9272421
a0f646c058691967,209,228,19,1,1263394
a0edbe746bd94584,807,1011,204,1,7139406
a1036c62a83adbbc,94,117,23,1,766243
a10c1c72b6a209ea,92,138,46,1,1657518
a0f6819a85f8ae87,502,558,56,1,6921695
a1102b9a0284a622,42,51,9,1,973675
a121923b9217cf2e,312,355,43,1,1720212
a133a8229165d7d5,256,283,27,1,1408970
a13e2d432be4ab9a,9,14,5,1,312327
a144acb37e07909b,5,9,4,1,150220
a1517c2811162876,188,222,34,1,1075775
a153682b60d9289f,114,156,42,1,2178976
a15c3f035d1a78f5,5,7,2,1,118509
a15abdc1406a577e,122,132,10,1,756520
9f82b8817b8e9958,9689,12827,3138,1,220329344
a11ae30dcc894ee4,2482,3390,908,1,44214356
a16b3b04512ccfd9,70,99,29,1,898516
a1731d09aefa7870,146,175,29,1,3057842
a1873318a7cbeb44,2,3,1,1,77389
a185e83e15d08382,38,54,16,1,1039040
a184f31b015570b5,91,119,28,1,1549496
a18a10d145c149f1,232,326,94,1,3574358
a199885b91a649f6,203,214,11,1,1276248
a1754b883052ed9c,1001,1345,344,1,15549452
a1868bedbabcd915,924,1197,273,1,18273891
a19a0dba8ce6f2bc,398,529,131,1,9800742
a1b26ff9e80b6142,8,11,3,1,216590
a1b64c9cb03a4bab,177,199,22,1,1736649
a1bed45e1e6a20ae,42,51,9,1,645284
a1c368da59bbfb77,189,194,5,1,1226724
a1bf97009ba0a93e,361,444,83,1,4779242
a1d0bcfbe6537a29,153,197,44,1,2664828
a1d3576651a721da,187,195,8,1,1895099
9f21e8cd0970d644,13880,18619,4739,1,348969448
a1d725c5bc030e7e,125,154,29,1,1765981
a1c3e1b6fc7e4de0,988,1280,292,1,18311326
a1e3853f6c674569,126,155,29,1,1163777
a1e7eced98c0f3bc,39,48,9,1,498913
a1ea7e437c60c67c,284,318,34,1,2169779
a1e294108573c4ea,201,291,90,1,5201432
a1e64f3eb506652c,428,507,79,1,5368605
a1da7922df301fcc,434,536,102,1,9630335
a1efb04b1285e116,267,291,24,1,2116605
a1f6e59eee0466fe,56,85,29,1,897359
a1f497ffe678b386,276,318,42,1,2207767
a1fbbfb263221a67,39,48,9,1,713475
a1f6973d83895f92,268,301,33,1,1874485
a205a8e72ba122a3,443,551,108,1,6334990
a204800498937802,627,808,181,1,14714213
a211db7d11da158d,645,836,191,1,10570013
a2158c576af624f9,606,836,230,1,11641041
a208fd7a09eac5d0,961,1202,241,1,20848996
a2168488171b9840,814,1078,264,1,18232805
a2255040597f5c4d,645,839,194,1,12330529
a24ad869ad74800e,338,394,56,1,3565165
a24d43ca044855d1,274,299,25,1,2163259
a2538227ac601b21,217,343,126,1,2497679
a25b8f328acf06ea,95,119,24,1,1660692
a259b038311fa6ac,800,1122,322,1,18880957
a27fd72d4ef377cf,44,51,7,1,1295276
a26ef738ced84378,86,113,27,1,2287313
a2698dfc25ca27fd,217,231,14,1,2576073
a26ffbc006f78ee2,491,673,182,1,6792605
a27e8bb105653c07,464,654,190,1,6507037
a287e4d55d09bc12,585,825,240,1,13281731
a2a2a09e8dc6e273,299,359,60,1,5956362
a2bc5a078b951613,116,123,7,1,1528376
a2c3b84d2594cb97,25,31,6,1,401947
a26864242eb50dbe,1849,2523,674,1,34421068
a2c1a9da3eddac16,172,222,50,1,2252819
a2b4a3ba5527a1de,309,337,28,1,5092968
a2a3842f1540c31b,303,361,58,1,12090080
a2c48ad886b378e2,127,170,43,1,1958471
a29a39ae88a7f793,833,1041,208,1,22011611
a2a4e2cb5c08814f,738,974,236,1,13961421
a2dbca385cbbd493,433,485,52,1,4610788
a2e5081460815217,43,58,15,1,843589
a2eb7f64b9b43b6c,18,27,9,1,430006
a2f312639a061ae3,158,191,33,1,1829025
a2fa9cf37fa110dd,86,131,45,1,1545124
a2f322b2ae4e76fc,367,426,59,1,4828883
a30608817d073120,69,79,10,1,686161
a31bc7327a150a21,88,129,41,1,1074876
a30980a859989e91,615,847,232,1,15264812
a32579c39c5c1466,187,194,7,1,2140555
a3287a03f5e0a4e7,95,137,42,1,2919730
a32bd09e5d142970,316,375,59,1,3670894
a33188bd2c051057,261,313,52,1,2874250
a35b704e5f776347,112,148,36,1,1749460
a3658115784f7c65,36,49,13,1,857778
a35a9c299558b87a,820,1001,181,1,7545809
a364d4c3f6b85d7d,197,276,79,1,5401650
a35d7ae61575aefb,701,885,184,1,11752511
a374cf39367b91d6,489,679,190,1,8851113
a39047e313e9f9f0,650,800,150,1,9879362
a3a43a324b05bbda,17,27,10,1,408748
a3ab0f33f28e1975,33,44,11,1,763315
a3a257c70f4d4dbb,204,223,19,1,1370009
a3a27c3156bd2378,102,153,51,1,1873142
a39af7867fdd2d5c,193,206,13,1,2354902
a3a627b43db4af38,225,290,65,1,3618342
a3ad70ba9fb72c9f,99,131,32,1,3652644
a391b44df4c86154,2342,3156,814,1,33583357
a3695d50ea00e1f7,2940,3740,800,1,69460763
a3ab00e067590701,1835,2400,565,1,38777050
a3b1905ecf025c34,2726,3838,1112,1,65479550
a3b632b5d85821c4,143,208,65,1,2850723
a3da5d188e005780,241,266,25,1,1306135
a3f42f66c5e600d2,7,7,0,0,66542
a401ed26da8d555e,1,1,0,0,13808
a3c58f6f793b10a9,263,293,30,1,3179988
a404d2f92115f5a3,207,220,13,1,1108126
a3ea677264a1b3ae,258,293,35,1,2797491
a3c6260e2a1c6036,27,32,5,1,4927020
a3cb5cfbcf62da93,30,43,13,1,4310452
a3cbee8a4de4c5dd,284,343,59,1,3800467
a3f818ee18fdebd4,76,97,21,1,2181879
a40ab17be8b6254b,190,197,7,1,1357517
a3c3895954caf8c0,312,366,54,1,4955401
a420642e6a726e67,258,278,20,1,2047097
a45ff5ac060b4e05,203,214,11,1,1250361
a47a9af3ab31f407,6,9,3,1,99395
a424bf7bff526f62,198,224,26,1,2691541
a427b731cc8820f3,324,393,69,1,3958448
a3c5a9af2c613857,310,383,73,1,8698951
a4300e03c5284677,269,323,54,1,4875685
a4828ce064515f95,96,127,31,1,1370855
a43488a49aac7d2d,410,580,170,1,7108093
a417e8b0ab3348df,984,1209,225,1,11803048
a491bca298d59a21,221,234,13,1,3365630
a499d51841178471,9,14,5,1,280106
a425cb3a83e76827,1280,1649,369,1,24269450
a49d12bbadeeb296,195,214,19,1,2521640
a3e3497b1122cab8,1932,2580,648,1,37640513
a49d9a0dbd4374b1,455,646,191,1,7843189
a3ea96a1767d3a6b,1943,2518,575,1,39981520
a4b42a4f0d6ef389,3,4,1,1,75822
a4ac10a850721e41,120,155,35,1,2988652
a4a07596f0885c3e,478,583,105,1,7908663
a4ba07e62c814c94,92,131,39,1,2067265
a4b8fde436d53c95,150,213,63,1,3152948
a4d5e6662abba818,252,338,86,1,4022169
a4c2d5d9cc75ec3a,453,629,176,1,4653362
a4e6bfff462850e1,68,85,17,1,578374
a4f0c8b5619823c2,8,9,1,1,120065
a4eaa5971c53355b,483,652,169,1,6971729
a4c5dea92c3093da,623,771,148,1,19686042
a4f6c31576ef5251,104,134,30,1,3058131
a4c0d4b2432f4fb3,1199,1701,502,1,27445058
a4fd9ade54d16639,91,131,40,1,1747805
a4ff71afec419920,427,536,109,1,5250203
a50cac42a012740e,725,788,63,1,9218080
a5165db4223a905a,188,198,10,1,1064687
a4ff840d629177b9,1309,1720,411,1,18335085
a4afe9164e0b96c7,3614,4941,1327,1,63388986
a50ab2cc3c5c386a,2835,3759,924,1,43717776
a5413c1504408798,3,4,1,1,168453
a55251b0a842fd28,263,294,31,1,3524873
a522eb71295b1d05,118,153,35,1,3846020
a541b661d4f43037,209,216,7,1,4730188
a561aa0747c8f69c,232,312,80,1,4915256
a588755dbe032344,189,197,8,1,1192010
a53117eb1d4b2fc7,253,283,30,1,8033528
a56cdffdc4f2fb92,212,288,76,1,6497847
a53d4968893ba19a,454,614,160,1,8740896
a57fe24c6a8dd1a1,273,304,31,1,4287510
a5672b2742bb3cfd,304,450,146,1,8606887
a587cb1a440cb666,560,683,123,1,7371625
a56b32db9f55d55f,665,960,295,1,12001101
a569b763bf69df7b,818,1092,274,1,18678916
a5c256199403324b,3,3,0,0,30045
a5b3db292b9cad5b,1187,1642,455,1,16414080
a5d70b54db5da842,27,40,13,1,405480
a5cfc63153176ed3,91,115,24,1,768902
a5cc019e2334caa6,812,1034,222,1,10646586
a38f290c7461acaa,13668,17647,3979,1,296905500
a5fb3a822e64da1f,127,136,9,1,952623
a61d92b86872a95e,40,53,13,1,773572
a5f9d997b31154c8,105,148,43,1,1544544
a5fdabeebb80aa82,146,223,77,1,1647747
a602cb1e75764744,191,199,8,1,1322815
a6069a45274d7716,184,187,3,1,996425
a609598bc1df1f13,25,32,7,1,408845
a635a283c10c3935,216,235,19,1,1284311
a6363e8926374527,178,182,4,1,983331
a6055e1cbe89dc81,93,130,37,1,2989727
a6381ed5eb828506,256,279,23,1,1727563
a634a1f9fd848d0d,259,353,94,1,3468579
a5ee2acaebb24551,706,851,145,1,6340037
a6393fdabc115340,426,578,152,1,12730156
a5fb276dce6d8453,1164,1653,489,1,21392164
a64c3cd08fbee008,116,149,33,1,1074434
a642c42e2cb7a890,256,283,27,1,2127903
a65e7058e18b548e,3,3,0,0,43431
a6222f5c7d9afde2,963,1315,352,1,27782390
a65fce7eaec99ee3,100,142,42,1,1466811
a65c0c4afe6f8184,103,153,50,1,3111109
a65516d94e331315,270,358,88,1,3955497
a654b44f4ad3d35f,511,621,110,1,6280109
a66c46897d98bcc0,261,283,22,1,3227555
a65117644ab742fe,1455,1951,496,1,22554637
a679f9c722c4ff1c,278,318,40,1,2880618
a67e7786c8c515e4,100,154,54,1,1088840
a69727690fbd4891,192,197,5,1,939651
a69acd716a4c3efd,32,41,9,1,425170
a638f43a86c995fe,4115,5088,973,1,43642731
a6a15f9c459ab2b2,437,525,88,1,4321972
a6b5e23bb5be6546,91,119,28,1,1191033
a6bab8f57ecff500,235,286,51,1,8124990
a6b0f65519637ce8,494,613,119,1,9224269
a6c5e8180dba54a2,94,132,38,1,1899389
a6ab506e460ce8b9,959,1275,316,1,15763811
a6c432ac1ca5fa81,429,550,121,1,4713595
a6db3aaefdd37d68,8,13,5,1,186070
a6cf3d516231069c,378,511,133,1,5041660
a6e632bb4d690240,108,153,45,1,1731576
a6fcab2c2ba57bc3,119,151,32,1,1750679
a6fd5675717a24c7,265,334,69,1,3397531
a706b5f99130c26c,861,1148,287,1,7703423
a5c9be9a0950744b,9066,11133,2067,1,139181840
a71e175e09073954,209,223,14,1,1021642
a6f7e74bbf75ad13,1102,1474,372,1,22884793
a729ac453736d279,212,229,17,1,1700623
a739a0420f13a335,100,153,53,1,3187671
a7331651e5c4f959,749,979,230,1,11353733
a74d32f425cd6f36,174,214,40,1,2299501
a761bb1f7569cc76,183,188,5,1,1089667
a7557990d8e5c021,433,618,185,1,7670480
a74aefd8f6c33491,896,1224,328,1,17881276
a76b56c5e30b5c9b,4,6,2,1,127661
a765e4e5a2d8cde6,351,420,69,1,4477542
a7758b85cc860faf,18,26,8,1,752343
a775a5896f6f8aa5,234,316,82,1,2092764
a763c65ec953ee0b,648,870,222,1,11040785
a51670bbfa8eb4e9,12559,16856,4297,1,306764900
a78d74fd3d9ea577,94,128,34,1,1561524
a7728a0959a1020e,552,780,228,1,12222947
a7943b5b20647bd8,27,38,11,1,765088
a7adffd300b9ca92,5,7,2,1,130718
a7b1eb502299a481,3,3,0,0,86541
a7b31db3c10a18d0,229,339,110,1,4393778
a7c01774b98531d2,105,154,49,1,2773011
a7b8b9ece794607d,323,396,73,1,4746525
a7be2e77a51c432a,196,286,90,1,1892171
a7ca16bdab818b3c,96,133,37,1,2750242
a7cb325bd8afd70d,205,217,12,1,2637172
a7da4825ef0a4527,194,206,12,1,1285666
a7d611882c788b96,381,450,69,1,2151158
a7be372982cb0c2d,1422,1944,522,1,28781149
a7f059b91d2602bc,2,3,1,1,99912
a7cc9c2cdbb594bb,800,1014,214,1,18964185
a7c4e69d0f5b4ad4,2005,2702,697,1,31677638
a80da9bda10ffa49,95,127,32,1,1560324
a8095c98d799507a,364,442,78,1,3694167
a7dd386e7a06095b,1522,1999,477,1,20819115
a81251f2240a2491,81,100,19,1,1090170
a81b9c246be89e65,28,39,11,1,584254
a81ffca6c3cc024f,429,502,73,1,3692509
a84864eb08d3ba1f,32,44,12,1,600849
a84cb1b8e6866088,252,283,31,1,2377233
a8307de722305b61,1005,1264,259,1,18869647
a819f3192b8b019b,1909,2491,582,1,30865511
a83224b96467ef36,1190,1642,452,1,22189368
a86a22fcf5cbe036,15,24,9,1,304926
a8627a403430df3f,214,228,14,1,2998556
a85bf79908d8e89c,503,700,197,1,13413792
a86254df02cc5a5e,816,1031,215,1,12325220
a87278787f676a9b,226,332,106,1,8139062
a87ad891f958eeaa,534,683,149,1,4171429
a88b32e8e4a941e2,53,65,12,1,845083
a8a0370d8e200b02,188,199,11,1,1380223
a89ba93345de6cca,337,403,66,1,4611049
a8ae6c25a4350279,69,94,25,1,1209818
a8a7e39877053f90,389,444,55,1,4468546
a8b24e89e6e95b56,2,3,1,1,112442
a8b374261a9a2046,38,49,11,1,938028
a8b6d72fe6e1f652,81,117,36,1,2143484
a8b14b231eb2553c,322,398,76,1,5383042
a8c1f54321f0750c,27,38,11,1,788960
a8be0db40cefa3a7,214,237,23,1,1062013
a8c004f18f640e91,84,117,33,1,1936552
a8ad699a30240093,877,1182,305,1,11926228
a8d6938f9604797e,154,198,44,1,2598082
a8c76f760c9a4f55,566,778,212,1,10654119
a8e4ff96fa229149,237,253,16,1,2483303
a8dcfe3292e4bfd1,611,832,221,1,11033923
a901d1579da5ba3e,42,64,22,1,724070
a905b16d75d06b56,103,130,27,1,1837989
a907a25b9751d7c8,184,187,3,1,1985477
a8fc433e3273dfcd,339,396,57,1,3092416
a8e93ed39e941362,1554,1730,176,1,16747835
a9023016679d5d58,549,667,118,1,6507145
a914b194bb6ff607,7,13,6,1,141138
a91b5ff9d1074ac3,42,51,9,1,664954
a91c487f4a6d19bc,442,556,114,1,5374228
a918b248792d8e56,631,871,240,1,14794199
a8e624e42f9696c5,3161,4406,1245,1,64067667
a91fc3198a0f981e,38,49,11,1,713996
a92e1106d0f75e53,16,23,7,1,478926
a93a085787e3a02a,31,41,10,1,725807
a921f697edc0954f,216,233,17,1,1939383
a9656e1282febd75,89,120,31,1,1283044
a977a99ec6132e82,282,321,39,1,1854326
a923bda4c29680e2,313,377,64,1,3667565
a970ece1d713e745,85,112,27,1,1661462
a940fbed413fb509,274,340,66,1,5443520
a966cc5a0d52b802,214,264,50,1,5553447
a92d3398218dcac9,265,323,58,1,6733317
a91ffb8e3034b905,1465,2100,635,1,28795597
a98b2a319a2a899e,4,7,3,1,129031
a98334314401540a,35,49,14,1,1114917
a9af5505f9e3b098,25,31,6,1,557983
a98819e314dd6576,207,222,15,1,2680463
a9be5c6353b7f858,3,7,4,1,267365
a990e53c1e35ac5e,361,417,56,1,8433906
a9a208b4a3a3770b,187,218,31,1,9828734
a9f189dd939c9523,260,301,41,1,2325751
a99d0f4e3e1105aa,294,395,101,1,13020875
aa030836904683cb,239,334,95,1,3849386
a9c81f54c6fdf634,990,1356,366,1,20933982
aa090225ec2c1526,120,159,39,1,1677094
aa0aa5c87efa7c10,261,303,42,1,3537746
a9982c9a2647e69c,1133,1499,366,1,26331830
aa06b51b6b4debc3,256,339,83,1,4306782
aa148e17dc564088,209,224,15,1,1455787
aa1e2730d2155a9d,109,140,31,1,815780
aa0c1473ac358186,523,712,189,1,5371039
aa0c2a018f105f25,601,702,101,1,5601386
aa1f781e23de714f,92,119,27,1,1270679
a93dfda35e6c135a,5084,6438,1354,1,92678773
aa04a4474e59376b,981,1286,305,1,18208286
aa28befa21ff7a93,92,121,29,1,1087911
aa27a27713e1db32,145,194,49,1,2266818
a9a4292806424225,1926,2545,619,1,42919465
aa3821da9d4bff85,226,254,28,1,2115818
aa5e2c560265cd0a,2,3,1,1,51750
aa493f3863772a66,106,134,28,1,1333190
aa5af5666f67af5b,126,161,35,1,1663623
aa79475fbc7b270e,125,158,33,1,2277545
aa66b5f670d5d446,462,568,106,1,7846102
aa7d632054664681,209,235,26,1,1005584
aa449d38d62c478e,1224,1555,331,1,19015716
aa7c75fa5166eb5d,566,781,215,1,6787303
aa38c967df9de1fd,1451,2075,624,1,27904615
aa9f7eaadec65d9c,3,3,0,0,78447
aabe501ab4b9ee6f,31,44,13,1,477362
aa8e1db57b23d2e9,15,23,8,1,280620
aaa6b06193b60cd5,103,136,33,1,1713566
aa92908b73816e77,189,213,24,1,1655567
aaba586cd9410026,130,179,49,1,2008372
aaa9ffb927fff42a,212,244,32,1,2730052
aacd4802b0c53453,95,134,39,1,1507059
aacd515ce29fea90,94,129,35,1,1581164
aa9e742c9c6a5dd4,320,395,75,1,3374722
aad0978a094decf5,311,353,42,1,1717765
aac66c9c8d76ea3f,292,346,54,1,4773210
aaf4d295a57a4527,26,35,9,1,455510
aae915fa9abc7cc3,668,855,187,1,11937486
ab0c2c948a55e5e8,153,185,32,1,1527489
ab233eacef0627a2,121,139,18,1,1648410
ab3d313149c1e593,108,154,46,1,1623881
ab1112098e22ce99,302,355,53,1,2523669
ab51145fd0e9a93a,8,10,2,1,154203
ab5c5472e20ec408,4,7,3,1,119401
ab46468d6854f340,790,1016,226,1,8255600
a965bf837a563994,11540,14060,2520,1,197842971
ab1d5ccd9fd50247,994,1304,310,1,13793260
ab6249e35ca9ac8a,68,96,28,1,1114874
ab5ef84ceb8fa9ae,457,540,83,1,7836117
ab74dbc4923811cd,242,284,42,1,4123223
ab7f7e4bc605c188,98,128,30,1,1544097
ab5acc34a3373366,780,1031,251,1,18046504
ab84e43b29703084,193,209,16,1,1273569
ab7560f987204869,712,899,187,1,10285888
ab926963b351e51e,71,106,35,1,649208
ab9cd81b0d6afba0,67,94,27,1,841614
ab9c2db26b9407ec,78,118,40,1,1375028
aba16bc4ed09147f,131,197,66,1,1966278
aba91e8fe9bfd1b3,445,642,197,1,10130648
ab965725a48f4276,1348,1939,591,1,27169879
abc10ab9b155865c,180,197,17,1,1777260
abc1f552b20d4b8b,542,694,152,1,6732814
a91363697f46130f,12651,17024,4373,1,356519387
abdd2fc5e8c72337,7,7,0,0,119226
abd82910cf85fd3c,183,187,4,1,1807018
abe86a83ecc63db8,68,79,11,1,2221758
abe52b880c53fc0a,121,155,34,1,2396556
abf9453b5d0d099e,193,198,5,1,2122796
abf4a6f8d00af952,337,389,52,1,6165130
aaffbf9e63594a5d,5208,6954,1746,1,107668224
abe06dc0e210aa6d,444,531,87,1,7738628
abbd1b50312d1562,1588,1823,235,1,25750121
abfca884df0550b2,9,13,4,1,141960
abf0298f2824285a,562,684,122,1,9423655
ac00af6c085818e1,101,131,30,1,918085
ac053130c482c0bd,64,79,15,1,471934
ac05834fb2a39c75,89,111,22,1,991183
abf5b48eb065ce14,633,825,192,1,10279851
ac19d70f864ac29c,85,106,21,1,965795
ac1b1e89c0fdb6d4,76,103,27,1,1196251
ac1caf602d6dd964,234,330,96,1,2400711
ac10b76a3df3b350,687,816,129,1,6534930
aa7ad2ef65de22ae,10048,13351,3303,1,207795277
ac103321159321b9,796,1039,243,1,10814837
ac27919b1facbf99,25,31,6,1,268832
ac2bfe3cf09f74c3,252,274,22,1,1833814
abd0398a958e93d0,2458,3092,634,1,40192915
ac35355342de7cf4,145,191,46,1,2268015
ac1f7411b33de8b0,1336,1734,398,1,17472155
ac5128e004578dc2,63,91,28,1,1072837
ac471c05576829ee,253,323,70,1,3166150
ac555faa6b47746c,476,596,120,1,6712691
ac3f96c79e63d7f7,1239,1727,488,1,21900326
ac6c88a105df4fc9,66,79,13,1,758004
ac6b1a51037cd914,312,340,28,1,3105722
ac45dd4aade86c0b,1170,1667,497,1,23129363
ac6192524e20f95a,575,697,122,1,8639545
ac785a39b3cca80f,203,214,11,1,1347227
ac7e2116876d7c0e,193,214,21,1,2108484
ac7281bcc4bbca51,346,421,75,1,3781336
ac809c2ac044c2ed,320,354,34,1,6673858
ac8ae80f33b70711,369,448,79,1,5745906
acaa9b3a89f5edea,788,1005,217,1,6100199
acbe7da5c5368b9a,26,31,5,1,388106
acc920d6d1d17d3b,3,6,3,1,104000
acc15d5af8b82ecb,221,252,31,1,2191788
acccfddf67fd6f8a,19,33,14,1,485529
acc6f415cba4438e,455,571,116,1,5424015
acaeff7c17b54802,1149,1462,313,1,21535873
acd13c8d71ca909e,327,382,55,1,1863415
acbcc242d135c64d,1114,1581,467,1,23395540
acd5bdca685eac28,223,285,62,1,2156925
acd1a5293046a7b4,1002,1172,170,1,13827383
ace7a07f1957e51b,76,107,31,1,1158839
acfcbabc2beffcbd,164,200,36,1,1904832
ad05d23d5adbebb1,249,276,27,1,4603251
acdc251b6860bd12,965,1302,337,1,23627875
ad0eb78b959b46fe,243,290,47,1,3061969
ad0adae69e3badc5,805,1057,252,1,12294496
acf101d5d0222cca,1414,1898,484,1,28529640
ad0de988ab762769,1157,1601,444,1,18530540
acd0641eaa1a9eb6,3794,5184,1390,1,85121362
ad1d2fd66a77e4c2,3,3,0,0,76468
ad87a9a9ba9b2273,38,53,15,1,935934
ad3e059c330bf707,118,167,49,1,2868416
ad7a19b6df9004bb,48,66,18,1,3205962
ad8ceca0dfa7364e,102,134,32,1,3170297
ad3885568cab3890,259,278,19,1,3484784
ad2bd0432ac4e2b3,81,110,29,1,3989042
ad7e9d569d15c3c9,228,255,27,1,3608936
ad3bee34bbf0248c,117,161,44,1,6196941
ad1e87168e605ab2,281,317,36,1,6914764
ad98a273b4a1f1a7,42,51,9,1,700737
ad94d6a81f80db6d,108,153,45,1,1633559
ad3494ef8a5ef4e0,484,630,146,1,8871235
ad3f72ba94f8e487,672,909,237,1,7532602
adae01a14888bc34,3,3,0,0,59545
ada614e8c9d02df0,272,306,34,1,1846260
adb284e3699accc6,3,3,0,0,31257
adadea75a414d1d4,195,204,9,1,1223498
adb91f39e0dbbba0,49,64,15,1,498223
adbbdb15ed75bd36,5,6,1,1,52838
adc5a318865174d6,181,187,6,1,2153967
adced6cf8321710b,258,284,26,1,3075865
add1c803dc57ea60,311,404,93,1,6837836
add1a868621faf34,530,734,204,1,8346164
addb08dd3df930f7,446,599,153,1,6837205
adcd1cb95f4d2829,644,849,205,1,10338457
adceda5d1651b78d,623,809,186,1,9903122
add8e2cac33af0fb,420,594,174,1,7736534
ade7ba99435b691c,99,130,31,1,1383767
ade1b6aecd031028,297,354,57,1,2670283
adcbc33bf89b9380,694,960,266,1,13246070
adee9a14903b8bf4,525,744,219,1,11701380
ade9fa8fba4f6f71,610,808,198,1,10559754
addada636d5dfbce,1350,1652,302,1,15924397
ae0e43bfa068de20,300,340,40,1,1726061
ae1a1d24cbf6390c,46,64,18,1,484372
adff790e645b70f3,681,944,263,1,9321020
ae1c8ac5f0a16461,679,873,194,1,9039488
ae21cc9ad0046cd6,429,534,105,1,6759297
ae39818833086f96,192,199,7,1,715892
ae5cee7b26fc0f32,35,49,14,1,487981
ae475d3080726bb7,464,553,89,1,6284171
ae640d1b3cd80766,2,3,1,1,104242
ae63c111ad03ddde,19,24,5,1,280452
ae6a7bdc762b5d44,3,4,1,1,120863
ae691dfc0a58bdbf,11,11,0,0,123287
ae720a6c693030dc,312,353,41,1,4560639
ae648bb7822fdb62,912,1291,379,1,14380574
ae7250ca79a8e928,267,319,52,1,4106106
ae84b15d7868896a,114,149,35,1,1605588
ae87f32ab47c6cf9,96,130,34,1,1663000
ae886bf093b84786,694,943,249,1,13814493
ae96a99b29c8d93c,194,206,12,1,810718
aea3bf22b774adf2,207,229,22,1,916111
aea29760c52c6266,157,196,39,1,1876736
ae9649175299273f,756,997,241,1,10396455
aeb2406e5b7c43b6,7,9,2,1,104783
aeb4b94468593f13,119,123,4,1,737407
aeae9ed0e45898be,546,774,228,1,8773556
ae6fb431a3a9729a,2000,2730,730,1,42115362
aec50a41f4438879,264,290,26,1,2143918
aecfe4a0a86d8ca2,59,90,31,1,1382780
ad0d4a0aadb62ff3,12422,14898,2476,1,194494156
aed56585c1a892c5,247,287,40,1,1230393
aee5e25738eb0fe1,24,35,11,1,274595
ae6ea3d0cb2706a1,2807,3625,818,1,56753815
aee7c65ce4ed4aac,106,135,29,1,883785
aeec1ee6c6c3014b,27,35,8,1,504150
aeed1f300c0a0d7f,252,330,78,1,2895185
aeedc6b9beb9cd55,829,986,157,1,5194266
ae88b2bfcbaebda4,3240,4294,1054,1,56864029
af409af500144a54,12,17,5,1,212798
af21218faf4f69d5,34,48,14,1,728848
af3b71d9ed3591d2,44,54,10,1,1226921
af45f5e418df8197,105,136,31,1,1863231
af18b0d1bb70d7b8,200,214,14,1,1844284
af148bfff97ad2b9,189,195,6,1,2102447
af280ed7637daedc,262,300,38,1,2133717
af507893a581054f,101,144,43,1,1883519
af111388a4620f77,108,161,53,1,3121705
af96b5b60bb3418a,77,109,32,1,1113811
af76fdafcb4fb457,204,214,10,1,1526188
afa36f144c4c5648,290,337,47,1,2947403
af783c40bf0b83ef,236,301,65,1,3982163
af1670fd9a4524e6,427,593,166,1,6274110
afc5c519d7c75b1b,269,294,25,1,2294330
afd8693dfe0caadf,28,39,11,1,580217
afdceaa64803655b,27,33,6,1,399503
afec957b8232c02d,43,51,8,1,532062
aff0588ec71cdb5f,86,112,26,1,1415170
af0d0df32ae44cd5,308,425,117,1,8414490
af8923e8447d120e,309,361,52,1,5866162
affc6b05f21b715a,2,3,1,1,66707
af4a5068a5316d2c,580,648,68,1,8938245
afe38a3731e47842,284,314,30,1,2849538
b005349c7084d107,2,3,1,1,37512
aff6ab8ae26c456d,101,158,57,1,2317025
aff64ae722dcd1b7,312,363,51,1,3560785
b007e8cdb685384a,256,276,20,1,1522102
af7172852d370d26,359,446,87,1,10224967
b01a0a76328d6309,42,57,15,1,644619
b00816285ef29d3a,262,299,37,1,2423237
affa4a3f780a5f1a,141,201,60,1,3608717
b045dcdc67737396,34,48,14,1,1009016
b03d051080c817b8,90,128,38,1,1488835
b05b291c22aae1c7,87,119,32,1,1614060
b067b31898d8843a,190,198,8,1,4436449
b06f5a9587bceeb9,196,222,26,1,3664782
b02d5bfd8fed6f67,563,690,127,1,10160992
b076203847312983,105,133,28,1,2949134
b00a8c6b920490e3,418,516,98,1,11374381
afb649a945abf56b,1079,1500,421,1,24437095
b07343601b8a07c5,450,508,58,1,9887509
b0617b5e72db7a47,528,672,144,1,14891623
b06639f8539510f9,733,904,171,1,15578877
affcd3de0d2477e8,634,772,138,1,20920563
b085cbfa15a5d602,102,138,36,1,2344991
b0904fb573994f54,81,106,25,1,1233112
b0796d10cabe49f6,401,553,152,1,9344264
b09d549bcd40504b,2,3,1,1,47837
b09fb485b273048d,11,14,3,1,191901
b0940990432b5c06,95,134,39,1,1866560
b090f26fcd0e92d6,154,218,64,1,2148170
b08f4c956424dcaf,250,283,33,1,3857029
b0ad53cfd3b3c6f4,219,229,10,1,1978536
b09c03c1fca137da,338,398,60,1,4047174
b0dc75c82698a38a,76,109,33,1,1475044
b07dd7a1288d6507,575,781,206,1,9202502
b0ebc4fb62738ab2,61,79,18,1,922045
b0c062d20c827751,317,341,24,1,4869944
b0cb0b46ab7ba77d,336,401,65,1,4909250
afdd3c70e7aa0b41,1242,1742,500,1,33970790
b101cc3802d9bfa5,79,108,29,1,2291638
b1213f06bc0ccb7e,257,289,32,1,2858343
b12649bb4aef3d7f,107,132,25,1,2704221
b078ad83ea6c9f15,1117,1600,483,1,26122050
b136e7ae50b4846a,322,395,73,1,6350055
b100f1ac661141bd,580,817,237,1,12160992
b10920059e144173,675,905,230,1,12993725
b14191a4577454d8,41,58,17,1,1088229
b136502189f30e9a,461,648,187,1,8927504
b153f9d43c409d35,149,158,9,1,1491163
b1589c5113914080,51,64,13,1,993164
b15c5a3e586620bf,89,134,45,1,2858981
b173083edd8c5f38,45,49,4,1,471827
b16c713720530b2d,271,292,21,1,2393066
b17896b9b8864993,135,146,11,1,994061
b17d631c6c2388ed,211,228,17,1,1580885
b1338d7eebd10191,1095,1386,291,1,19488566
b18a9440640db766,208,225,17,1,11318482
b1922dd12813fa87,284,353,69,1,8310120
b19ed27d047f6512,77,117,40,1,2245120
b197fd80d2acd5df,252,280,28,1,4692660
b19f4d5e9c7fbd8c,183,187,4,1,2390196
b1b5f6b279ebc60b,324,428,104,1,4733039
b0c4f9d03bea2edd,1511,2047,536,1,49494096
b1a1daffc5315b00,541,656,115,1,7728449
b1c42716a947227a,196,278,82,1,3151004
b1806e67eaa352ec,626,825,199,1,27583696
b1d58db725581f6d,13,17,4,1,253434
b1df5e0242321891,19,24,5,1,257103
b1cb7afb2258eeb2,101,153,52,1,2260297
b1e2aa7b7d9aa03e,279,354,75,1,3959438
b1ee5294ce69106d,245,274,29,1,2702417
afacd505c4b6cc60,3917,4938,1021,1,99128739
b20292816c7c171c,15,19,4,1,200708
b1e1c451e997511e,1139,1598,459,1,17280904
b209c14540673388,466,624,158,1,11548864
b1fd69ae89cd0d62,498,723,225,1,19336401
b21ba5751311494a,50,63,13,1,1239736
b215f7f2f0cde3de,410,439,29,1,5434406
b1f3a6e019fb409e,1262,1644,382,1,31335746
b21c294a1627d0c4,370,454,84,1,8858685
b225553c735570ca,47,60,13,1,522894
b21fa87c5cf01bfc,307,371,64,1,5851963
b20b39c8c462fdb1,799,1073,274,1,17789197
b13940df5d854a4c,2754,3762,1008,1,81748304
b234819a01eb4990,121,162,41,1,1255279
b23c9fe437656a26,148,169,21,1,1028848
b2413d66b620c453,42,51,9,1,570216
b167335a23886a6e,2920,3983,1063,1,88098819
b2460d288a3c9e26,110,161,51,1,1180176
b22873d0ed88bd25,681,930,249,1,11538005
b159cb66c371f0c7,3474,4576,1102,1,90011793
b071c9ebce339b72,5464,7274,1810,1,130502397
b25ec34493aa23ce,192,199,7,1,2076800
b2548187629fb2c1,97,129,32,1,2077450
b24e0ee95784dcde,101,148,47,1,2640311
b255f7d56764709f,258,293,35,1,3398133
b249bfdad1f19b9d,304,363,59,1,6600527
b27adbaac6ccce16,168,223,55,1,1461498
b27eb42881b6ba25,244,334,90,1,3382476
b283a25a57c0d461,310,366,56,1,2960333
b28dad65a8d98f0a,50,62,12,1,393111
b277e09375b820b4,695,879,184,1,8648042
b2939b41387136bd,239,262,23,1,1785762
b291ffcfb1dd68eb,279,313,34,1,2756991
b29f040083de6739,188,195,7,1,1098532
b2483f3994ae18c5,2204,2889,685,1,38190768
b29c1d7e4960f99a,590,791,201,1,8310181
b0f9502b13832971,6738,9054,2316,1,165658410
b2b5360c7c324860,232,251,19,1,3067781
b2ba95ce3581a9d1,201,211,10,1,2035288
b2bffd285b3a01a2,407,500,93,1,4789932
b2d8880ab0f4b844,26,38,12,1,347083
b2da14d4bac2cc5f,19,23,4,1,183068
b2c14629d090ebfe,1672,2151,479,1,26583815
b2f382df520db21b,149,216,67,1,3626619
b2eff418c7468c2c,499,680,181,1,10116625
b2f66263e5955fdd,9,11,2,1,201806
b308e967288474dc,7,7,0,0,86635
b307223e577125a5,14,17,3,1,152957
b30bc4d2649da920,30,40,10,1,391751
b2f48e530cee0575,184,187,3,1,735862
b30e979c6065f564,69,90,21,1,909150
b30ea97b135b4ef6,86,109,23,1,1175168
b2f91cfca6d0e864,286,321,35,1,2156673
b31041a809ac7bcb,283,346,63,1,5056219
b303231ecdfceef9,715,961,246,1,7694252
b322afb4ecf649c5,339,401,62,1,3276013
b30c2df0da02b295,705,984,279,1,11371753
b3250545978addda,424,477,53,1,4704774
b2fe37c5fa8d8dd4,725,1007,282,1,15337273
b32deb1dd0c7d7a7,176,218,42,1,2221480
b3357fbc24bf98f4,24,33,9,1,420430
b33239eddb9cf031,402,493,91,1,6550581
b3354733ad9fe467,242,274,32,1,3415288
b337298a5bd2a045,298,346,48,1,4214106
b34bd41735d3ff44,204,257,53,1,2817067
b1b62e6af061f1b9,8968,11821,2853,1,226864455
b2f219da0475002c,2589,3366,777,1,47469111
b35f8ce1b6fc1102,238,305,67,1,3674469
b358e1fe1d20ded1,770,1057,287,1,12862854
b3916be3d023afa3,89,119,30,1,1239327
b3b5a8bbbc7b6e3a,18,28,10,1,303478
b36a1a824050a468,199,211,12,1,1349647
b39f03144140a884,112,157,45,1,1690659
b3808e6ba69e2419,109,165,56,1,1895249
b3baa233051d49c1,194,200,6,1,1108887
b397bafbde80ccda,285,328,43,1,2692859
b3c9d4d1fcb11ce7,93,119,26,1,1423545
b3c27911f48719c6,157,201,44,1,2135882
b39621086b68758b,546,740,194,1,8556522
b3b55a25fb35b043,587,812,225,1,9322088
b3d26003cf1f4e31,667,944,277,1,7178343
b36fc2af440decb5,758,1023,265,1,20786226
b3b16f46f6070891,1611,2079,468,1,30443858
aef4efa6ce947325,14783,18308,3525,1,412026022
b3f57ed095958264,7,7,0,0,144001
b404bf078d57b815,32,48,16,1,497851
b3ecb1aaef3b4a45,200,214,14,1,1415048
b41a287b469838be,65,89,24,1,910867
b3f29582d1142521,287,309,22,1,1897002
b3efe5b66a106274,251,277,26,1,2028498
b42ac0df622e187c,27,32,5,1,360684
b3f1e25272499fdb,188,254,66,1,2562123
b43a254ee21030dd,63,79,16,1,994885
b414a32d01c1d0b8,311,345,34,1,3728989
b411529aedd95d27,540,687,147,1,5684664
b44c9dff40c1ebd5,282,323,41,1,3560038
b433ca855bd10688,492,617,125,1,5821414
b41968015200f09e,559,688,129,1,6483470
b45aec436ed7d170,91,120,29,1,1581798
b4195244e233e4b5,816,997,181,1,9236934
b459a57ea2cca9e3,258,291,33,1,2575780
b4768768c199a90c,204,212,8,1,1200002
b44bfbc1399bfeec,524,598,74,1,4571196
b480d94fba57736e,40,49,9,1,387181
b3f024633a5519d7,987,1297,310,1,13270301
b47fd86025c3eccd,313,351,38,1,2603603
b3ea518b9a20d8b1,282,338,56,1,14639227
b43ddb9597bdb6de,760,954,194,1,8718108
b471d4fecabee70f,540,753,213,1,6613530
b48921f926bdf86c,328,394,66,1,4524838
b4946c5330df023c,8,11,3,1,237537
b48c18c01bd9e53f,624,769,145,1,12664780
b487d12488f268cf,802,1031,229,1,14361160
b49bfcef12b033de,3,3,0,0,76276
b49712527c7aac2d,41,48,7,1,723000
b49956c7a02e5591,188,194,6,1,1989629
b49ba0b35ffe5324,28,35,7,1,482920
b49d4c10c97a469e,89,120,31,1,1442233
b4a3badd571ce711,94,127,33,1,1529995
b46a7e65c2b12b45,1923,2434,511,1,30935448
b4188251859d0f61,3503,4584,1081,1,55958906
b4ab73db4a92f9cd,185,194,9,1,1148792
b4baeb606eb16b0f,73,100,27,1,1132725
b4b6e643183e83fb,88,115,27,1,1149323
b4ae8708ca711e1b,249,270,21,1,1859920
b4b6567d48ca29fa,236,253,17,1,1840303
b4bf6a1b37aaf555,196,206,10,1,1341441
b4ba841df62bbb29,227,243,16,1,2469860
b4aa039e647c6a7d,294,337,43,1,3241612
b35bd244c0107651,7319,9583,2264,1,169931617
b4c8873faebf90dc,749,1089,340,1,18770312
b4d120fdbee4aa4f,386,474,88,1,8343405
b4d310f983ac4b88,44,58,14,1,1081978
b4f82fc55a5bbe54,26,32,6,1,358678
b4c5cb47d0cabe04,1089,1558,469,1,30235285
b4fc797ca2ac26c1,341,401,60,1,3123194
b4f67c61ac57692a,315,379,64,1,5817683
b4f11ac008814144,452,596,144,1,5754617
b50af3d8d8c9c0fe,20,24,4,1,171085
b4a64027eaaa04df,2809,3623,814,1,52005607
b50c3c8d62ee3983,503,575,72,1,3783094
b4cb44878cb3bce8,1898,2398,500,1,36588437
b52138d28073fbb9,18,29,11,1,218959
b50195de7efab042,1181,1651,470,1,11466072
b525b3af6e3eedce,83,118,35,1,851294
b5201a67789332aa,291,364,73,1,5014924
b526ef6ba8096c7a,103,132,29,1,1390888
b4d088438a7de2fc,1482,2019,537,1,30902020
b53537f52dff80ca,43,49,6,1,392612
b539a1149d4c87eb,193,197,4,1,693234
b52e224a502d808c,378,462,84,1,2858410
b54094a7ef1a9df3,153,198,45,1,1150336
b54c757591769431,81,103,22,1,626808
b556ef1bf2a29bd8,27,31,4,1,195315
b55bb62e8b66764b,3,3,0,0,101497
b550f7527c266859,444,574,130,1,8432966
b55ee686b101b21e,217,225,8,1,2326452
b56a8eae67d4f075,120,151,31,1,2409997
b56f58099c17664d,415,537,122,1,4700080
b58666c2f0d0052f,94,122,28,1,908125
b59e5c61d9e42e69,186,188,2,1,637510
b5a160e16cf7daf4,68,99,31,1,998304
b595e5f31e5c56d1,455,632,177,1,5368463
b5aebc9fd3afd197,90,116,26,1,1387022
b5a402654e5a0fb5,583,721,138,1,8467408
b5afef6a9252d560,238,331,93,1,6679245
b59f6c73d30b373d,682,929,247,1,13401150
b5d877e6c7b92b4f,4,6,2,1,117138
b5bfeeeeb427aa73,1972,2621,649,1,21514742
b5c979a2535862e4,847,1109,262,1,18365374
b3dc71cbf597a404,11181,14591,3410,1,262957372
b5e42cb3cc380588,268,310,42,1,2262570
b60d4d547c28c3e5,9,15,6,1,191103
b60a22bb3f2f6faa,118,123,5,1,727436
b5fdb06b9f7b2288,476,570,94,1,4368845
b6189882bd1e59be,100,130,30,1,1256789
b622cd08d3288904,2,3,1,1,58301
b5f23be76722a80e,842,1082,240,1,12686300
b62674f28389eccf,195,197,2,1,1014644
b63084fc10106dbb,87,122,35,1,2860048
b62a839f66b8ddc6,368,489,121,1,6922517
b633e8bfe6862402,361,413,52,1,4472879
b6455b6e9b02eb2b,5,6,1,1,161146
b63e614a212153a8,96,130,34,1,931909
b6294d4d9d565dac,1136,1580,444,1,19998955
b63a66355711e7bc,493,673,180,1,6868248
b6572c47cec40c8f,4,6,2,1,105999
b5d7578522a4adbf,4817,6340,1523,1,109127362
b67ba3e51038a5ce,89,113,24,1,1123590
b67470270390456e,100,132,32,1,1604945
b6a107bb1aaf4399,2,3,1,1,90154
b68dc54991559571,96,127,31,1,1541100
b6c979cf33a88a6b,5,9,4,1,127545
b68527310132c156,579,769,190,1,4760355
b6886690674b707e,773,1165,392,1,6674020
b66c791217e46d52,788,1135,347,1,14047456
b690ed196c99612f,876,1225,349,1,13239502
b686b6aeceffc562,1144,1630,486,1,19015729
b6957f49c016b156,952,1237,285,1,25673904
b6939955f0d3cdc2,2370,3181,811,1,49147599
b653c8e56253f1a4,7040,9241,2201,1,139848288
b66e50fd09daade7,6230,8133,1903,1,140548044
b6dc5d35da1b1634,3,3,0,0,71183
b6d6faad2f443d44,99,129,30,1,983254
b6f0e6a9cfc39a43,5,6,1,1,77452
b6d438660d6470c3,240,317,77,1,3212518
b6e358b4274b3944,200,209,9,1,1313344
b6f4ff96165c3350,91,132,41,1,1560238
b707a5d70076b8bc,50,64,14,1,711556
b72c8ba1ed3e0cc5,6,6,0,0,45512
b6fe72e5c4229b20,97,131,34,1,1616477
b70b37b5745e01d7,204,218,14,1,1424263
b705067f8b71a7b9,189,199,10,1,1110975
b73bf96282272ad4,60,90,30,1,2066625
b70285ace7da62a0,476,572,96,1,6922903
b739d87ac3935b03,299,363,64,1,5295034
b7317f8388b7a31f,489,574,85,1,8366907
b73b62117ac10c8d,224,280,56,1,5970329
b6d2da33187c2d6d,1115,1687,572,1,16748923
b761e1715e1e015a,452,564,112,1,7874691
b6ff24647cdf5d41,845,1130,285,1,20568045
b76cd9a5a9350141,31,47,16,1,498450
b76f2157415328e9,430,464,34,1,3907004
b76a7519c6695ca5,415,504,89,1,5108414
b779298283255829,199,207,8,1,1260269
b7173a8ae19c5ca2,1117,1609,492,1,27206461
b790f3be71bb8e58,189,197,8,1,1171877
b74514387c8a7d1e,740,963,223,1,17984780
b7629cef2e348718,768,1039,271,1,13126519
b79b6825bce6ed6e,31,48,17,1,563903
b79f6145abd2c09f,89,130,41,1,1514953
b734e90b132331ed,1231,1543,312,1,31359030
b7a90962d8dc16bd,146,203,57,1,2125430
b7929b07a4b0c4e4,447,635,188,1,6241159
b6d7cb8750310e16,2137,2825,688,1,38323104
b7d08160692b1e97,1,1,0,0,25516
b7cd783046050ea3,258,297,39,1,1868419
b7cca7dc7421c27f,317,358,41,1,2408445
b7d63b2fe73ac7e4,321,382,61,1,3173598
b78b7c1fa3dba243,1133,1524,391,1,19681213
b7df4898c1e75ff1,492,661,169,1,9277062
b7eb162170a27715,212,223,11,1,2401747
b7c19d78eae6df67,974,1249,275,1,16907274
b7f624a67752760c,9,11,2,1,107850
b7eff3fd3e4aeda1,197,206,9,1,2025153
b7932d38ba9031c6,1412,1807,395,1,27214789
b7fa4dcbbbefa406,61,84,23,1,844930
b73b0fd71c561ae2,2674,3399,725,1,54236708
b815d762b4b3766b,11,17,6,1,241570
b7a13ff6f929d72b,2983,3884,901,1,46135716
aecdd78815dadd6a,65843,69907,4064,1,1028205510
b8225f5173ce14a9,2697,3629,932,1,33017800
b6ce6771bab85633,8158,11436,3278,1,189324361
b7374820ecf09258,8011,10664,2653,1,184269064
b86c0aa154d88208,2,3,1,1,137425
b8371c8e438a91c9,107,116,9,1,1417596
b85c09b03425f59d,97,132,35,1,1820369
b86633305f8d595b,135,154,19,1,2007547
b8834a9b4b3df5b3,213,226,13,1,1781554
b8aa2d88d583e991,28,41,13,1,418081
b854e691ef522a1a,237,336,99,1,2733805
b8936c417e0211c2,106,153,47,1,2537582
b83837356232ac0b,269,294,25,1,3207452
b8940698f76a2ca9,191,199,8,1,1657123
b8a85ca3cf33d061,283,309,26,1,1633297
b8712fbed66a115d,261,277,16,1,1902082
b85604a20a62059f,499,572,73,1,6130337
b84b3701e945f37b,798,1046,248,1,12269229
b8cf2077b334a7a9,5,6,1,1,104709
b8f915e6ee78daed,98,133,35,1,1119699
b921adca4570e9bd,24,31,7,1,442651
b9181ad662046083,6,9,3,1,257264
b93194c6b665af10,278,318,40,1,2244718
b8d3e98a5cf4deb0,362,423,61,1,4060504
b8cd9cda6e509c5b,311,349,38,1,4375146
b949b3b0f5e53891,4,4,0,0,55521
b929b6b5546b01d2,306,368,62,1,3272855
b94973d6801608f1,96,127,31,1,2324912
b940a2f476368b6e,478,659,181,1,4619388
b95dcd62b12ddc0f,88,116,28,1,797496
b8fe90cc4550c67a,650,807,157,1,9016123
b9437a936da30f83,461,659,198,1,7316135
b95418b09a07e9f1,463,536,73,1,5012155
b970e27fab8075ac,272,326,54,1,2150420
b9138029ba4f9872,390,518,128,1,11860180
b9788a7167c48dc9,5,8,3,1,117241
b97d1df3d6c2ac23,34,48,14,1,485000
b92d539f9ad36688,315,409,94,1,9051440
b97fc88be60726ce,86,112,26,1,1254545
b97a0c1bb6e77d32,162,184,22,1,1409714
b989efc7c55aff67,23,28,5,1,287417
b99e78763fba0972,3,3,0,0,44097
b93d6ef74ad603d5,460,621,161,1,12047368
b982a207fadd50a1,237,270,33,1,1995176
b9adfd8df409282a,33,40,7,1,321619
b98547c3d33007f6,197,214,17,1,2146613
b9bb9ecc132056ab,190,195,5,1,1068718
b93ce6a58ef0bbc0,944,1319,375,1,16043634
b960b5eeed151fde,908,1114,206,1,8570744
b97556596ac54a71,446,628,182,1,6394990
b9cdb1743e634de8,3,3,0,0,27186
b9cbc5c4d0fdcee2,150,192,42,1,3515123
b9574b84952544ed,734,977,243,1,18398111
b9c51e23ef7d3fd3,262,355,93,1,5870913
b9ab7f0a3e2d40a7,643,806,163,1,14560712
b9be3e44a12d7058,726,899,173,1,14288500
b9d6810b7c219bf4,107,155,48,1,3556933
b9a3f1fb924f24a1,1410,1666,256,1,22764607
b9e3383b79d3f4d7,133,203,70,1,2012885
b9e314b2c2ad4b12,333,384,51,1,3177065
b9f333e2ad1e3d2c,6,7,1,1,101394
b98cf2fd9479cbfa,2064,2679,615,1,34680537
b9f57a813055b324,318,376,58,1,2994186
ba0c5d09d7bed617,91,119,28,1,1500280
ba01dd480eeb1f39,282,323,41,1,2431364
ba138028f453fefb,216,303,87,1,4159099
ba2005392a115fb9,102,139,37,1,1836347
ba228f0f7218c6bc,103,144,41,1,1642139
ba1e81e08c8776c7,295,348,53,1,3687795
ba1e9f179833375b,333,402,69,1,6185344
ba32376279badad0,299,419,120,1,3971513
ba625082c33d5988,75,94,19,1,1513674
ba56f5ee9f9efa7a,60,86,26,1,2080046
ba3ffd3ed969aadd,153,190,37,1,2791977
ba53af3318e5d088,94,131,37,1,2495380
ba72f6b12dff92cb,42,49,7,1,738546
ba83d9432da66873,27,38,11,1,527412
ba96094ea6348bbc,102,142,40,1,2189088
ba378b61e606daea,82,128,46,1,6874749
ba49de16f0943308,188,194,6,1,1898185
ba495c2ff5dac597,273,330,57,1,8349233
ba99a5d11549a314,250,284,34,1,3968465
baa0c67dbc47d418,94,133,39,1,3194591
baa120807ab265f1,101,143,42,1,2543428
ba9c8f27db7614ba,279,330,51,1,4709374
baa2c6099a44ed8d,283,329,46,1,2718497
ba6ac35bd66387d6,557,697,140,1,11184316
ba6995d28deaf28e,1016,1353,337,1,17686585
ba4a4d7dd31435b5,674,937,263,1,11251240
ba6c2f55b54140d1,1603,2056,453,1,26228048
baaac84551e79b23,26,34,8,1,562536
bac3db04190c013f,158,169,11,1,1166194
bab0fd349906f85a,329,405,76,1,3571910
b827363c5a03ba34,15477,18947,3470,1,350702488
bacff128d45bbf7a,555,692,137,1,5163703
badca240ddf1e88b,643,794,151,1,8108498
babc41d873d4f07e,1033,1374,341,1,15437250
bacf3d462506d64e,1350,1606,256,1,15606323
baf3e8bad46f2e16,19,27,8,1,333678
bafde1707ffee234,14,21,7,1,242970
bafd836da15b1cde,40,51,11,1,620437
baf4c8fc5fe41bcb,41,52,11,1,1103409
baf2f1604850de4d,192,204,12,1,1132080
baf4e66aad1b6c28,164,179,15,1,1446353
bb08182f7e0897db,236,286,50,1,1966862
baf3207fb426766c,209,308,99,1,2919000
bb17b8d97eeec930,217,235,18,1,1473912
bb127d73593b3f18,475,593,118,1,5294290
bb2208a10ddac169,206,216,10,1,1464029
bb222d9ac17b21ff,84,114,30,1,814514
bb31523411f98654,86,108,22,1,731955
baed69fea12baaab,2726,3510,784,1,39779475
b6ba210599696a02,21557,28739,7182,1,656490095
ba9e6f86bd2d1304,5955,7842,1887,1,139369575
ba26d4fd02106c15,9227,12213,2986,1,218678263
bb6ae51881350852,76,98,22,1,1052041
bb59b4b531020e5f,222,229,7,1,1428078
bb65e508cf40b76a,90,124,34,1,1278445
bb60bef2814f8e8a,262,299,37,1,2434328
bba15bd6359a4714,43,57,14,1,919670
bb81edfe29208044,243,286,43,1,3763338
bb52da77cfe59f78,456,572,116,1,9639419
bbb403d6f93d2ca2,94,130,36,1,2833078
bb930f8883f073ed,236,315,79,1,6479800
bbba5f1d8054a6f4,129,163,34,1,1949576
bbbba4d02fa34a56,165,227,62,1,2267005
bbcc1ddfa3960f33,9,12,3,1,137617
bbd799e5c5191339,4,6,2,1,53723
bbc25883c69ead06,81,121,40,1,1044397
bb80fd97552190c1,1154,1345,191,1,19601523
bbe3887f4e351ee3,86,122,36,1,1294390
bb58b2b26f29bd42,839,1106,267,1,22063188
bbe7f04106658e01,160,216,56,1,2188873
bbe4442192b9c498,320,376,56,1,3567719
bbf7af0a09ebf7c7,112,144,32,1,1305870
bbb0540b39ccb6cc,715,938,223,1,11552943
bbfb8c7a060d5fd2,265,341,76,1,3823360
bbf3a28d0a21fe4b,198,291,93,1,5962648
bba92f20edd98d25,945,1214,269,1,15741586
bc23f1c7073d5769,262,376,114,1,5246587
bb40e97d5229f030,1921,2473,552,1,42263396
bc25954494517b22,264,337,73,1,8367706
bc2b4b1d8e984a69,99,131,32,1,1475944
bc08e60722bd414c,1160,1633,473,1,25051574
bc2f81f3d71b9964,342,434,92,1,3929239
bc35b407fb99bef4,365,431,66,1,4233406
bc2a0dfd5c5f2ce3,904,1262,358,1,15194225
bbd9ee3b2df394c0,2131,2766,635,1,42505422
bb72072ffdfb0ec9,2176,2772,596,1,64047098
bb71f3356b41e36e,3065,4279,1214,1,62876598
bc6160462d5811d0,16,20,4,1,578638
bc4c67bb061467c7,32,48,16,1,873964
bc44f8898eeedf93,263,294,31,1,3613293
bc4f7ad502459e50,116,152,36,1,3471302
bc52a453a1649395,304,396,92,1,7235089
bc5de5c681dc947a,378,448,70,1,5883315
bc8b4829d0b3dcae,30,40,10,1,1644824
bc75d1b2d0f555e2,93,127,34,1,3108292
bca549e0f6782ea9,3,3,0,0,51770
bc74995a00a5094d,96,131,35,1,3301556
bc72d0c24fe1e3b6,330,386,56,1,4808056
bc9cdc786bf168d6,224,282,58,1,3476756
bc78ee6718aa63eb,459,583,124,1,6726176
bcaf60afa3a760ef,290,392,102,1,3186033
bc991ca3e2a0540e,443,554,111,1,5600370
bc7ed723998019c9,612,754,142,1,9258338
bb813e8db15df244,5469,7112,1643,1,125424901
bc3149473aa93eb8,3144,4170,1026,1,56773610
bcc259424a8b89c6,86,109,23,1,1166957
bcd0bcc8629141cb,4,6,2,1,150995
bcc5972a2d5a4a44,576,797,221,1,11577995
bcca26500ede373c,454,616,162,1,10444213
bce2f1b0b3fa6d25,139,197,58,1,2460628
bcbb863dcbb90459,1031,1326,295,1,19169816
bce4ed6560e97159,41,49,8,1,365727
bcff188c62300f3f,4,6,2,1,74881
bcec2ad063908cb8,466,654,188,1,7492521
bc6e250be5d30404,3890,5173,1283,1,56305537
b8a65c33bf452437,19554,25665,6111,1,605081754
bd07ffae023efd95,295,332,37,1,4582912
bd20567d28740558,68,106,38,1,790324
bd2281767534e04b,335,404,69,1,2531166
bd2a922bc5078041,152,174,22,1,1814874
bd3f92831c66a9e0,101,144,43,1,1634966
bd31f4eb4df79f74,862,1164,302,1,11480830
bd3c96905c3f8a40,609,848,239,1,10849187
bd5a589f0ef56671,203,215,12,1,968924
bd4e28dd3a1b93c1,343,411,68,1,4364110
bd3377788af5ce7e,1483,2001,518,1,20925630
bd53d671583f6f45,313,347,34,1,4029674
bd3f414d891e74dc,848,1166,318,1,8582003
bd3c4df37a4b11b8,1476,1875,399,1,24226591
bd455d198337240c,901,1280,379,1,23519746
bdb3bfeb9845b082,3,4,1,1,94035
bdb7f19ed2fd989b,28,38,10,1,416592
bd997321be8296c8,62,93,31,1,893535
bd7171c6802f7d13,46,58,12,1,1032533
bd90a2306c63b838,66,86,20,1,1566544
bd94d143f904870e,251,287,36,1,1859011
bd8d89f75a78d156,243,272,29,1,2041013
bd917f20572cb26a,270,299,29,1,2010772
bdb82875e96d4bec,94,131,37,1,1316186
bd9d80d4ebb448ae,160,206,46,1,2214286
bdbad77cd8852993,450,561,111,1,5211218
bda7b57fadb5d6cf,998,1407,409,1,16205379
bdceaad4e2c279c6,43,57,14,1,415356
bdd28c891e1126ad,361,428,67,1,2574855
bde12f165e8b4292,102,153,51,1,1730137
bde829fd54160545,276,319,43,1,1777497
bdf368a462f2d2e8,265,294,29,1,2026906
bdf81493cca4e824,22,35,13,1,392453
be01ac2fff6a1337,20,33,13,1,390792
be034cf0ff5a1078,107,150,43,1,1908033
be03157ec6c8bdd2,100,137,37,1,1667870
bdeb63993fc25c52,806,939,133,1,8756079
bdf5236d6d5be8ec,430,607,177,1,10049328
bdeba7bbf7a2f715,739,1011,272,1,12759631
be0416a345811ef8,396,569,173,1,7160248
be141f9126a52b4a,140,166,26,1,1951553
be1a6cc75be4a924,268,293,25,1,2546253
bdf59f730b81b670,1036,1485,449,1,20982418
be2cae4c2948bcd8,10,16,6,1,227441
be03d03eef578564,1087,1249,162,1,18133391
be1c53e0d6f3a24a,310,404,94,1,7719491
be25cc15568c4bf2,276,341,65,1,4272015
bd5c7af1312f8b29,4406,5820,1414,1,107963456
be39395728ab4971,260,351,91,1,5959492
be42f1fb2f68e27c,246,272,26,1,2727213
bdc3116afe566b0d,4187,5386,1199,1,95582740
be472962784aba7a,1134,1599,465,1,17006849
be5416136cce83e9,92,118,26,1,1356806
be61ed843455d93a,86,116,30,1,745454
be710a8e2c7e6c62,38,49,11,1,549245
be823b7c39b63c24,103,130,27,1,1314854
be5e73960519183b,97,129,32,1,1921338
be6545cc4baa5d6e,477,578,101,1,3327611
bd5e011da43aa137,6682,8777,2095,1,165582100
be589daec10d5b9f,828,1161,333,1,20703229
be66697c5876bae0,966,1364,398,1,23996444
be93a441bf5379c3,1013,1451,438,1,19001765
beacc1e22a91e0b7,189,195,6,1,1232617
bead32beee015ebc,273,291,18,1,1911751
beb6fc9d3dd09f8f,329,382,53,1,2856924
bebfc5a97b79ea4f,252,274,22,1,1693347
be4a944974a68775,2956,3929,973,1,55510014
bebeafadf06d57bc,307,361,54,1,4450576
beac28ea7c1f9c11,406,479,73,1,8156369
bece020056b8426d,140,161,21,1,2152553
bea9844c65832d19,1564,2014,450,1,26934189
beaf9965ec284525,968,1257,289,1,27307068
be584648fbe56d94,1930,2756,826,1,51187578
bec7d4f9214dd416,894,1132,238,1,14022738
befdf0b9863c495b,63,91,28,1,762012
bef92d179c1c0fbd,226,254,28,1,1252974
befbee79cff03b65,332,403,71,1,3738358
bf06a27f6efa224d,191,200,9,1,831245
bf09c2a3ee528ff8,91,119,28,1,1243921
bef5f5af3157bfec,715,1006,291,1,8604559
bf190b9282ac0725,267,292,25,1,2135658
bf1f0e411f059b10,124,169,45,1,1941573
bf2bdcef97814ba0,3,3,0,0,58876
bf3224de95ae851c,123,169,46,1,1850612
bf39f9b74d6afdd7,476,596,120,1,3946301
bf3f272dad5158ba,283,326,43,1,3511842
be54fdb441f523ef,5146,6396,1250,1,114323800
bf42bed8fb8bc714,336,415,79,1,4787322
bf56d448ab6fe5a5,857,1109,252,1,7395144
bf8875044d44cd77,184,188,4,1,1091036
bf729db336dd1f6e,145,170,25,1,1662395
bf6d4cee9fc0bc26,99,135,36,1,3056737
bf8af54ebe424526,296,336,40,1,3069478
bf9461ba555be724,268,294,26,1,1913267
bfabc69edae34b1a,262,280,18,1,1920177
bf6203eb05929015,287,337,50,1,4214191
bfafb2bc8702b59f,196,209,13,1,1310252
bf774b903e2ad879,311,457,146,1,5022688
bf8ba1cd6882fdbd,442,535,93,1,5294171
bfb02caabd92cb1e,149,201,52,1,2407722
bfb93a76b6e50c61,267,298,31,1,2054290
bfc0fbd8fb2f9600,71,93,22,1,1656807
bf71813eac9d5e9d,458,610,152,1,7545615
bfc4d806ce52d6ef,185,194,9,1,1050422
bfad7d882723eb8a,388,471,83,1,8466163
bfd2930903abcd05,10,14,4,1,171381
bfcd71134570308f,326,400,74,1,3923630
bfcb87586719b689,301,360,59,1,6109286
bf41ad2767860bcf,4972,6623,1651,1,110448963
bfca503d79b27ca3,716,898,182,1,19852355
bfbcfc41fdd9c9a3,2024,2726,702,1,35438781
bff53c1c3590b83c,96,136,40,1,1630955
bf6543ea901bccfb,2167,2837,670,1,47197863
bb2f521c49aa8b0f,19543,25060,5517,1,718438010
bfff61552cfeadb4,100,132,32,1,1134845
bfe3d62227a75762,710,927,217,1,16704941
bff6906285025cb4,866,1092,226,1,14450361
c01c12d483118083,269,359,90,1,3056153
c0235395979255da,117,151,34,1,2008100
c003eae857bb665c,1017,1315,298,1,17358783
c039bee4b9c24596,91,121,30,1,1964084
c04839d12a6823c3,100,133,33,1,1393054
c0540857e89e1f9e,107,129,22,1,1399002
c064b889a88eb8e6,189,200,11,1,1506406
c075521f7f39b0ab,556,700,144,1,10513444
c083d46a23915570,249,302,53,1,3082749
c0753e3d49656b9d,913,1182,269,1,14406931
c0a1c212bf6962a3,3,3,0,0,119212
c0980f9274ef6cf9,190,197,7,1,2118745
c0b4ad6e35fc2af0,215,226,11,1,2568461
c0908a6813cb1e21,96,130,34,1,4780493
c0d1410bc3a09568,220,259,39,1,4190556
c0be05d90a693085,221,241,20,1,4899915
c0e4059bdfdf597f,259,332,73,1,7129002
c0c0a6ef72971745,258,323,65,1,7585222
c0b527c72ed2932b,588,738,150,1,9708807
c0ad0fbbd74fc5b9,286,365,79,1,7323237
c0eef963764f5f73,245,319,74,1,3596153
c0f139d6dce1db63,125,193,68,1,2543518
c0f2aeda82469d2a,279,302,23,1,2706069
c0b48113f982db02,816,1113,297,1,16860221
c0fbcefbbaa4e264,29,31,2,1,356372
c0db4aac8b6c3055,1176,1695,519,1,22243814
c1010b2082ae27ff,39,49,10,1,512026
c0f86ffd19199edf,610,748,138,1,7373615
c1015548e629dd8f,330,454,124,1,3648138
c0f84499bd292fb6,791,1044,253,1,10381933
c1174fb45b3750cf,148,210,62,1,3487018
c1171e06675bfa8f,472,586,114,1,6746060
c0f654f8b36d2a7d,1561,1989,428,1,30152029
c1396c8d7ab85025,1,1,0,0,58675
c1371f148399c1c4,344,419,75,1,4293693
c1426c43230dd456,191,200,9,1,968766
c141379681a06132,980,1358,378,1,18448222
c13130da6e110b7c,1132,1618,486,1,23784203
c143a28a9506680b,26,35,9,1,402830
c145528f61dc3cc1,141,183,42,1,1656209
bf507c0f7640de39,11746,15282,3536,1,307259558
c16b4b61876ab5d2,92,120,28,1,1376949
c16aa19720848901,543,847,304,1,6293393
c07d93df5ef689fe,6692,8847,2155,1,135238773
c18f0785199ae02e,5,6,1,1,419218
c170a5398eb6051c,878,1204,326,1,14826515
c1803a728cadf8e2,86,111,25,1,2454491
c19502159d17e9ed,50,67,17,1,3454400
c178a668cd06268a,310,347,37,1,5087100
c1a14da92a4a1cc3,190,197,7,1,2846877
c1a26d410283e608,28,44,16,1,1326176
c1746dc4a41562a7,373,449,76,1,7103117
c1bb36b6a55a796c,3,3,0,0,66151
c13e5754d2bf5a43,3155,4301,1146,1,60633446
c1badaf6da50b05f,183,187,4,1,981261
c1be038f558e3f69,2,3,1,1,55662
c1b6d2d4420fee3b,380,470,90,1,3814140
c1c7ff6f59cfe40c,3,3,0,0,37541
c1bbe3df26436744,358,425,67,1,3686149
c1a3be5c9c38bfae,969,1201,232,1,8424964
c1ce07524a7b9f30,131,147,16,1,1266878
c1d172ab7fd7b4e9,260,279,19,1,1072688
c166962999d1c674,2642,3400,758,1,55721752
c1d9c24f8aef2536,281,313,32,1,2405031
c1e89352e5e32ee5,280,329,49,1,4682154
c1ecb31f01c481e7,332,373,41,1,3106199
c1f08d88c4277fd2,95,119,24,1,1225180
c1714e6d94dc7c15,3325,4252,927,1,55797439
c1e4bd5c648582a3,712,931,219,1,10455392
c1f5867d9558255b,204,216,12,1,1533207
c1f2b14b07553292,150,195,45,1,1985549
c2062285fbbf1d6e,5,7,2,1,108515
c208367eb6b83520,251,283,32,1,5576685
c20fe1d13d69d680,372,463,91,1,4452384
c21402f56d9605d1,372,426,54,1,5664590
c217c07da1c96a0c,145,158,13,1,1128836
c1cb11abb73efe07,2307,3139,832,1,44805381
c1f052ffa17e2d51,980,1318,338,1,31465580
c22e85de63ee138c,217,232,15,1,1321548
c22d5a93bb7350fc,273,327,54,1,2775058
c234e6de8236e805,111,165,54,1,1773862
c2295bbfda5a47b3,224,315,91,1,7074912
c20d690475a9b608,1031,1334,303,1,28282763
c24586db62dd1f19,39,49,10,1,750856
c245b0a3cd2ffc90,164,197,33,1,3051752
c249520d7613abdc,227,309,82,1,4138064
c23dd6892497ac83,822,1028,206,1,10303921
c24e08d11caffa0b,422,508,86,1,5760827
c24b40f65f8d510a,741,1018,277,1,15507644
c29542d25c3f9823,5,6,1,1,152777
c2991b311960cd10,253,285,32,1,2433486
c2a81ac45e58bfdf,100,124,24,1,1695427
c2c594f05e39b957,67,95,28,1,1092057
c2c20b09516c302b,229,255,26,1,1927984
c2c9ba9b8322606c,258,285,27,1,3827018
c2ced0a908b3135b,87,109,22,1,887123
c2d0ed6a9059f102,212,216,4,1,1951977
c28957c084c61d19,1723,2484,761,1,34947992
c2abc20ff66dbd9b,1316,1878,562,1,26982086
c2efa2c45aeb062e,269,337,68,1,3901979
c3058a20f8dede9b,9,12,3,1,201825
c303f40b859fafee,193,200,7,1,1330781
c2fc649d4b1d97ce,300,386,86,1,3792679
c3131dd78f50b9a4,171,236,65,1,3461515
c32d19ebea68b673,149,212,63,1,1822037
c32671eea9a6cd86,249,285,36,1,2249019
c30395738e9beb4f,1498,2064,566,1,21950629
c327811a49e97ff3,425,524,99,1,7212905
c34715c410a263fd,39,49,10,1,523188
c344a742d4efab45,259,280,21,1,3265032
c3236dd5632c81d3,1183,1666,483,1,25578814
c36187de5a008ca6,18,25,7,1,465605
c35afd9a6b58855a,570,711,141,1,8221678
c374a4f45bacd3c1,6,7,1,1,114344
c369a43ffc6f8fcd,17,27,10,1,275183
c366192434db9a0a,21,35,14,1,517110
c36cd360937c93de,79,103,24,1,1316463
c36df6c4de375073,95,119,24,1,1383198
c37dde111377c05c,273,312,39,1,2857612
c369bd4e214ed430,505,623,118,1,8870582
c36354556682ddf9,896,1166,270,1,20021745
c393d7341f29f97e,45,51,6,1,1341323
c37fbb5449768621,617,771,154,1,15393390
c33bf9ad8098f900,2137,2874,737,1,37036633
c39fd7103a6f0b7b,152,212,60,1,3732967
c3bebcb8fe088a6e,65,81,16,1,1463661
c3c0c82f2759b77e,247,306,59,1,2747024
c38863f11ef84935,1123,1595,472,1,28120532
c3d2243ba3689d9d,3,3,0,0,78400
c3ca0aa0714b3e79,102,137,35,1,1711983
c3cc8eaf05f9723e,145,208,63,1,3132415
c3c78ea9ac6f7919,531,731,200,1,10167254
c3d6b441c29b592e,436,488,52,1,9390756
c3c4f016fd2a9839,846,1064,218,1,16975955
c3dae93ec1cbe19e,123,160,37,1,1982098
c3e358b3f080abe5,239,272,33,1,2208742
c3e03eadf9723b1f,440,545,105,1,4825581
c3f27c4c3cb84ea0,465,588,123,1,5953318
c3fa65d3f85d607b,164,224,60,1,2031335
c413248dc84b3359,102,147,45,1,1654026
c411a761714d3a5c,268,302,34,1,2816537
c3d821b7b0f2fbfc,1528,2013,485,1,26443926
c43515a896b13a9e,2,3,1,1,120272
c43db6bad5dbb55e,36,47,11,1,679472
c41e2e3f8bb8bbc7,133,147,14,1,1289998
c43663747106b693,157,190,33,1,3367668
c4229ef5eea54eca,314,358,44,1,3806107
c441d8cae35a0714,553,673,120,1,10497381
c449bea5ffd1027e,231,260,29,1,3590917
c45793bd947218cd,115,164,49,1,2414516
c415dc5cd02fd3ba,2974,3930,956,1,60215516
c466fabdab616728,417,510,93,1,6476971
c47de7bc83fca25b,8,14,6,1,196376
c480dc71a68d42c6,205,262,57,1,3412390
c47184ec7e4d9b04,461,646,185,1,6912088
c48f2d2370c09475,42,57,15,1,1116828
c48ec8d7bfc91eb7,75,97,22,1,1572276
c48838135319fd8c,286,326,40,1,2492947
c498c55b01286213,5,6,1,1,80871
c49356cffcfe6147,262,281,19,1,2121355
c4a1526c8adde460,117,151,34,1,1845794
c4a14229e0e926bc,294,345,51,1,2454249
c4b9abdae18d48f2,659,880,221,1,5817788
c4c8753915394727,68,109,41,1,1367283
c4ca5ed614906334,687,737,50,1,5487080
c4e4fcac05c0d8b9,104,141,37,1,1523876
c4e6609f2452a8d0,137,173,36,1,1228498
c4ded6671789ba8b,321,453,132,1,4818972
c4c12c158c2fcea3,1414,1913,499,1,33572404
c4ef6e3dbda01003,86,110,24,1,1913611
c4f7cc3dd3c5f074,302,440,138,1,4700593
c51296297f618a66,36,48,12,1,529677
c4f2b86c52485969,869,1209,340,1,14574144
c4c9b7d26849dcad,2383,3128,745,1,46817745
c513e5c10bf6c99d,188,197,9,1,1079246
c51df63e6d072f65,76,113,37,1,1375322
c51da61b8724be35,211,245,34,1,1200628
c525a0b41cda9182,18,23,5,1,356801
c4e926110b8f5ccb,1872,2494,622,1,31663911
c527a21d2896d6e0,36,49,13,1,328769
c4f92fe5c1ffd4c0,863,1269,406,1,25416898
c52a9e3439e482a1,94,116,22,1,719881
c5314c1659d97d9a,28,37,9,1,406462
c534bf614ba01f42,11,13,2,1,165317
c4fb744796fbb478,2026,2234,208,1,26682889
c539c638d813aa51,9,12,3,1,178884
c52637d12e85cb0e,530,654,124,1,6334124
c5002988e69c9e25,1371,1750,379,1,32611244
c53d49cd84d1492a,292,327,35,1,1642502
c548d6c15ab45e81,5,6,1,1,128463
c577115c3fbac7dc,2,3,1,1,69699
c55f9101a22c8bf6,17,22,5,1,370978
c58c2507c8cdec4c,2,3,1,1,73388
c56b2a4aebc07b39,80,116,36,1,1598678
c566734e67b8c20d,97,155,58,1,1663587
c575e1a89939dcf3,263,281,18,1,1938872
c5666f7bba1b4585,319,360,41,1,2664701
c5acf10dc65b965c,24,39,15,1,327455
c571ba6447fd06cf,1031,1376,345,1,9761616
c58957726d5f5310,928,1226,298,1,10204058
c5b27b3e322acec5,193,197,4,1,1309061
c58060d2b8e51ed4,878,1246,368,1,17058756
c5aceab75ddf6e63,497,689,192,1,8872739
c5badf918723565e,114,123,9,1,778856
c5c71998186d63fb,466,524,58,1,2513939
c58ac31db6a4ef1b,1184,1559,375,1,23825817
c5cd65f0e6cca74f,285,367,82,1,3892152
c5b5bdcdcd620f3c,1023,1329,306,1,9332585
c5d56bd6df168492,280,351,71,1,2110785
c5d8df4964c7c263,262,283,21,1,2052725
c5ddbf6eacd82869,126,160,34,1,1073183
c5dd96d382863b95,99,131,32,1,1439132
c5dc37a99c015b00,296,345,49,1,3560591
c5e9c4eda9e96a31,84,113,29,1,1194742
c5e4207a1db97249,313,376,63,1,2357955
c6009b5821680036,71,75,4,1,443062
c60422b226d34b56,37,65,28,1,629556
c603df9077c6085e,90,116,26,1,1210654
c606226863b923fb,310,361,51,1,2792801
c5f6f952081e9bb3,1210,1661,451,1,12489621
c5fb16e300222e95,701,951,250,1,12172906
c609bb9af3ba2e7f,119,123,4,1,458840
c6147548160442ea,301,347,46,1,1618075
c60d83b269461151,664,826,162,1,7088014
c627de3bb69d3858,8,11,3,1,269062
c62472c01fac3a92,398,533,135,1,4508957
c61df1f2be8a6dad,659,900,241,1,14043065
c6311ff1161dd016,278,401,123,1,4154379
c62386db1df43550,560,745,185,1,8175784
c6022eb318755367,2047,2622,575,1,30076955
c645b06714b4d206,4,7,3,1,68264
c64f8250f302bf2e,260,280,20,1,1904943
c654a4c4f360ea18,261,296,35,1,2298969
c658d79f229bd144,272,296,24,1,1657667
c54adb158215038d,7335,9440,2105,1,130231826
c67613aa4c071aa1,46,57,11,1,357352
c688d22a790e5486,79,112,33,1,1153963
c6732ade0e084ae8,967,1429,462,1,15754036
c55163776027dece,7648,10143,2495,1,153837428
c6a3a901b5aa06b6,121,155,34,1,1604759
c6970e926164e46c,660,825,165,1,11339209
c6a3f06e8f261fdd,294,329,35,1,3458051
c6a218ef4900b2fe,302,369,67,1,7072046
c69d874a5f15d709,488,632,144,1,9625464
c6b04f996dedd8a4,2,3,1,1,125755
c6ae20ecc7502a5c,117,123,6,1,791723
c6aa672d5f017edf,188,200,12,1,1360044
c6c788cb7ac1ff1e,5,6,1,1,276350
c6c26536028e35fc,151,220,69,1,2661749
c6a58ecb83705855,1142,1615,473,1,23483358
c6d6f4a01e66e24a,84,104,20,1,755716
c6d960685b25c3a9,77,97,20,1,1430352
c6da422fc5a2bb7c,115,149,34,1,1818066
c6d963f0013e06ee,129,178,49,1,1764280
c6da838d7489e975,716,927,211,1,10942564
c6b8b3b9a4826d75,1973,2517,544,1,38190612
c6e9d2ad8be7c153,90,124,34,1,3501876
c6f6f7918dd388ec,314,349,35,1,5696367
c6e98d18e118c78c,366,454,88,1,6109821
c6e566b3143c9c72,309,343,34,1,6049831
c6fba769f904cd36,402,452,50,1,5075718
c6fe277b35dcd669,237,291,54,1,2252227
c7030e02725bc596,191,197,6,1,1975030
c70386a8a131b52d,237,325,88,1,2023195
c6e13a81c1d1fd56,1162,1482,320,1,22871439
c70bd0be651e22ca,210,228,18,1,1506288
c703cec281c70e87,714,982,268,1,17777537
c71c3123a8280b81,101,163,62,1,1306056
c71d0d62c5d397e0,105,149,44,1,2945655
c70f30753908cff6,629,857,228,1,10704886
c717bb1a3c786c36,233,307,74,1,6437591
c71ce81383e6f3b8,296,332,36,1,4194231
c725fa9b8f54a5fd,255,292,37,1,2258902
c72d23a19e3e09b9,184,188,4,1,1107736
c72b22ace280b327,194,202,8,1,1342014
c72c8de20463bf4e,232,302,70,1,3757049
c7370f83d96d4c0c,59,79,20,1,1139267
c747311680ab5df5,4,6,2,1,84778
c72bf46e114f8fc3,718,975,257,1,9549620
c73366d0b373cefd,558,709,151,1,6600009
c74c54a54879dfe6,311,364,53,1,3397447
c7313d7c0d60bf1a,969,1229,260,1,14808530
c74c157c16409172,348,430,82,1,5118993
c750ab72816220bf,44,51,7,1,882804
c6de624cdc71c161,3946,5275,1329,1,71815974
c76166badcaefcc8,7,12,5,1,186344
c75fa28d0ea3523f,757,914,157,1,5051199
c770de50aea29e83,195,206,11,1,1822601
c75e952fa4b109e2,959,1243,284,1,17713569
c77139acc954abd4,331,399,68,1,3400191
c773b854cbff02b9,98,130,32,1,1695925
c783ddecda5f8c8f,31,46,15,1,466825
c781037f5042ca0d,137,147,10,1,847457
c78a54003ec45c7d,41,57,16,1,840834
c78759e37d449393,91,116,25,1,1812412
c77c0427a0bc4a69,184,231,47,1,2432345
c78455a2ddee7dfa,335,383,48,1,2529922
c77a8a47fdfdf6ae,303,355,52,1,5649002
c7a1856df7255141,20,27,7,1,344218
c7a7b3a5c378c19b,127,174,47,1,1894151
c7ac14570b3e80c6,126,163,37,1,1979289
c7aca98dca532577,60,85,25,1,775514
c778b71cd2d42118,887,1179,292,1,19221228
c7ac5a4cccd6a76d,397,471,74,1,5530752
c7bb1b33cec06671,42,51,9,1,1430097
c7a6cdbc2373aca2,684,919,235,1,18884787
c7b0c9f96bf7ddeb,577,724,147,1,13652812
c7b6109e5d0aae6b,392,452,60,1,9620668
c7b9c4a2d4829e20,1253,1581,328,1,11968604
c7d288e9408428e8,332,447,115,1,4319053
c7dbb060112d9910,35,49,14,1,480287
c7de1f0462b2be93,44,54,10,1,687877
c7db39841c2982a8,296,324,28,1,2833597
c7df06d31ecba2a6,216,251,35,1,2199452
c7ebd7e6f1031c9a,2,3,1,1,95582
c7f2dd5210d12602,22,36,14,1,372663
c7edab8cb9f364de,110,154,44,1,1680714
c7fdc4c7996d70a4,25,35,10,1,623898
c7fc0f053754d591,237,340,103,1,3304707
c80a7bf0f87da8c4,22,23,1,1,306113
c811c57d7b46a7c5,521,582,61,1,6396651
c82bfcf58745482b,23,31,8,1,677343
c83b15c19731460f,86,112,26,1,1607646
c80d7dddefd2f74f,848,1151,303,1,17361806
c855aa5c4d718f1c,206,224,18,1,1690232
c827e3a74975efef,358,433,75,1,6608521
c81e1e17536d247f,670,808,138,1,7035200
c87039ed9bcfbb91,3,3,0,0,114625
c86eccdc1931401e,21,27,6,1,587847
c876fd7296558721,199,214,15,1,1912259
c88104b7562e1102,3,7,4,1,130584
c88215bfaca60466,139,181,42,1,1274311
c8873d31168aeea7,23,33,10,1,270840
c85d94072ebdf465,1348,1739,391,1,34353572
c88773a009eba14a,38,49,11,1,419776
c871082aaccfb6a5,1199,1384,185,1,25988308
c88529f360cb6d75,212,301,89,1,2957858
c88f309d3975c13a,116,139,23,1,2156090
c89835a675cff9ba,6,6,0,0,76777
c80802908b82f6b0,4231,5417,1186,1,80404067
c89cad3236371534,664,910,246,1,6397445
c812a30c117608a4,4488,5967,1479,1,84064603
c8b32b323d29f0fa,52,63,11,1,581921
c8b59c9ee708c7f4,228,318,90,1,4416508
c8af65abcaf538ac,1234,1643,409,1,20564996
c8c2b2d5b1f18b3a,1262,1583,321,1,23440671
c8e985f98684245b,38,49,11,1,711875
c8e2e4453abc4419,133,193,60,1,1992304
c8e6b08e16d6457e,228,242,14,1,2249254
c8d7d1f1f18952e6,296,327,31,1,4112593
c8d8cfb41f04b7a2,319,377,58,1,4234707
c8f3ae5f42cdee6f,5,6,1,1,78093
c8fd4e4fe425336a,36,48,12,1,455817
c8f1160f310f65cd,406,497,91,1,2997809
c8df23eace4ef431,986,1299,313,1,10596074
c90c5e5a07cc9b55,38,49,11,1,455774
c917a07e71b440f9,142,156,14,1,1184789
c8f90559f8cb5e8a,415,574,159,1,6149855
c90f6f79ed4e95f2,234,321,87,1,2570247
c8f7f9184e87d066,504,679,175,1,9541128
c8e433ecc32bffbc,888,1194,306,1,23627428
c9267db220ec6a66,3,3,0,0,66146
c92844de969bbce9,112,168,56,1,1258668
c92e596f129130df,65,79,14,1,975692
c922def46bd7517e,488,613,125,1,5439213
c92ff6c681789734,195,206,11,1,1188930
c90513d07e429c60,803,1081,278,1,21280865
c93486002444b427,192,198,6,1,1008675
c92fc20dea65aa31,472,582,110,1,3140614
c89d7a78fe15ac55,3627,4979,1352,1,97969370
c951d2aa33b26f41,20,31,11,1,493961
c9527d7e7bba6ed4,176,212,36,1,1213132
c8f0b254b72ecee0,2411,3225,814,1,42874746
c8f04d4cddaadd72,2383,3020,637,1,43116290
c954c968627f60cb,109,130,21,1,1568617
c900e94fd8a78be7,2043,2571,528,1,40421770
c93e0b5f39cb50b9,1138,1614,476,1,17726614
c967c6b9eb47d577,227,305,78,1,2186969
c973fb50ebf8d134,27,38,11,1,391704
c95a4589e6df8208,717,934,217,1,8705113
c8c7eac9cc347988,4334,5736,1402,1,84415721
c9a15034a6a926ea,2,3,1,1,42479
c98f3b9dad29567f,26,32,6,1,646220
c9ae762821dcbc49,17,20,3,1,198534
c97aa20470ad8b9d,1584,2231,647,1,28660439
c99f6982c363e197,323,474,151,1,3945460
c98ec8094ce3a9e0,449,629,180,1,6885607
c9af43f9b01510c1,203,217,14,1,1088739
c98548aa5e19531a,578,791,213,1,9652125
c9ade2268cc542a7,248,321,73,1,3876535
c9915eecaed3157b,1136,1569,433,1,19635023
c9bd8728a1bb22d4,275,318,43,1,1823476
c9857e71465a35bf,1163,1445,282,1,20445097
c9bfe0eecd6622d0,254,320,66,1,1843221
c9ccae2a21b0e034,2,3,1,1,97676
c9d101c0bde6acf1,122,139,17,1,1735281
c9e458c57f154d40,5,6,1,1,166569
c9e12c86779425eb,221,331,110,1,1728359
c9e75f72d8b6baa1,194,206,12,1,892489
c9c286cfc6d21869,1132,1512,380,1,12632959
c9c49fd895aaa7f5,894,1144,250,1,13474633
c9fad6d1d9b2e5b1,37,49,12,1,737734
c9f8287da261a36f,197,205,8,1,2783297
c9fbde701725761e,42,51,9,1,1756212
c9e6e411dd7713a6,1016,1300,284,1,13720556
c9bf02ee2ac11925,1029,1461,432,1,23918262
ca07c79d9c20b2c7,183,189,6,1,1091871
c9ffa88f8f667422,514,655,141,1,6234463
c97506da35cde877,3502,4566,1064,1,59287316
c9e4ae9b171be823,1084,1547,463,1,23532417
ca0d11462959c787,574,707,133,1,7305802
ca294b0338006e4d,47,51,4,1,671566
ca1aa50802dd30f0,185,205,20,1,1458039
ca169fb5c8896c19,139,155,16,1,1854815
ca340b0f4c9c1c52,81,116,35,1,1684989
ca3ff10516849dc4,328,395,67,1,4194061
ca1e8e8f541d2868,452,557,105,1,5544043
ca3fdb5c1e21b67b,500,686,186,1,7433169
ca275e76afeb9d4a,940,1334,394,1,15298743
ca1c5695f4efe4fa,1051,1349,298,1,15752980
ca52781ffc124516,845,1112,267,1,15074557
ca5ae94fe15647f2,1081,1400,319,1,17610206
ca710fe9d1474dc4,622,891,269,1,6697408
ca7b9f29d0e187b3,200,214,14,1,2526984
ca04d2e0d9185fbb,3480,4789,1309,1,66702618
caf8179f314e98d2,37,49,12,1,1983517
cab9f40a59dbf732,205,218,13,1,2749408
cabeed70312614d3,84,121,37,1,3885326
ca9c08336e0d9619,240,280,40,1,3962391
caeb7757dbd42b16,302,347,45,1,4158653
cb0ad603dc83c5cb,198,209,11,1,4646759
cac12ace8aed4727,72,100,28,1,13982095
cb03fd462b670b50,383,514,131,1,12056927
cb044662f228d5e5,299,340,41,1,14192525
cb2cc8d98acb23ee,298,343,45,1,3274709
cb28e02c1ddfb4df,429,585,156,1,13282550
cae942b75040deaf,434,527,93,1,19398484
cb53a45ddadb0c7f,40,49,9,1,956412
cb3674d7bd9c52dc,284,315,31,1,4997200
cb36c04255ad05ab,309,363,54,1,4237270
cb65ce9e408b851b,107,145,38,1,3524673
cab78cbe85484078,170,220,50,1,25350197
cb3799059a65bb9e,274,345,71,1,3793346
cb8270911a69d049,30,38,8,1,462662
cac312a3fb655382,711,893,182,1,26348217
cb83eb5ffd10e13d,196,204,8,1,1159160
cb82f7ffa157345b,120,184,64,1,2077872
cb6b8c293f7dd537,315,382,67,1,8444995
cb06eaafe355b63a,668,872,204,1,24489387
cb7325221ceeb288,431,525,94,1,5171000
cbb03e593706c4ad,209,223,14,1,1570665
cb77acba26434432,303,347,44,1,5299228
cbc0559d6b005e45,25,32,7,1,666689
cbba9376538aa506,84,119,35,1,1400453
cb83a610f15eceeb,288,347,59,1,3752683
cbcf67166f8e92dd,3,6,3,1,60008
cbb3f6e1f57d617c,100,143,43,1,2994207
cbca26e15b8f32c1,178,244,66,1,2528651
cbd2f51ff588ac23,36,48,12,1,481477
cbd4710f40666df1,89,115,26,1,1056166
cb000f4de20a2a9f,953,1223,270,1,27185392
cbcfa27de7bdfe1d,562,658,96,1,6959240
cbd85a07e44c876b,346,417,71,1,3537963
cbdf12fb2deda516,9,13,4,1,200411
cbe949fe1cc98874,136,191,55,1,2088937
cba341ab5f672e7f,421,507,86,1,15949243
cbd3db2b45904015,177,243,66,1,10302036
cc0423f3e9eba3e5,99,130,31,1,1508483
cb6b9bde2fe31dd1,1226,1425,199,1,27542235
cbfda2e6730c71b1,334,405,71,1,3586004
cc03bd8a8d0db8b1,340,394,54,1,3365308
cc0e9642b0d93c6e,4,6,2,1,82388
cbd22464958073a1,506,572,66,1,17752769
cc0fdec01ac33c5c,89,130,41,1,1695953
cc086d34c0206582,450,591,141,1,6411282
cb6bd22b3a62b31e,1477,1884,407,1,38219301
cc36f089cc0b3954,97,119,22,1,1172198
cc133b31265bb3f1,418,555,137,1,9672968
cb9a22b0fca68ab5,1438,1830,392,1,35214941
cc4238eb5c2e8ea5,77,107,30,1,1145392
cb033a8259faea46,2552,3267,715,1,56076048
cbc6c4c7eb73d124,1284,1771,487,1,37362527
cc4e2b00ef2a6af2,210,290,80,1,5065563
cc5a893a9818fc9d,318,383,65,1,8383174
cc57abb455184731,297,356,59,1,6344908
cc5ddb9c9120dcfc,330,400,70,1,7570672
cc5eada05d87e99c,210,224,14,1,3262092
cc66bee21d01860b,113,160,47,1,1374825
cbd66ec989d14d10,1592,2081,489,1,42583898
cc60cbaeb9410bd6,353,417,64,1,3513230
cc13a4f6cd4a0eb0,1367,1822,455,1,30515675
cc44f3633aad0413,1007,1275,268,1,16646892
cbedb0739dec7a33,3310,4345,1035,1,64631279
cc140c276a0a7050,3588,4676,1088,1,67258558
cc073a96236641ac,3692,4859,1167,1,78283136
cc84623090915f4f,89,119,30,1,1281436
cc9100fa4e1b6434,27,32,5,1,279391
cc8c32a9cb94f07a,195,200,5,1,1381658
cc8a005e07f3d432,275,358,83,1,2496458
cc9280836f90bc21,84,116,32,1,1153905
cc82f63b08d3775e,255,339,84,1,5065991
cc882169fd350dff,312,349,37,1,6233097
cc7f16bba621a773,288,333,45,1,7481733
ccb4a6294eeaba79,3,4,1,1,83578
ccb4a2bbe78cbaf5,3,3,0,0,50300
cccfbfb0e27dc89f,65,79,14,1,1461825
cc7ad7c0da13c0d8,582,707,125,1,9823978
cc97d06c4edab778,89,116,27,1,10638363
cc95c93c9d508d5b,403,457,54,1,11559870
cca7e7a2ac02e2d1,320,370,50,1,7151469
ccd0d6b24805a299,211,219,8,1,3390803
cc8096bc17b3e94e,856,1063,207,1,15090933
ccd7c3d035e36b78,187,196,9,1,1245573
cc7809dfaf24df57,1125,1562,437,1,17269716
cca6a8faa5100e6d,632,784,152,1,6501186
ccd33fcbcc681760,252,376,124,1,6033170
cce1598e2f5343f0,284,339,55,1,1954740
ccf34aa813f6f31f,91,122,31,1,1280200
cd0282baf0f810b1,5,7,2,1,71779
cca0cd6557618672,1866,2541,675,1,37232250
ccdabe0fca91ed7e,835,1095,260,1,14708156
cd0cc7a2e5864d2e,378,475,97,1,6826419
cce3de1fafa646f1,792,1107,315,1,21681923
cd1133b671cf070b,348,443,95,1,7667651
cceddcc4d607edee,1278,1648,370,1,22109804
ccf9277dc6a5e195,1208,1670,462,1,25378165
ccffce438dbaf977,1211,1696,485,1,25645768
cd2e1817450d4742,160,226,66,1,2069367
cd34feec59ada84f,125,149,24,1,1543613
cd2f6492976b0a2e,177,229,52,1,3517521
cd2aeaeee8418d06,887,1089,202,1,10441904
cd3a84c1460d826d,109,137,28,1,1156672
cd40e0921df70303,65,79,14,1,1251080
cd449e4e16be3202,86,119,33,1,2256034
cd49e2ace9391a5a,94,138,44,1,2343618
cd621d62404b9414,510,639,129,1,6124547
cc681ad17b86a011,9798,12075,2277,1,111605049
cd3efbbaae604d1f,1402,1902,500,1,28487306
cd717625c95e7f3d,1138,1608,470,1,24603347
cd84c986593ed082,757,954,197,1,15022560
cd8d5bbdd5b03d9d,964,1300,336,1,19937466
cd94fd232205d627,2778,3441,663,1,28444790
cdb7c473a6ef5fb0,3,3,0,0,74796
cdda9c0f7bffdf98,51,64,13,1,1172475
cde1c9309a620a63,87,116,29,1,2153664
cddeb5553b6a366e,105,135,30,1,2391360
cdd0d3437b25afe9,162,196,34,1,2613034
cb1d97ab888d9a6a,14773,19541,4768,1,458628787
cde16ca8ecf90186,314,350,36,1,4614586
cddb4577c5c2328d,292,323,31,1,14250738
cdb7b122d9e0d245,763,1088,325,1,16254615
cdb1e084abb1e633,981,1324,343,1,20546579
ce072019a6e5889a,79,110,31,1,1604998
ce2b16820113f2a5,70,89,19,1,2602851
ce250dd2d6ad10b9,250,274,24,1,3527290
ce2ab89cf73506c7,316,357,41,1,4890590
ce38218b851f5fe6,155,189,34,1,2513490
ce303518814e60cd,82,114,32,1,4550262
ce432d3a2850e4de,10,13,3,1,545749
ce24b1a65050b72f,343,388,45,1,7725105
ce1f17235be0ad85,377,539,162,1,11600958
ce4a27d7e849341a,323,449,126,1,15753364
ce2b659c4d188f9b,749,1062,313,1,24959649
ce41f2eb05b9b961,550,752,202,1,18186455
ce5f414f74718d49,69,102,33,1,1406015
ce4b2f1965e7cd37,320,405,85,1,5481933
ce72896b45c7654a,93,120,27,1,1619166
ce56f75a871eed68,436,574,138,1,8362358
ce152a381344e23f,1886,2114,228,1,31265060
ce6070e240a7e698,254,355,101,1,8198478
ce0e067431a802b7,852,1077,225,1,18942319
ce75267a83b567bb,110,156,46,1,1711728
ce50fd12278f07ae,688,883,195,1,10264762
ce82e1ed7fb09e84,43,60,17,1,711901
ce8ad472008ca451,41,55,14,1,640667
ce8338081bdf1504,248,280,32,1,1781894
cebca11f9dc8f8e6,73,106,33,1,966613
ce8e997a81b00cab,297,380,83,1,3868316
cec375eb965c5e76,264,344,80,1,3599744
cec7a2c953e4cd9b,129,164,35,1,1810524
cedeafc8f44ef6ca,6,9,3,1,123558
cee10582498ecb53,16,25,9,1,263018
ce9452824e9f2bab,450,646,196,1,7107253
ce737efac00fbe5a,795,1031,236,1,11652895
cef446ed91ef1ae8,23,33,10,1,321558
cf09681587e5b057,26,39,13,1,402800
cf05252ad728dc25,290,337,47,1,2703703
cf0b60029be84f86,262,295,33,1,2244046
ce3f2573c2436f08,1660,2246,586,1,31169273
cedc216678e6e5f5,441,598,157,1,5994446
cf276632ba1a17ff,2,3,1,1,39691
cf34221437261741,2,3,1,1,26373
cee53b015909b97b,479,534,55,1,5466285
cf23a226526270d6,84,116,32,1,1454054
cf3d5f7ca9155927,185,194,9,1,1020730
cf4b5b69bb322deb,308,367,59,1,8287030
cf682862e36c7df4,42,59,17,1,939775
ce14528d81df0dd5,2385,3060,675,1,60155096
cf6600627dd1b072,782,1051,269,1,19187093
cf713d0336aa9982,20,25,5,1,457912
cf6b0ca859483acd,86,106,20,1,1008735
cf8e7a116c52678e,7,7,0,0,41588
ce5fc1f9ef873093,1385,1866,481,1,46343921
cfbee79542250954,428,508,80,1,3295384
cebe2cad49b6b9b4,1243,1624,381,1,37356337
cf4f5ad88a4deff3,1203,1561,358,1,26067818
cfc37d74159d9f2c,45,52,7,1,306880
cfc622c49b007617,25,31,6,1,194470
cfdcebdb356629c2,3,3,0,0,38592
cfdf3bdac9d37a93,18,23,5,1,221236
cfea4e71cc47ceae,24,34,10,1,346517
cffac2c0b169d671,63,82,19,1,828931
cfdfa37be96cb2f3,300,343,43,1,2849990
cfff9a5de6dab763,4,7,3,1,90707
cfc55a26323af2b3,201,277,76,1,2905814
d00095cd298dcb07,111,140,29,1,1409987
d00068cc9c10fc8a,258,324,66,1,3237858
d000a5b824fa6af5,93,127,34,1,1504573
cffbf4636d1d56ad,384,556,172,1,5772077
d0044e42b7692e22,120,140,20,1,1383597
d0207673a4b5a0af,255,287,32,1,2283147
d00d9fec3490b7d6,696,874,178,1,7485746
d03b64e6439c1f85,295,384,89,1,4638554
d03f3ccca3da01f4,38,49,11,1,276820
d0444f70c200ea33,41,51,10,1,734949
d05447238c520444,346,405,59,1,2183580
d01bc03242cba4b6,786,1123,337,1,12126401
cf78f7be5d23e2c0,1563,1939,376,1,27468258
d05bd320bcd28d35,484,587,103,1,8868948
d06343108914d771,93,119,26,1,1339795
d063db8189fb3243,147,211,64,1,2445971
d05110aaa3a50981,1484,2008,524,1,28826744
d068fff8eaa960ef,228,243,15,1,2152288
d07813b9b3cfcad0,185,195,10,1,907866
d0769942d23548ef,233,263,30,1,2242058
d07bf6b164722e6d,340,402,62,1,2702058
d08411ac3e656e25,8,11,3,1,72686
d07d9c1bffb3da85,115,150,35,1,1633932
d088401f3db2aa97,7,11,4,1,176113
cfd30e04ba152ccb,2640,3734,1094,1,62567887
d061cf4b5f634ee1,585,797,212,1,9814303
d09db88cdcc6f5da,118,147,29,1,1593610
d096a9748c3514cb,780,1010,230,1,9754889
d0ada34da9706e0c,90,129,39,1,1606239
d0a43680c565de2a,471,582,111,1,6302864
d0b7ee82ed065c66,215,279,64,1,2952014
d0bb19b8c9ca2034,346,428,82,1,4470048
cf5f1c19ab72d10c,5313,7006,1693,1,122774897
cf659b8b7391ed12,4315,5743,1428,1,116667484
d0c7e26ca9e94a3c,215,285,70,1,5543264
d0c7f0d4388d2a59,323,454,131,1,7489729
d09e3a752d469ede,1189,1643,454,1,27303301
d05b07f6fc2b7fab,2885,3876,991,1,58443999
d0ccc222f50307d7,396,488,92,1,5483903
d0d33c46848edaac,105,136,31,1,1560926
d0d93be2e817af68,212,228,16,1,1478722
d0d3b3f5d593948f,496,554,58,1,5600706
d0e01123892b596b,212,278,66,1,3808629
d0d06768eaeff6a4,934,1371,437,1,10407955
d0ea1d0cce94e58a,658,778,120,1,3704243
d0f9872486a65f24,10,13,3,1,128960
d0ef8d99fc60a396,281,323,42,1,2564213
d0f37d0815ed55dc,276,313,37,1,2582105
d0f59fc04f64b892,288,319,31,1,1635932
ce6e825617d9a9da,6612,8750,2138,1,178582265
d0fe38101d8754c6,297,368,71,1,3658915
d0f3dc20934fc134,881,1120,239,1,8281026
cf149c00f889dc0d,6233,8146,1913,1,171783653
d1108249a70cbfc1,89,119,30,1,805385
d120180835417e3b,263,299,36,1,1167550
d11734afb46f0327,337,482,145,1,5691706
d12dddbc8cdcc327,5,6,1,1,71697
d1373a9b8fc2f044,24,35,11,1,660927
d13bd0edc470274e,8,11,3,1,263110
d13a122eb6252447,6,7,1,1,122820
d134e5b8f95fefc9,306,362,56,1,4777758
d14137d596611fd5,378,418,40,1,4584227
d12a856ca6bbfbbc,860,1068,208,1,14401912
d13becd1023a7097,979,1326,347,1,10881216
d142328e1ada8743,808,1145,337,1,10565183
d16405c54e700cc9,94,133,39,1,1518100
d16eb7cc17b41ecd,234,254,20,1,1665947
d15aca992595acc1,777,1025,248,1,6825373
d198c21cfdc07cee,213,230,17,1,3078519
d18df8f4ef217133,236,295,59,1,4713719
d1912b3ecfc5b6a5,473,641,168,1,9112235
d1b44d1f49251ee8,100,128,28,1,1452387
d1b409704c3f7f64,138,198,60,1,1988080
d1db76d5d4e9ee17,22,35,13,1,398661
d1df1627ebe764c3,40,53,13,1,468458
d1e5d677d155e438,27,33,6,1,754295
d17ba62b02bb16d8,2302,2997,695,1,33921652
d1ef4751d9764582,6,7,1,1,60759
d1e17c5150d788a5,542,772,230,1,6101717
d1ec1ad93800c0e2,301,349,48,1,3979100
d1d666513f54a24a,1164,1641,477,1,23321352
d1e77e93810ddb60,1174,1654,480,1,22345542
d1fcd2b4a4561b38,212,227,15,1,926725
d1f7f8b53fb07ec4,214,263,49,1,2487469
d1a9adb4c8639bf9,2472,3118,646,1,52915920
d215cb291b14d91c,228,275,47,1,2337268
d1f58c3c7738b922,871,1216,345,1,8096213
d217c74456cb572b,181,223,42,1,1528183
d21c4cf5616e6e95,257,278,21,1,2179009
d22b69335b964cd9,215,229,14,1,1837948
d1bf0f8ac8fed258,3456,4530,1074,1,52796628
d242f7e251d4ce13,20,25,5,1,227702
d2417ce7ebc6f20b,243,261,18,1,1341949
d23cf16e73283f10,409,496,87,1,2888659
d2386f4b5876dd4d,493,689,196,1,6387545
d235e59094fefb6a,702,1004,302,1,9624469
d22bce21b2ebc7e3,1195,1664,469,1,15235427
d2653fd401d2d973,27,39,12,1,322003
d265306088ec877e,42,51,9,1,479750
d270e1a777583d32,43,51,8,1,409708
d26efe47a5b4f2ec,335,399,64,1,2520859
d27d5dfb37e44de0,426,590,164,1,5542802
d2ac51c2c1ee091e,5,7,2,1,97564
d28572d01ef82763,1860,2532,672,1,29182753
d295914db5445bc7,101,139,38,1,1293513
d2bd719124fa0e4b,6,7,1,1,132586
d2a381dbf93e1396,198,206,8,1,1705664
d2bd9292397aadf3,27,35,8,1,415614
d2bd9240083a4044,172,199,27,1,1991115
d2c30a6f57c1ded5,33,38,5,1,350199
d2bb782a72ce031f,303,368,65,1,4143299
d2bd2bad28a6ce73,309,408,99,1,3939668
cd9784ea80393630,19185,25823,6638,1,648470678
d2d6290a411192ff,3,3,0,0,85362
d2e270dab431353b,224,242,18,1,1823549
d2d8404c9a4a33e5,247,276,29,1,1869304
d2dc4aabd6c351eb,187,197,10,1,2338784
d2d1de092602b000,1315,1608,293,1,22632812
d300c02aa510547e,69,101,32,1,1045710
d2f5614be7677365,77,109,32,1,1217210
d2e60dbf4c101675,92,143,51,1,1852489
d31556e9699a49b9,4,6,2,1,63552
d318f4945934359d,78,90,12,1,1003021
d3141a554afd436a,264,287,23,1,2098716
d2e82cdec34d9c3d,327,370,43,1,3860063
d33641b746804e0e,192,199,7,1,1091128
d2d0cdd35ee0b0b5,2407,3161,754,1,45424094
d3192ca2aa9afdb7,273,297,24,1,2355066
d3413c7a4d89d833,94,132,38,1,1873049
d2ea671bbeb1999c,548,679,131,1,6711647
d30917e5164c0234,472,566,94,1,5766231
d34882bc6923ac83,18,24,6,1,259698
d2416c36739302e7,5811,7619,1808,1,116310363
d30318d4bf5f99ab,1434,1892,458,1,15722756
d342f9f281608198,650,841,191,1,8424567
d356e28f4144d6fb,309,349,40,1,6484493
d35ef1b3301c4836,244,262,18,1,3265909
d358a4465587dc01,662,809,147,1,9372475
d37053430f87a206,26,30,4,1,373742
d36ef1f3bc7a654b,127,199,72,1,1968210
d2869a4c9d9cc815,4690,6235,1545,1,107170547
d36c4d99cf5a608f,411,508,97,1,4879369
d3741f313c416d04,289,379,90,1,4008281
d2e113ffde710a6c,5151,6361,1210,1,76707147
d399ae576111fbdc,2,3,1,1,69208
d39899d967930562,6,10,4,1,151730
d3ac0fde21b0942a,68,90,22,1,742175
d3c83ebbfc0e35de,4,8,4,1,128780
d3c0c35b55f5d2db,5,6,1,1,66584
d39ff0dcf012560c,940,1197,257,1,13158439
d3a24fbd349c90f2,2717,3624,907,1,52571469
d3fcbe11b451de74,73,100,27,1,1346422
d45068f73bb6906d,7,11,4,1,133274
d418bef74761c591,195,206,11,1,1360817
d42c0c22b0f60dd1,7,9,2,1,109032
d43e4913be171578,182,238,56,1,1744645
d3eb2d82c17da44d,271,302,31,1,3016458
d3e7d4281aa8f619,259,389,130,1,4393898
d3ee073634d11127,505,693,188,1,7610224
d4667d5876183bbb,51,63,12,1,1342308
d4548302e9900bbd,98,130,32,1,2309189
d3da0377039ef1f2,1603,2252,649,1,38580258
d479a710d80799b9,40,46,6,1,417962
d47c8a280987e00f,76,98,22,1,819373
ca5a18f9167fd611,31075,41858,10783,1,1396917869
d490b5abcecec156,103,143,40,1,2469151
d487d0c448c11f96,154,192,38,1,2984773
d4a948a747e0fca0,266,309,43,1,4732215
d4b55b9fe8988596,166,204,38,1,3921753
d482b4fc5a518a7c,40,51,11,1,9270260
d4ad78076bc24848,302,372,70,1,6663081
d4ab0f0960dd1ee9,46,64,18,1,1283488
d47e462374446e4f,99,133,34,1,15551956
d4c2cbaebb43d496,191,262,71,1,4145047
d4cc9a6ae268e9ba,380,482,102,1,7079398
d4d1b74a0e84e8e2,3,3,0,0,64316
d4d946414c1939d0,195,211,16,1,1370084
d4d45c8d4e3b0b41,97,132,35,1,1700750
d4d6d310f3cf1cde,110,156,46,1,1884843
d4e761ddb43ca09d,26,31,5,1,296313
d4d7aaed2b76d1d7,95,121,26,1,1317725
d4d171649d0846eb,273,294,21,1,1970009
d44c66452cc1a6bf,3831,4696,865,1,75806843
d4e9192fd73786c4,706,894,188,1,5722307
d4f90f37d7dbee3f,117,144,27,1,715997
d4cb3a9e33d64cde,2070,2793,723,1,25571049
d4ff514f204456e7,528,691,163,1,7292929
d4fc1064da3aec13,815,1058,243,1,7290409
d50757e0b1fbb294,294,432,138,1,4704941
d500f64db15b4c60,544,755,211,1,9643481
d5242189db6a4948,82,122,40,1,1899222
d53038b7d61b91e6,3,3,0,0,85977
d52cfcf28fb3b0b8,45,56,11,1,1622075
d523ab9a34153dae,339,473,134,1,7496693
d5524c6b9346ebc6,190,202,12,1,1176243
d36f8e39751b3e9b,7823,9866,2043,1,276769122
d51082e6dc1185b6,1422,1848,426,1,21473231
d55c09e50477c751,299,390,91,1,4666720
d466f58672f4792f,6080,7695,1615,1,129010059
d471a99d20053955,7102,9368,2266,1,157655340
d57d0e0bceadd0fd,9,13,4,1,132468
d58a790ab46f108c,29,31,2,1,355126
d56882e84d40a8b5,96,127,31,1,1249503
d567e82a9eb68732,302,332,30,1,2615957
d59b466e995dfbef,26,32,6,1,468323
d5a0b6541d79b7cc,302,335,33,1,2487625
d5a36c7516498906,277,313,36,1,1895616
d575744b23870944,403,472,69,1,5128447
d59c6a775523fd62,305,363,58,1,4090274
d59e05aff804463f,622,739,117,1,5652664
d58d491e5b504cf7,925,1158,233,1,8257333
d566dda87089fef4,1114,1565,451,1,18672924
d54c7724aec2bbdc,11789,14264,2475,1,202963656
d3c33a5f7278a189,16438,22110,5672,1,509254247
cdcc443d3b794207,30959,42162,11203,1,1295989912
d5cd14d7ab55d1ae,39,49,10,1,789906
d5d89b0b89060cab,116,145,29,1,1005416
d5e00d26379dde61,128,147,19,1,1069642
d5e16df12ef88ec5,193,203,10,1,1669362
d5f666d8ef7201ae,5,6,1,1,87630
d5ec3705a1c7d871,10,12,2,1,156801
d6042555ec1aab1b,115,159,44,1,1035654
d5fa3571b5962c19,182,188,6,1,1278642
d60877c10838f9d8,101,124,23,1,751785
d61514b4498751ff,29,40,11,1,288609
d62260b5a4ee70e9,17,23,6,1,160563
d5eaa8054471b124,5,7,2,1,4225596
d62e520de7fa45df,4,6,2,1,58443
d5b608dd4cb78378,662,791,129,1,7455947
d63c4816a2a37859,8,11,3,1,141026
d63ec30199631d56,3,3,0,0,26863
d5b8852a0c40e589,398,485,87,1,5548632
d65c6f27c0b4fb2a,6,8,2,1,130783
d5dcb38cdc512b7f,651,850,199,1,9086348
d5f6b5b6e2ad69f7,332,391,59,1,4175336
d64b20f76f94b1e0,261,346,85,1,4350825
d626805eea00c16c,658,876,218,1,6133826
d66c9ad659f8a3c6,247,272,25,1,2033253
d67e8be40d1ca3ec,197,224,27,1,1168815
d5ab3ca0a252f65b,929,1206,277,1,13885884
d67ae0aa4fb14fc5,294,333,39,1,2577406
d6936df8e7069058,59,90,31,1,965167
d698e20d83938d3d,5,6,1,1,52393
d68cce979a28392b,353,416,63,1,2329674
d696258b62b84a81,97,129,32,1,1291439
d67fef9a9563552e,502,687,185,1,8929635
d604cd79373c6150,820,1103,283,1,17828268
d6cb16d74ad75021,87,121,34,1,2024944
d674d8c62e8271f2,696,876,180,1,14982336
d6b7fb131bbff3fe,284,325,41,1,4610455
d5b5d7907baebc51,1272,1728,456,1,26912137
d660dc67eb34b8d6,740,930,190,1,18993859
d6d4398a0464eed8,187,197,10,1,2486955
d6d3d3064341fa41,127,188,61,1,3908214
d6a95eaef7331734,645,836,191,1,13976812
d6e4f26bb0a1a993,188,195,7,1,1014800
d6e1df684cec1732,274,300,26,1,2304346
d701e2f860f9887f,117,154,37,1,1597634
d70edee51dd742f5,5,6,1,1,57636
d70a3fed85b59d76,28,31,3,1,324162
d6f400eeae0232de,294,351,57,1,3159152
d69afe08d53c8487,667,800,133,1,15678528
d70fc6baeef8253f,81,107,26,1,1165994
d6b1ca37ac6d1359,685,842,157,1,18286991
d705df69a9b030d0,319,384,65,1,4145434
d6e43faeecefdb46,442,547,105,1,5362086
d7209a4e124ac3c5,262,281,19,1,1296813
d73056d54380bca3,76,99,23,1,1193876
d72e5b26228f98c2,310,341,31,1,2699085
d74cf71c972603e5,204,217,13,1,1358453
d764ed44f6fc8f82,97,133,36,1,1558309
d64d28c45c03add8,1340,1740,400,1,31731528
d6da0c7dc1e63005,715,978,263,1,12445487
d768fdb9e38d2463,302,363,61,1,3250979
d77f02bbbed87d6e,281,310,29,1,2459409
d70f832723019a7b,597,837,240,1,10711862
d713f4da62d23ee1,699,937,238,1,11565663
d7874fe26e3c803b,212,224,12,1,1634673
d7705e824eab492b,288,320,32,1,4854128
d752f36f6b71bf6e,569,695,126,1,8842924
d73ea65f402d9c1e,748,908,160,1,10297577
d7d82ab2bb0260b6,28,39,11,1,490244
d781100311a6dc2f,268,344,76,1,3923862
d79cd870afc24fcb,96,134,38,1,1494810
d7dccc03d1fef1fe,197,206,9,1,1335900
d7ebfdb93f1456e7,2,3,1,1,42771
d7f3e0a1ace640f9,216,229,13,1,1688996
d7dd729cea08fbc6,500,587,87,1,3467379
d7f6de0d705796f0,280,347,67,1,5136069
d7dafba8bd310e1e,403,492,89,1,11462182
d8000ef2a77866ac,9,15,6,1,154746
d5e3f5a41da285d5,2377,3266,889,1,54890282
d7fd5dec07b0d861,36,52,16,1,9007546
d7ffef2c35a22001,270,312,42,1,4667931
d7afb9b62c9645a3,722,912,190,1,14774492
d8012436a73c0fa2,186,194,8,1,2902567
d80af17cf80561d5,109,153,44,1,2701283
d7dd906348ffa688,636,857,221,1,15777580
d82b6feacea11425,94,116,22,1,2545051
d7ea0b14172509a4,704,911,207,1,17829673
d843c8aec20c1dc1,171,224,53,1,3142903
d81eacc75ccae363,236,350,114,1,4449721
d823d55c336729bc,239,356,117,1,5180385
d860b6ea522139e7,255,281,26,1,2142349
d8683a189cb9a895,361,449,88,1,3330409
d8819156b89a6a98,10,13,3,1,119758
d87c976cceeb526c,189,254,65,1,2818829
d78a018d25e3a14f,1174,1706,532,1,26152404
d879a90d447499fa,281,347,66,1,3794507
d89c44ee5b97e906,4,6,2,1,60684
d892592b109e4258,194,202,8,1,1176813
d85d203523eef734,574,731,157,1,7884703
d8b1fc90acc33f18,181,187,6,1,995634
d88b1cd50420af14,410,549,139,1,4044816
d86c784e7971fcfc,677,877,200,1,9284165
d8654bb9af94ff16,1403,1743,340,1,12809575
d8d023e587ca7404,249,289,40,1,2490649
d8d7cb2cd54bcd4e,259,313,54,1,3032716
d8b538a53a54e27d,1401,1948,547,1,20267611
d8ee97c619706e7b,755,1078,323,1,18637340
d8e8c730b5738981,1121,1570,449,1,24550923
d8d0df16898c1497,1374,1737,363,1,29429131
d8c685713c8f2cac,2687,3468,781,1,46932195
d738703e5142d13a,5208,6803,1595,1,109074988
d5df5848a5be164a,7156,9425,2269,1,147243123
d74a8b835bb55fbc,8424,10254,1830,1,125340754
d9256b791049590e,23,33,10,1,503762
d8f2d4fae10644a7,189,195,6,1,1152599
d92174d6d2a2a0e6,78,110,32,1,1000264
d8fe7b2b9f55e896,94,148,54,1,1498566
d9293dcb10d866c2,211,226,15,1,1538118
d925f6c9960d0d57,108,132,24,1,1295121
d925890f566f4eaf,386,445,59,1,2715392
d9091890b747266a,310,363,53,1,5044628
d91096034f7a90d2,484,661,177,1,7101492
d83d51cc0fc50901,7428,9649,2221,1,164331167
d931a4be2bffcb4e,917,1255,338,1,9626027
d932fe50835160ee,3466,4506,1040,1,51539320
d950f230aab6660e,47,52,5,1,538593
d9b1cea419f81d73,24,35,11,1,268894
d98f493b8d6dad58,55,76,21,1,622179
d947e705d6f52259,300,365,65,1,3823127
d96c9193da1c78af,341,409,68,1,3586639
d9c620b291cb4087,229,308,79,1,1988660
da0cd9a423facd99,10,13,3,1,104839
d9ba126c444a4ec5,96,132,36,1,2513570
d9854b61ebebd9a3,188,195,7,1,1109945
da33828d84230281,80,109,29,1,1123742
d9804cb308aeb88c,468,598,130,1,6499698
da329ae9fdece54a,123,151,28,1,2149900
d9ea4dc1ec659958,328,402,74,1,3483032
da413243fcfaa150,38,48,10,1,595164
da3f3dd9890a4050,312,352,40,1,3231008
da46b38f51186edd,203,214,11,1,2579177
da520abb52869b5c,62,80,18,1,1142374
d98340dbc4bb0068,553,769,216,1,11288940
da6c0210c21c76f3,41,51,10,1,804417
da5e038aa7765f5f,326,397,71,1,4990085
da44fe1bd5e498fb,265,355,90,1,17250893
da815bdce686bc4e,69,79,10,1,1545729
da41dae602d56bbd,111,161,50,1,24243419
da7daf22e3b800ec,497,674,177,1,13578268
da8ae7e138b1d29b,3,3,0,0,69001
da87844696dc989e,287,329,42,1,3274945
da8c9adae90c6943,307,355,48,1,2872807
da53d81c95b52f71,872,1217,345,1,24878909
daab9cffdf93eea6,195,206,11,1,1269048
da6ef87321f13e61,1009,1282,273,1,25239808
d9c6f4bf055dc4d1,839,1220,381,1,37248625
dabf00e0bbc928e9,204,211,7,1,1463768
daab8014d8b9c5bb,466,589,123,1,5309882
da8402aeae8ba5e6,626,869,243,1,15202246
dab6551bcd9ea250,330,393,63,1,4033530
dab2bd1b970f2209,425,560,135,1,7250166
daaceb21fbedb764,965,1197,232,1,11895172
da0c82b3d0bd191e,1547,1936,389,1,46654256
dad102cefc0e3d14,5,6,1,1,85457
dac8cefd867c112b,201,214,13,1,1196743
dacd2ddffaaaf497,393,477,84,1,4589026
d9f6d0864bdd250e,3429,4714,1285,1,69263233
dac80cfe12a91968,807,1060,253,1,17237259
dacc87988ab86f74,1500,1988,488,1,34159610
dae3f5ff4bd39977,24,33,9,1,422266
db18a8d4c4ffa7ec,35,45,10,1,422823
db1d882461f4941a,6,11,5,1,114353
dafac2b8c4328edf,109,141,32,1,1469874
db1f847e531b737e,27,32,5,1,437775
daeebe17c33608b0,288,323,35,1,2373247
db28df06d6453526,42,57,15,1,574209
dae91563c08ac9ab,309,350,41,1,2864069
db2c52cd6b594bc9,29,40,11,1,391029
db1bcee707fe547f,278,314,36,1,2310313
db589d95bcea4620,145,186,41,1,1497090
db3511caa943db27,156,223,67,1,2276411
dade179729a9ace2,536,587,51,1,6341663
db610f907e200fc0,90,121,31,1,1343381
db6aefceb9d39f3a,6,7,1,1,104543
db28eed2556759aa,423,503,80,1,3990242
db6b83fc93e79aa9,90,114,24,1,1218738
db6383f18b3935f2,221,241,20,1,1610865
db577046304024a5,432,541,109,1,5088065
db6422646cd46f01,350,477,127,1,5000610
dada3227ff0a60a8,962,1373,411,1,17712601
db749a101c2b1da9,179,182,3,1,1661529
db72c263c3740a47,528,683,155,1,14171433
db80b5a533f3cac8,303,363,60,1,3438623
db6fa9253e220cbd,1206,1672,466,1,28872377
db989cb4acd06be1,73,98,25,1,985785
dbad6c6ae7304309,19,24,5,1,256848
db939695baa619d3,618,821,203,1,8591282
dbad21fa1593da41,376,474,98,1,4674121
dba533cb386ae2d9,740,953,213,1,8928771
dbbbdc996901306c,197,206,9,1,1198705
dbc6d48d6fdabb8d,249,279,30,1,2077051
dbd11b52b77249da,115,140,25,1,1277855
db7c4e968df100bb,1789,2336,547,1,27641954
dbc473eaaf3f0165,270,323,53,1,4228272
dbb7c29383c67b78,960,1253,293,1,16002388
dbf5d132ad5fd641,2,3,1,1,78060
dbf2aa0c90a01e24,88,122,34,1,2348438
dbf33a75f178607f,249,283,34,1,1957438
dbdc6ef1830d751c,264,299,35,1,2536301
dac7e73b2801a79d,6208,9249,3041,1,108184444
dbf887e93c108bb1,3,3,0,0,46976
dbfa9f7b05f11230,79,105,26,1,1040558
dc034eebc4610bb2,260,323,63,1,3170240
dc129cc7166e2a7b,20,27,7,1,299914
dabacce4a01e3da4,6873,9097,2224,1,165200510
dc217f9d2a23331f,2,3,1,1,50447
dc1ebb30333c0664,27,31,4,1,343140
dbd86bfbcf5face5,762,1146,384,1,5739960
dc2700bf77797aff,89,130,41,1,1501866
d9823359fedfa52c,9706,12388,2682,1,230707611
dc016f7ee139c5e0,1143,1331,188,1,19489812
dbd5310b1a59d02f,2015,2617,602,1,26993564
dbf4496f00ea43b7,1380,1843,463,1,22529809
dc354aff59239ffc,694,906,212,1,6261368
dc45307e81562d48,19,24,5,1,541089
dc6d24c8a81e7af2,9,11,2,1,181188
dc61cdda2dcaa284,23,31,8,1,2644570
dc6fa67133e96653,182,189,7,1,1806380
dc737a194f817f11,18,23,5,1,328888
dc75a0313ee1a426,5,7,2,1,113512
dc69b684d07972d9,305,340,35,1,4471032
dc75b493f548eef6,33,48,15,1,1014777
dc5ebd84dc9f5c3a,381,443,62,1,6716101
dc5e2f5cf0f08fe0,332,425,93,1,7262940
dc83d326d11fe62a,27,38,11,1,436476
dc8207d1b47d09cc,265,302,37,1,3300736
dc45201f697b59ba,426,525,99,1,8060198
dc9b6689802da3c3,210,228,18,1,1422848
dc5bb633c119d862,674,811,137,1,6222377
dc9f91f430fe7f4d,262,297,35,1,2702340
d8e04e671cc3457f,15983,20977,4994,1,434946647
dc76f093b26a6d25,485,622,137,1,9276063
dc84bf98175b4e9b,479,601,122,1,5913657
dc7f7fbb195889f7,444,637,193,1,10227024
dc51e98490100ea1,753,979,226,1,18746456
dcadd53d8bd4a4ed,214,224,10,1,822514
dcd9787cce674543,102,135,33,1,1186640
dce61311c18a0034,24,34,10,1,508266
dce7663be9f488f5,312,345,33,1,3186852
dce74c244b1f2b9e,704,962,258,1,6930745
dd1a7503dcfb4b93,9,13,4,1,164443
dd0536e201f375e7,209,229,20,1,1451668
dd1c337ecdbc7f5f,227,242,15,1,1804567
dca8679afdd06993,2705,3816,1111,1,51370728
dd394e9a7a10aa0f,42,55,13,1,683155
dd0442974c76fab3,1187,1578,391,1,17864200
dd38f2ddddc593c4,521,621,100,1,7781404
dd48350e5d97cf1d,290,342,52,1,5894701
dd50ab799ca9c86d,186,194,8,1,674718
dd5965236fff1175,14,17,3,1,194533
dd694edcd9006e76,87,118,31,1,818585
dd7b795ff4dc397d,44,58,14,1,517830
dd82ba38dddbbcca,24,32,8,1,430787
dd68a4e63bbf3448,975,1295,320,1,9298646
dd8e18ab0436f615,190,199,9,1,1106434
dd8ba3320d8d0f02,123,155,32,1,2310093
dd90826636055513,159,192,33,1,2059963
dd7e237dbb08c33a,1033,1288,255,1,7836767
dd9c06bc009eab25,11,16,5,1,189825
ddaf69e94c614704,42,57,15,1,602136
ddacfb708176fe41,55,70,15,1,836354
ddb74549e9d17a23,116,124,8,1,503228
ddbf141ba8ea73db,479,669,190,1,4557466
ddc4563c59d82493,352,446,94,1,4268819
ddcad0c68f042279,85,113,28,1,1400019
ddc8ba3dc97dd12d,756,1046,290,1,8006372
dc34b60360d10234,7498,9954,2456,1,164620836
dda031ef901c20fe,1683,2115,432,1,39044869
ddd3bc8f73f3b9d8,3,3,0,0,102527
ddd141c9a0574fda,366,416,50,1,2882351
ddd98f629f85c32a,41,51,10,1,1466069
ddeecca1e334a6c5,94,130,36,1,2617175
dde1941041fd649d,294,353,59,1,5956248
ddfd65329641517d,271,297,26,1,4236439
ddfac19c70c1d5bb,210,235,25,1,3411764
ddfcfb1740885f45,282,392,110,1,7601614
de270394e101f83a,10,13,3,1,246249
ddfe71faa3e34e77,125,167,42,1,3162106
de1e6567fd2155f1,2,3,1,1,130829
de1815f246007cc7,20,27,7,1,1310113
de34079f72f37090,37,57,20,1,1803992
de5619c24f9927f7,43,51,8,1,696231
de2d58b9e9996b2d,307,405,98,1,5985184
de56928900d4f157,122,152,30,1,1856320
de264229cbf23689,446,539,93,1,6274136
de36573028ae7c57,226,327,101,1,5433519
de66b03fb1a3062c,100,131,31,1,1623538
de6336affa90c8ea,206,313,107,1,2524972
de88dc9b317d7de7,23,33,10,1,334952
de4dd6a0bf6ab555,302,416,114,1,4822537
de7a666f7956b9f6,205,226,21,1,1776208
dea0171b6ea2ca2e,4,6,2,1,49904
ddebe23ed5cd77fd,708,985,277,1,19803733
de8d4f35e38da3b8,323,393,70,1,3205592
de36bd971312978a,466,611,145,1,9892664
debc4f4e8dbca6b1,330,460,130,1,5638368
de91583de13698da,378,551,173,1,6783669
decf6ae00a47a786,42,51,9,1,1077059
de02cf82c7c95db8,1199,1695,496,1,22525675
d57e5bfafeeafdf9,59356,63600,4244,1,868548042
decf1d9b9f4f9798,251,283,32,1,2148258
ded2050823bbe7b2,94,123,29,1,1177765
deddb7e87f63fa22,26,35,9,1,332871
ded0853756572282,253,294,41,1,2780183
dede951880c8168e,117,123,6,1,618990
deac101796106b05,893,1283,390,1,15399169
ded77bda4916aa34,250,283,33,1,2174681
dee74134aa4d3c3c,14,20,6,1,243595
dee5d0e4a349ebc9,120,156,36,1,1900818
dea63ac81f0bf4d0,1402,1758,356,1,16771130
dec3f1ad7096df44,1010,1395,385,1,14615035
decb6df6d71778b5,764,1067,303,1,11413473
dee73f7ff4de4df9,625,884,259,1,7601757
de81da26659a8e2a,1642,2128,486,1,33890429
def4143c63553ac3,63,93,30,1,1612288
deeca9952bfaa936,219,229,10,1,2626323
df0a562019fb7a58,223,247,24,1,3470977
df2d0c6a02d37563,199,214,15,1,1442229
df34937b85351e4c,185,247,62,1,2574795
df31d1f405b0ce81,483,538,55,1,3670665
df343d6467fee4c0,390,491,101,1,4727581
deefc18234e29b73,1171,1687,516,1,18785515
df49ae7106534292,38,49,11,1,343344
dee12eeedaaad575,2132,2760,628,1,23763032
df5200e61bd6cc14,232,307,75,1,3036552
df4204dc54094651,1117,1399,282,1,12241565
df5e6cf429bf8a31,299,357,58,1,2340339
df61d7f0ed02424e,431,490,59,1,5620728
df622fe71b21cea8,415,573,158,1,6890810
df65bc1f9235ae34,629,927,298,1,8210295
df82de6e8e20e398,190,198,8,1,637219
df63088670faab56,642,888,246,1,10554398
df7c6f6ff8490675,484,538,54,1,4828234
df8b36ee17afe57b,258,289,31,1,1282514
df83d2d141d11d52,458,574,116,1,5681067
df7bc4a1231a7c58,617,815,198,1,8956969
df8e44b689a7c15f,926,1275,349,1,9839306
df9ac572e8a038b0,145,191,46,1,1149148
dfb86a0cb99f13c8,4,6,2,1,184307
dfd8578c45fdacee,40,49,9,1,456875
dfd25676a11b1e5e,180,187,7,1,673866
dface01b69ea634a,208,228,20,1,1543183
dfde7c263658f2cf,68,100,32,1,1038855
dfe23946d26b07fb,181,187,6,1,1199104
dfbabf2ab9cd128d,762,1002,240,1,12647430
dfc8ae5ef2e78bc5,742,903,161,1,12390491
dfd481b6f13e8127,490,703,213,1,15728870
dfb0d235437f714c,1483,1952,469,1,24338911
dffccd7b1a94594c,191,202,11,1,1324219
dffe43dd7ac6ef33,108,145,37,1,1458703
dff3fadc9938450c,287,343,56,1,4005716
dfffcf8995bac57b,262,291,29,1,2435782
dfce548895cb7ac1,1990,2521,531,1,36752880
dfe56eba4c2c6bb2,1104,1525,421,1,17962902
e024d4f2905309e0,231,247,16,1,2929008
e036b54132dfebe1,131,137,6,1,616429
e02573afbf0a6a4e,464,584,120,1,6040658
e041b8688d3ab417,2,3,1,1,82904
d93135d1acffea75,23931,32241,8310,1,821608272
e035e4ce00d2c40f,847,1043,196,1,10848910
e04b9d93212cba27,214,265,51,1,1905238
e0526386b40fa2d8,385,454,69,1,3090432
df9f5957e0c4fb02,4965,6509,1544,1,86098333
e05eff3f1eba76a0,180,187,7,1,640459
ddc0dc4ed167b1d7,14070,17252,3182,1,275609534
e06fc7504de840c1,41,51,10,1,337234
e07684048c0d8d60,282,378,96,1,4241940
e07ec7d3a6471708,292,346,54,1,3049591
e07daed2ae3d0df3,247,355,108,1,5171330
e08c1df9227e40cc,181,187,6,1,1003166
e08b8809fa614ece,277,320,43,1,2232877
e09cee18ad1348c7,4,7,3,1,86010
e090c33f1ae4247b,199,206,7,1,1928360
e0a08da021269713,108,156,48,1,3170894
e0a37a91b9bcf241,289,345,56,1,4008684
e0b3e98ad35b4e6d,134,186,52,1,1162652
ddc4b565ded6d305,14616,18299,3683,1,300562632
e08a6efc978cac6b,1606,2086,480,1,29197575
e0ce7d18c824c306,99,131,32,1,2386906
e0f882c6c98ef78a,30,44,14,1,660685
e128cbf41576690f,100,128,28,1,1727782
e0c2dc597ea1ab95,279,319,40,1,4810338
e0e4ba04621a626c,480,605,125,1,5674946
e1093a9b95f611e9,263,323,60,1,4244970
e0bc37e86fc0a911,320,460,140,1,8220753
e10be27c1d39fea9,710,943,233,1,14082600
e0f2361b1cc358df,1437,1808,371,1,26456773
e0e9fe3d64c9ddc4,1696,2134,438,1,29648697
e14be1a503ee789d,67,91,24,1,1534526
e153ef628633da47,118,123,5,1,1382821
e136f0b4438be6d5,289,333,44,1,2519091
e134cc5f5ec86ff0,300,364,64,1,3104218
e15072a26c20c6f9,299,362,63,1,3637717
e14a7693e5a84254,606,851,245,1,6436592
e163983f2ccf875b,207,217,10,1,912108
e0ec3d0c1dfd0888,2363,3141,778,1,54269096
e0ee63f2c780a126,3225,4293,1068,1,58067273
e1698d3685fe5da8,504,712,208,1,7013168
e160e46d1fe4bb60,923,1288,365,1,17791169
e1811b04fb2e8c3a,117,153,36,1,1727288
e1858dda37a021d1,38,47,9,1,602297
e12d06b93749b8d2,3717,5603,1886,1,49846220
e1a6a1d083975cad,188,197,9,1,1334311
e197c113f3a47867,1220,1616,396,1,21178141
e1a44c1b0fa16e60,720,1013,293,1,14879805
e1b83ab7722e0036,26,32,6,1,357258
e1d6f57a94acef8e,257,281,24,1,1371613
e1d03ac8df7db11e,258,280,22,1,2356693
e1bf1e16a67783f6,275,344,69,1,3080504
e1e49b92d9e32a13,204,217,13,1,858213
e1ea10c7dee9fb37,42,49,7,1,484523
e1e59295466eba70,83,119,36,1,1594518
e1de3da7eed30327,300,345,45,1,2741250
e1ec58e98b903db8,154,202,48,1,2586857
e1fa7eaadcb45fb2,12,14,2,1,157350
e1f08aea63760822,79,112,33,1,2271477
e207e02c114c6739,246,278,32,1,4988715
e21af66672d6b739,268,297,29,1,2881824
e219a549a9a0b12b,482,678,196,1,9237223
e21fe8235485d2fe,283,337,54,1,4133508
e21c3c6051bbf3d5,1542,2036,494,1,28328374
e237cce89d0398ee,306,365,59,1,5524908
e1a2accc947717ef,5490,7143,1653,1,101555986
e23e473790e5cde7,151,205,54,1,2461618
e245583297e37655,115,153,38,1,3232169
e258ea76028ede1a,216,234,18,1,1486194
e24de2b1a8b0b1e6,515,631,116,1,7070387
e2483d86b73eede5,689,892,203,1,12557777
e27048d38406dfc1,104,136,32,1,2914888
e2277f42bcbc7a64,2121,2884,763,1,45915873
e257a4f45dd70b9e,470,658,188,1,14766036
e23bbac08a74d83b,984,1237,253,1,26910588
e2790801e503bcca,120,123,3,1,704558
e27a8efa66a91b86,2,3,1,1,69695
e27a94e1c5bc017e,138,199,61,1,1716470
e27f4f8eebbdbba8,272,296,24,1,1836712
e28553050237da3f,33,42,9,1,435547
e28dff0f0a6e3877,221,235,14,1,1543801
e2839ba4a17444f8,652,842,190,1,12262733
e2a239ad5874b1b1,103,146,43,1,1967832
e0ac0ff57a351fa0,10581,14021,3440,1,316819205
e297141c61cee87b,268,299,31,1,2554323
e29420737a1d36d7,1188,1681,493,1,21773742
e2d032630926e2bd,38,49,11,1,743626
e2ced9c21da6f7e3,43,58,15,1,783580
e2c9abc9f230e8bb,199,209,10,1,1305296
e2c555fda82b79be,213,228,15,1,1691013
e2bd098ac27d7fae,108,132,24,1,2474999
e2bd91c5e0228a0c,349,415,66,1,4037514
e2c65fcae23f865a,760,916,156,1,7540202
e2ba6e087fa2c571,776,1133,357,1,9975776
e2bb0395e95aa2d4,1000,1378,378,1,11619937
e2df2286f5d947dd,185,187,2,1,1789963
e2b686f4c81c704d,1507,2013,506,1,16054350
e2e923a0403bda7c,6,7,1,1,111353
e2e9856fefbc3cb2,11,16,5,1,228312
e2e534b4de81aaff,256,289,33,1,1888189
e2e65e6b0b7be1f4,116,153,37,1,3065634
e3054798d3f074f3,205,214,9,1,1326137
e320df95e990ce7d,24,38,14,1,919233
e321760f62658750,451,630,179,1,7680069
e3544cd2813bf045,183,188,5,1,2037763
e34762425cf8d589,284,330,46,1,3096180
e3415e0c2f5c7ed0,287,322,35,1,3570144
e33e7afa06bdbd22,242,270,28,1,3614961
e3582795edb07419,131,163,32,1,2860420
e34d60b812e91f55,520,731,211,1,13125118
e36ba5b8d646e7dc,190,197,7,1,1482686
e36a9143e27e74f8,222,307,85,1,3335908
e370abeaed2385a2,73,75,2,1,592668
e361e8208dea764d,512,625,113,1,11375537
e373e94f3c5dfb3c,199,212,13,1,2735735
e339f2ec47bb162f,2187,2966,779,1,43732012
e37fad344938e68e,329,414,85,1,9302788
e35384cd3895a2f7,1961,2689,728,1,42733520
e39e2e597543ce6a,182,187,5,1,966059
e39cc4b515b27a72,206,226,20,1,1682923
e39fecec53de2276,4,6,2,1,98264
e3a5a81a43dfe4d7,31,39,8,1,814763
e39502afb47581f5,387,555,168,1,8228183
e3b3f6f44847c765,18,24,6,1,301044
e39b4e13ff45293d,1410,1994,584,1,24003220
e3ce0cd5553f4805,210,217,7,1,1264520
e3d212815d72ae4f,360,417,57,1,4754358
e3d9f6d89bf4282e,297,357,60,1,6360770
e3e56d8f7c171eea,441,615,174,1,9287613
e384ee85f92309f0,3392,4460,1068,1,62135495
e3caab42f9b3f199,1012,1343,331,1,22585523
e41820a9d3c75c93,378,474,96,1,5702727
e456f00785f2ffce,232,285,53,1,2768353
e45a4fa0b12fce73,274,307,33,1,4851246
e4558596702f9c52,485,654,169,1,10844094
e46656991381b742,209,281,72,1,3079360
e460a61d1c44fea8,380,451,71,1,9098906
e4699eda9d092244,189,197,8,1,1116736
e44d6e7d04a6c5d5,1175,1649,474,1,21547666
e471cc8a38472bf4,85,103,18,1,1474051
e479316a9224c994,35,47,12,1,467008
e4828c6bd8469277,95,129,34,1,1887481
e47fd348fbf200a1,489,596,107,1,5501252
e49b008d63de4924,7,9,2,1,234143
e4a7f6070c871eca,82,98,16,1,899975
e4b3bad94a04797f,105,136,31,1,1467849
e4957824c4864972,75,97,22,1,1850433
e4eb17dc99d4e914,275,299,24,1,2458267
e4eeec1d7cb56656,525,730,205,1,5075122
e50df3e46576a01a,69,99,30,1,1828761
e487c9893c502a38,447,538,91,1,11325751
e4bf430077050115,463,648,185,1,13281922
e4dc6af48c2d21bb,652,853,201,1,15502544
e4fe7eb75b09bd0b,560,731,171,1,14966057
e516d49f4287352b,12,13,1,1,123534
e510e3177181d7c0,47,56,9,1,1070397
e52278e300614155,87,115,28,1,1268269
e4c77ae69ba85ab8,1650,2104,454,1,30946075
e521cd959e238b58,156,200,44,1,3433635
e4c4948254a23301,1520,1977,457,1,35086715
e50e0361fa54a6e5,1094,1372,278,1,18601971
e524685fd409536f,557,679,122,1,6157777
e537e5b22f2b99df,279,315,36,1,2157675
e4b73c66adfb7ad4,1670,2203,533,1,47335090
e4a86462cad15072,1477,1964,487,1,48142453
e53bc64b4c7f74b6,88,120,32,1,1306664
e51da834c35a9e7c,963,1209,246,1,18732350
e55273e7ac34897c,19,26,7,1,187833
e54fbb9751337741,305,363,58,1,3102966
e589fd700d1292de,14,20,6,1,232082
e57398fc71489ae1,174,193,19,1,2522668
e57a3fceb83a384f,258,284,26,1,2052584
e56416c36bc779db,959,1390,431,1,22303416
e5833481a7018524,288,344,56,1,7610302
e575d3b78da985e2,464,586,122,1,12532998
e57328d9e1a4ec2c,1063,1407,344,1,16420741
e5a1ec873f1de0ba,141,156,15,1,729923
e5abe883080def6f,200,214,14,1,1773334
e5ad870f9e1ce6e4,88,125,37,1,1601895
e5b0083b2bfddada,205,223,18,1,2274562
e5ac2d486469f986,201,254,53,1,3600594
e58a39f3cbbb16b7,1576,2041,465,1,26764013
e56c816ba3ab8649,2814,3618,804,1,56146182
e5e7daddd598111e,10,13,3,1,191454
e5c5f2501bb57e27,1254,1626,372,1,11816294
e5e4cb0b9dc490b8,256,283,27,1,3277704
e5f4b9f3aafd400b,110,154,44,1,1534584
e5ff7eedf15fba6a,45,49,4,1,296763
e5fd64a55fa4e79c,292,342,50,1,3557928
e5fcbcc4de0e2847,630,839,209,1,8816894
e6055c0caccd8fc4,98,138,40,1,1954570
e61208a0fbfcdbd1,86,116,30,1,2136200
e608c3c1cbc0b3ae,289,415,126,1,4497591
e62a8f90472f416f,186,187,1,1,1600652
e60ef48841b8cd44,957,1331,374,1,9295768
e60b7053a6ba2698,1094,1357,263,1,21071780
e634bcd42d988ee6,4,6,2,1,128460
e6449e6ee6bffbe0,182,187,5,1,1011487
e64e72a0d9b0e11c,203,210,7,1,3097462
e644e6072b9ef326,256,293,37,1,4793886
e6445ad41ee14f39,460,630,170,1,10666075
e657dbce697362f3,669,801,132,1,6908773
e65897b32bdb88c6,418,567,149,1,8737171
e65d2caf9526483f,490,668,178,1,7764350
e62ceb6665bb9929,1859,2371,512,1,30613265
e65999bac4bcc36d,993,1283,290,1,15053438
e66b93d014bfdf26,265,291,26,1,2313073
e663dc9f18af66b8,435,569,134,1,6305051
e67604eca6a38ea0,129,167,38,1,1787748
e67d074eda447969,328,399,71,1,4063554
e5fe93a883000c0c,3906,5069,1163,1,84390439
e6928968ba737557,298,341,43,1,2478750
e47ad4e9a85837a8,11298,14927,3629,1,318083242
e698d0709dcee0b9,814,1068,254,1,14659742
e6ad2e7463437929,611,837,226,1,9056468
e698b98ac59f1edf,1302,1626,324,1,23868188
e6c50d888a888b46,81,103,22,1,1052065
e6d51d1c8ce0bc64,189,196,7,1,812649
e6af90b54f3724a1,1161,1462,301,1,19046933
e6d5007af1798e45,856,1081,225,1,13138011
e6f51a2fe64aac32,3,3,0,0,129399
e7083da30d482c97,29,39,10,1,507849
e6f5cd437af7ba4d,74,88,14,1,1898302
e70534df96c9bd87,186,212,26,1,1597876
e6e54f7de6b547c1,86,129,43,1,2722451
e703167fca1d61f2,199,212,13,1,1787317
e6dd826118ab59a8,234,263,29,1,3921474
e6fa8878687aafa4,279,341,62,1,3789121
e70c7ac01c4b49a1,275,305,30,1,2173697
e708d21823d8460f,297,362,65,1,4881987
e724441dfb6c105e,30,40,10,1,533954
e6dd2c28fe5fba8f,648,945,297,1,10086408
e742da8cf393e941,99,124,25,1,1706580
e72e27b269d7218d,3,6,3,1,68098
e7415b523beea279,198,211,13,1,2183577
e700bdd7e9cc9e67,653,771,118,1,11388171
e738cfa752d396ec,278,302,24,1,4246392
e75b05dd5602c3ae,104,132,28,1,1524631
e711768572652263,1626,2034,408,1,33928237
e74d03172879d28e,764,1019,255,1,12374233
e76eda6a3182ea7f,16,23,7,1,327504
e6edcda4aafb7bcd,1985,2620,635,1,39636396
e77ae1295c26ee7b,13,19,6,1,270468
e6f323ad10b103b4,1761,2352,591,1,53586283
e789be6003b501e3,95,130,35,1,2736735
e78181342547782a,706,925,219,1,11139798
e70283b458954590,3104,4107,1003,1,75457178
e7911ddfe25a82aa,215,235,20,1,2876449
e79bf7a019eef57d,212,228,16,1,2191329
e7997ff66b05fc41,251,336,85,1,2871814
e6c937c2325414a9,6582,9939,3357,1,98845519
e71801dc5a489f89,4536,6008,1472,1,100936215
e7b339a707bb63c8,9,12,3,1,173554
e7df24a1a35e30d4,4,6,2,1,109947
e7d1b4e50d5855ee,150,167,17,1,770639
e7b5e37d39f1b739,68,90,22,1,1156942
e7ca4ea886d78547,100,130,30,1,1297013
e7dc1fb1933e3f38,164,247,83,1,2638036
e7e81f06ba71b6eb,220,235,15,1,1568926
e7f235bddc6ade3d,5,6,1,1,68545
e7f9c03a53f9d8e3,4,7,3,1,137615
e8120d17d3f6424e,30,36,6,1,441213
e81251ff43530914,149,176,27,1,2232158
e81d2ea7888f68a3,994,1292,298,1,16649695
e8410a3cda584288,135,153,18,1,1354532
e7fc1ceff6cea6ce,2467,2700,233,1,28820759
e846b3d3d934c1ab,42,53,11,1,577667
e84d05547cc3b573,313,435,122,1,3172415
e83f291b8c9954d2,512,641,129,1,8710665
e8451ef51f6172a9,611,778,167,1,7093000
e8593ddd7d2cc28f,202,209,7,1,1367283
e85e36aad5e0650f,330,400,70,1,3465713
e869d6ab1eed6217,411,530,119,1,6555243
e86406a813ae8f58,901,1155,254,1,17005927
e797ee66079d429b,6687,8907,2220,1,162821087
e87a072065556796,3,3,0,0,92169
e8994d13f9b83d72,44,58,14,1,607763
e890503958b932f3,182,187,5,1,1021336
e87a09c495025927,182,188,6,1,1042408
e89ffc3fa5df8433,71,76,5,1,464473
e897ac1b5aabf12b,99,130,31,1,1979204
e8a984185538fd66,200,214,14,1,1155259
e8bda23f854ea714,96,128,32,1,1430410
e8d71702604ff1fc,28,40,12,1,478715
e8b904ff18f84160,199,287,88,1,2906092
e8a2612e73c64f36,254,286,32,1,2543945
e8a4bc29a5aa6eba,260,282,22,1,2533111
e8d72b9e67901b85,268,288,20,1,2084690
e8e6d14b51bf6144,3,3,0,0,28037
e895b124f6211b81,330,443,113,1,6790455
e8e555e90f1cc5fa,182,195,13,1,1431104
e8e682bc0b4e6750,101,153,52,1,1795216
e8ddabdf73951153,273,331,58,1,3510500
e919010bae08db58,327,383,56,1,8972628
e8cbbe1c8c428e99,734,1002,268,1,15573916
e8caa8c57ab2be42,421,622,201,1,17675423
e9109bbd471ce27a,227,292,65,1,13233690
e90cddae232e4204,326,396,70,1,13701968
e88cfd579ce3da4c,587,764,177,1,22057772
e9141a850cb31874,1190,1672,482,1,23229010
e8da4740477e4dcb,1125,1555,430,1,29767222
e894b38b5728b2b2,1398,1742,344,1,33983333
e8a284112ef91565,1325,1863,538,1,34094944
e93fa8ad0e47b977,6,9,3,1,95602
e95db71bef807ddd,3,3,0,0,52639
e966ecee5bd0241a,33,44,11,1,391974
e93f88b1749409d9,99,143,44,1,1266672
e941eaba181a08d9,147,222,75,1,2075818
e9575aa2d975887b,258,282,24,1,1942478
e93990752ec71d43,200,211,11,1,2467883
e9249c68e9469f74,1428,1823,395,1,19735047
e948d00b341ea7d3,281,309,28,1,4440427
e939a8f545589360,475,536,61,1,6254505
e93ea0f01a5d95c5,744,962,218,1,6686941
e97677111af1fead,106,154,48,1,2714528
e89a0caa1803e6cb,1972,2548,576,1,59910911
e977db26790b91b1,285,331,46,1,4733518
e9777f359a622990,287,340,53,1,4931559
e986ade519f9cd86,111,155,44,1,1186390
e998fa17578ee836,195,206,11,1,1420781
e982d257f8744e9d,302,397,95,1,7282285
e9a2a4d0da28be61,202,210,8,1,2019836
e9a7fbff588e213e,16,23,7,1,258882
e9a2f60affe449df,312,445,133,1,4739413
e97d1ebe31cff9e3,934,1287,353,1,19230862
e9b3c1bcb945bebd,50,72,22,1,613881
e9b3591d094bd056,223,252,29,1,2531442
e98a2ff7d5cd4d9f,1107,1384,277,1,20865545
e9b8d36d401e219a,21,28,7,1,527188
e9b6db943528f028,1059,1433,374,1,18280987
e9c00ecf1b32049d,26,33,7,1,375802
e9c795f1637669bf,336,401,65,1,2496018
e9bfe02ff6d839fd,234,323,89,1,3730759
e91fbb8d8adfb5f1,4793,6138,1345,1,90241621
e9dc0b0d56d8c6bc,609,765,156,1,12829013
e9b267a79844ff3f,3418,4560,1142,1,66017955
ea1e05b340f6a8c9,63,90,27,1,1754589
ea105d46fb60b3a6,207,248,41,1,3258054
e9f7b187190c330a,14,21,7,1,6058809
e9f7860ad613f3a4,266,305,39,1,6154794
ea2bceba60d2cbb6,248,313,65,1,5377771
ea23d0302d6fbf4c,251,282,31,1,3428803
e9fe7148ec7ac0db,288,373,85,1,7939959
ea0c38e9996240e8,301,357,56,1,7669534
ea29342445acd616,293,361,68,1,7042213
ea27926b2fa24d2d,143,196,53,1,4918187
ea4c674092027e02,26,32,6,1,625779
ea47f379842728fb,269,301,32,1,2213139
ea536b0b1f062e56,36,48,12,1,376893
ea60335b70cfff71,255,291,36,1,2622856
ea62d3426c9a2615,177,218,41,1,2415251
ea5f742616f9e08c,273,309,36,1,3278608
ea63177dc0502c30,333,401,68,1,3053882
ea6f07cf54467b54,263,293,30,1,2019136
ea2a3167efaed720,1803,2329,526,1,28291866
ea643c511be19af3,1235,1725,490,1,23568414
e9eac90c6742fae4,3740,4933,1193,1,73987464
ea9e24bf60e81e0a,175,243,68,1,3152247
eaa6ee8867982db8,560,760,200,1,5224437
eab68e54608f79cf,251,283,32,1,2688307
eab161a710eb9ef5,613,782,169,1,6496517
eaafd82a47499426,774,1116,342,1,16164482
eaae1f6be1307927,934,1304,370,1,17395043
eaa963803b7efba2,1219,1531,312,1,20800957
eac87317278f9853,464,522,58,1,4076257
eab5f474d2227648,992,1306,314,1,13833193
ead235583e50ca47,252,283,31,1,1663612
ead222c3406d24f8,640,848,208,1,6329383
eae411cb287be947,243,281,38,1,1599868
eaee6f7310dc78a8,186,194,8,1,687719
eae8318708142328,143,191,48,1,2097986
eae7bee7587b1514,519,643,124,1,3854545
e9dbf175f37026e6,6318,8410,2092,1,122753571
eaf20d6e4d90a84e,237,295,58,1,2011891
eaf54a419f0bf457,5,7,2,1,80553
eaefef269516fa62,830,1090,260,1,10222006
eb026f5e0a606f84,118,152,34,1,1651968
eb0ce71b5bf6c5c1,73,97,24,1,1208447
eb18b73b0c32ea19,40,49,9,1,677205
eb167ccbf660734e,262,278,16,1,2024497
eb23df0959f7819b,98,125,27,1,1621767
eb1d2301fffafd94,263,376,113,1,4108659
eb2be08ad15f7b62,281,320,39,1,2677776
eb392576990a8734,214,226,12,1,1857936
eb2bda45bff8de2b,601,788,187,1,7728584
eb375f3080a9f7af,230,296,66,1,3684868
eb3d436ce1eda39e,314,371,57,1,6595401
eb3ef34c57358bd6,318,375,57,1,4577571
eb3f4b8352ebe873,916,1207,291,1,12494872
eb4759394311ff19,7,11,4,1,208257
eb6ba3095f216a06,113,148,35,1,1604505
eb6e21b5e420246c,196,206,10,1,1597597
eb72ec12323e5b84,160,221,61,1,2041362
eb475d217d08e622,355,407,52,1,4854577
eb69692e3c408b06,68,106,38,1,2060816
eb7ea52c96c3a0ad,24,35,11,1,736980
eb80111017184fde,241,272,31,1,3297884
eb83d0aeea823f79,16,20,4,1,407204
eb5387d0ab9dbb28,640,888,248,1,15353288
eb5e3397bca98f48,674,889,215,1,15280526
eb84d44e73a9adb4,89,112,23,1,3316982
eb945bb5ab6f6720,100,131,31,1,1590534
eb9782fd56c29e6e,184,188,4,1,1209721
eb8c6209635dfe90,312,349,37,1,4426139
eb89512a2640d7ce,400,543,143,1,5401429
eb5ceebdda2cc339,1183,1668,485,1,25599003
eba18a22d90a6b11,40,51,11,1,543261
eba2a4a600143143,83,114,31,1,794745
ebadedf7055fe8e0,5,7,2,1,110968
eba806f1128aa24b,199,208,9,1,771968
ebae1369f483afad,184,187,3,1,1051316
eb3da8e4a333ebe6,2811,3944,1133,1,43716516
ebbabfe11026b296,186,191,5,1,641096
e859b5cd765ba365,16662,22223,5561,1,436118144
ebbbd471b96c701a,91,123,32,1,1171882
eba11bd89734a95e,1433,1923,490,1,27805027
ebdc31b3a2b5adbf,303,376,73,1,4576419
ebe64439dafb1e4a,4,6,2,1,288786
ebe3c30818f7d097,138,202,64,1,2901938
ebe206670387854c,152,203,51,1,3264156
ebe18ecdc9b5bf68,245,349,104,1,4974434
ebe9dd92622fd288,456,650,194,1,8536304
ebf8bda2c213f7a4,43,52,9,1,750665
ebfa56a03619aca6,25,35,10,1,520259
ec00faee5856770b,5,6,1,1,98890
ec01a2b721e344a7,34,48,14,1,551988
ec0fad1ba51b2420,114,156,42,1,1673391
ec05c69458037ffb,350,419,69,1,5297553
ec2e7527585bff50,4,7,3,1,124750
ec3695e2bd64a2ea,23,38,15,1,560666
ec29444216cb53c6,716,914,198,1,12206351
ec4021c66a03c0ce,143,164,21,1,1994012
ec4840d5a92a6ced,331,400,69,1,3278124
ec6bb6d8aea870f7,2,3,1,1,77843
ec4add73b294e79b,586,768,182,1,19516825
ec5437e51d1f7114,868,1162,294,1,13160761
ec6effc5b957f7de,22,34,12,1,449710
ec6cb22b02e87d73,278,324,46,1,4554412
ec7523a14397a193,403,504,101,1,7816851
ec786a81d2dcd286,415,527,112,1,8206425
ec90bf9eb632a078,276,306,30,1,2556644
ec9089071f3e6c47,442,530,88,1,2768363
ec90f11cb2ea4dad,205,251,46,1,2921397
eca4640055bc8819,89,114,25,1,1439419
eca25ac69e5d08c3,93,116,23,1,1820799
eca52db55adbf6fd,200,289,89,1,4159478
ecaf4d18054f1488,188,200,12,1,730425
ecaaab8ca85c5b30,82,113,31,1,1529426
ecb22a596f9c43b8,277,299,22,1,5368776
ec9f096d728d0ca5,822,1072,250,1,13978004
ecc55eaeeacd8be4,7,9,2,1,160865
eccef314dc679b7e,116,123,7,1,674173
ecc386806e21817f,66,87,21,1,1824914
ecd6ea33c5da821f,4,7,3,1,115810
ecdf72cee8374b07,18,25,7,1,332014
eceb6ac9da315de5,40,49,9,1,804828
ece7e627f655cd6b,34,48,14,1,860862
ecc2c9931ac2cf1c,824,961,137,1,14073309
ecd846ae76d562ee,306,344,38,1,3676218
ecd2ce29ffc8c640,550,670,120,1,5953202
ecef7f221ab8e50a,301,345,44,1,2905059
eca8619a4055b4a2,1212,1671,459,1,32143638
ecf883d7da8a1da4,257,298,41,1,3210599
ecd86300e1fc0612,648,884,236,1,8886200
ed00e9c6a6f000ce,108,149,41,1,1175224
ed1d9e5d29d0fbfb,41,49,8,1,393937
ecff54a84724ae81,1262,1461,199,1,15355097
ed2a865749b43f1e,185,188,3,1,1818452
ed2fcb9b62c56fc8,198,209,11,1,1286373
ed32ab8361f90719,144,166,22,1,1466811
ed350cad18844bd9,117,123,6,1,737632
ed39e15772bfd694,277,340,63,1,3741206
ed3f801c642010ce,314,382,68,1,2953635
ed4f13638957ce51,6,7,1,1,71654
ed4ada15b4dde6cd,206,217,11,1,1475661
ed336f11cf6197e1,935,1215,280,1,14388599
ed5400e36b24e24c,204,224,20,1,1447814
ed6495fd2ee76a81,206,212,6,1,1366889
ed64c58388480a52,275,304,29,1,2256576
ed7cf7aa7c723948,3,3,0,0,123205
ed71ddedc6baf6da,42,49,7,1,965325
ed6bef17b30e5abe,49,67,18,1,853384
ed5cf36c1ca19840,465,560,95,1,12765127
ed8c3453a14a3784,11,20,9,1,239101
ed8bfb8d0ed1a0f8,81,110,29,1,1436909
ed68958b545663e0,752,988,236,1,7186874
ed9360f7cf930e9d,263,294,31,1,1459217
ed9b8f96762b004e,206,223,17,1,1713979
ed9e61347d1e4fb9,187,199,12,1,746926
edb2812efd380df0,92,131,39,1,991523
edb868c119d03d13,73,91,18,1,1780276
edb3c23e6f010f7a,256,285,29,1,3348653
ed9bf5911d93c19c,962,1351,389,1,19020471
edb64f44a2bc5ce5,523,669,146,1,7152163
edbfc54b29f5c07c,229,255,26,1,2039120
edc342aa1254e24f,70,99,29,1,935614
edb42e5c739db7c4,994,1223,229,1,12070448
edb6bc8166069667,1137,1488,351,1,17555081
edd9f317a4f1cb44,96,126,30,1,1165521
edbcd16e3225c403,1201,1685,484,1,18226443
ede8e413927d2f8f,191,199,8,1,1027455
edc241759e339dbd,1159,1615,456,1,15215609
edff612149f9f8e4,139,184,45,1,4823989
edf33e5bda7a7bc7,300,387,87,1,4697002
ee08599741229e81,74,103,29,1,1306915
ee07b246cbe06399,296,341,45,1,1640073
ee1986fc5ea42c3d,22,33,11,1,240407
ee10cd4ae86934e5,236,334,98,1,4956008
eded11d58d66cd0c,1632,2070,438,1,18876009
ee1b505ee448bb62,326,392,66,1,3338628
ee273bf4745d85e7,17,27,10,1,453020
ee333d598af2da8f,22,27,5,1,314310
ee29b0a3b7ff8b40,329,396,67,1,5410469
ee39923de0958a97,213,228,15,1,1620816
ee3cdcf7bf9b879d,252,290,38,1,3318047
ee06c0ae15bd0f18,1516,1932,416,1,24777397
ee4ebedacdaed871,199,206,7,1,805743
ee3681bcbc494b5b,721,902,181,1,15366984
ee6be735a6bc3e29,21,27,6,1,294657
ee8e7a11acdb5642,298,357,59,1,4073718
ee99aa63e78d71ff,96,133,37,1,963724
ee9fb0b21f0c5033,88,113,25,1,1273705
eeb143dafc207719,2,3,1,1,98551
ee8b6b8d3240589e,2497,3247,750,1,32663763
eebee1f5e5c01d49,142,193,51,1,1823101
eec4adf50683c848,310,363,53,1,3093111
eebd0c833dfa1cc4,604,768,164,1,9304546
eed871fc28eb4ab2,89,118,29,1,1157558
eee30c15ccf845fa,3,3,0,0,63550
eee5cbbca84ead72,315,375,60,1,3456022
eec6ed6830430ea2,1045,1378,333,1,15309249
eee732aad779b5a2,560,742,182,1,7001573
eeefb88e396baf79,281,305,24,1,1937325
ef09507c64a9deb7,162,226,64,1,1516238
ef09f890725d40c7,246,337,91,1,3586513
ef04028ba6c06383,622,879,257,1,10228277
ef13721f6c71f390,284,362,78,1,3709668
ef2367d40e5fc5ac,203,214,11,1,1422987
ef29f6edb674e774,88,110,22,1,977910
ef3e1fa6fc809ff6,96,133,37,1,1327425
ef2569a92d1ae03a,522,726,204,1,11153973
ef1ff7005173bf90,757,1069,312,1,13291959
ef5cd4cb6d7b08be,101,131,30,1,1698661
ef68972bd09a6144,86,112,26,1,1579962
ef73c8fcfef792ac,587,806,219,1,15222994
ef9d2d9b96a3f0a3,12,13,1,1,167549
efab870f4fe824d3,31,44,13,1,376523
ef9e56e40ee484ac,182,228,46,1,2316894
ef9f3c7913cea57e,260,296,36,1,2418920
efd4938cc19933ba,270,301,31,1,2266805
eff90d875d77d76d,8,11,3,1,193917
ef7de40c2cc3d2a1,516,629,113,1,5607321
f007c2f05d1e9152,24,35,11,1,316563
effd3334da53adeb,192,200,8,1,1280292
efee3e4b39fea721,210,228,18,1,1589943
f010fc73b1a839c4,3,3,0,0,38880
f01ffd890a6eae80,205,208,3,1,1185327
eff24a58962767fa,283,344,61,1,3699104
efec32dafb9d1e0c,309,413,104,1,5495328
f0257fa1b839c6cc,207,221,14,1,1556561
f033b6d108195169,38,49,11,1,532006
f00f3c23816b6e7a,237,300,63,1,3944689
f02b4f00f5bbc11b,231,237,6,1,1519625
ef781dda1eddaa29,848,1119,271,1,11778729
f0310be6bcec6a8b,227,254,27,1,2128374
f024f400657bb4dc,562,598,36,1,5142673
f04d657dce607c63,274,307,33,1,1350620
f05f80ecfa72f1dd,155,194,39,1,3024586
f06dc29dec368b66,5,6,1,1,116643
f0669afccd20d0ea,92,136,44,1,6892650
f065542c901614c2,270,376,106,1,8156182
f053db999363fa00,445,501,56,1,9954393
f07a73663e0845c7,136,198,62,1,2257711
f0721fb3fab456e9,365,423,58,1,6016938
f07bd39be1776575,33,42,9,1,411660
f07810a6fb6adf3b,86,111,25,1,1315537
f093a7c13770cd5a,3,6,3,1,66383
efabdaee25b4717f,1099,1548,449,1,27143690
f0a1fe5aaf16209a,158,189,31,1,2298419
f08d0f8128efa61a,367,433,66,1,3980972
f04d78b1fd890646,1194,1658,464,1,23299284
f06fec080beffdc4,1013,1212,199,1,19494435
f0770419f198df5b,1566,2138,572,1,20822774
f0e601db38b8aa5e,3,4,1,1,68311
f0cfb62affd36c55,203,218,15,1,1622866
f0ea4f13ceb86949,115,153,38,1,1790554
f0d54e2bd4f16cba,255,289,34,1,1949842
f0e38ee4da6a81a4,446,557,111,1,4928340
f0b4ba7212ec9a1e,389,514,125,1,5405144
f1090c5a3c16ee67,86,112,26,1,711755
f1128650766f395b,182,187,5,1,1128809
f03e6662667b178b,4030,5424,1394,1,74176827
f12a68d8d6afd341,191,278,87,1,4160388
ef80369a81a1d7a6,5838,7661,1823,1,109195708
effca02264b43f57,5395,7018,1623,1,106159679
f14c6ecef698b5db,11,14,3,1,156906
f12e564a90d49d6c,507,704,197,1,8536991
f0fc0a52c484878e,2143,2841,698,1,35271542
f1650f1decd45c4a,30,42,12,1,498233
f15ede4525b70f12,34,48,14,1,461053
f0a8c949ecc7cc7e,4896,6062,1166,1,64774517
f15bd33205e22769,820,915,95,1,7838223
f137baef486ab2e4,1642,2140,498,1,24466220
f16ed818041e1218,94,127,33,1,1452162
f1926df948eb5aec,48,57,9,1,594879
f181aa34f334af7d,109,154,45,1,1621911
f18f05609dc7d587,253,278,25,1,1922129
f18984023e207c45,267,303,36,1,2010492
f17722c08eca63eb,327,399,72,1,3059832
f17f070afdf6a1ac,211,275,64,1,3237967
f1a694a39b247936,91,120,29,1,1265089
f198e088ea3ccc57,131,187,56,1,2023833
f1b6228195892c8d,23,31,8,1,288858
f1a7cf0e22ee131f,96,131,35,1,1733894
f1acf24082a7a848,146,203,57,1,1485624
f1b28e3bc9dfd5f1,195,206,11,1,924714
f1b8fbd61b996e3a,120,163,43,1,1853807
f18db59861295ee6,573,713,140,1,8051344
f1c98208546317eb,67,96,29,1,1395903
f194faf8c7fea608,583,756,173,1,14572797
f1ca3040396548a6,182,218,36,1,3241873
f1cd5bd64b71ed23,484,611,127,1,5432639
f1d90145a6161eda,201,211,10,1,1430197
efdee84e9f7044e4,9078,11024,1946,1,187566406
f1743b79289f5404,3283,4350,1067,1,58000872
f1fac5b7023be4b5,238,261,23,1,1847733
f209feee5c51e1d7,86,113,27,1,1234410
f1f35d9681faf503,533,664,131,1,3709497
f211b17a80f97beb,125,166,41,1,1775163
f21bdf7d06311050,310,338,28,1,1645116
f21ebf0ac79a6b3d,324,385,61,1,3354431
f20ff2d85db0ff91,557,715,158,1,6677714
f23401b666570109,28,44,16,1,643306
f236aec5994d095b,2,3,1,1,51903
f22f0941272ca537,327,398,71,1,3763379
f228eec268e2cbe2,715,963,248,1,6566792
f249cd42435cb37b,98,131,33,1,2260144
f243c4912cb59ee8,194,200,6,1,1818696
f257c8a5f0d3f51e,89,117,28,1,2366990
f24188bf558f700d,519,656,137,1,7624492
f1d843a058418136,4987,5647,660,1,51012500
f26af8634bf18b9b,85,131,46,1,925397
f26bc2ecf552816e,269,313,44,1,2757880
f27807341dd0b9eb,16,20,4,1,322407
f27d119c0d7e213d,80,121,41,1,1398440
f26d77d20066fa46,685,798,113,1,4140131
f27ad00af53c6014,199,271,72,1,3778598
f28bd3cb8a620fc7,173,200,27,1,2358409
f28d474d81324117,61,79,18,1,731588
f282d8caee400d21,342,419,77,1,5003245
f15d9d3e3d619a8f,6310,8129,1819,1,128867437
f29276e8de2e4690,96,131,35,1,942760
f28ff214b0aa2682,455,565,110,1,4825398
f24bd3f7dd523b3d,1838,2406,568,1,32857718
f2a3ce6fca859eef,216,226,10,1,1181563
f2b0e40abb88d0b3,1533,1969,436,1,15111955
f2d4887b5aae9bab,34,47,13,1,898130
f2ba1937bce7ade9,1099,1554,455,1,19704070
f2e56fefc94c177c,25,33,8,1,385062
f2d2cd3b50bbac82,510,714,204,1,13754559
efd6bb7b7ef05a66,13541,18149,4608,1,375484922
f2de43b68f9b8555,1234,1443,209,1,9928195
f2d47f48268b1742,908,1302,394,1,18499769
f28f5074f46caee1,4271,5589,1318,1,95091929
f3057814c484eea2,25,31,6,1,478154
f31ef3f4b5a29af9,3,6,3,1,69025
f30c94aabdd03ad4,188,195,7,1,1162732
f33fb7b01d7a773d,2,3,1,1,33652
f311538599c20ea6,209,229,20,1,1615151
f311dd9642a37481,106,140,34,1,1735392
f3159c199c51353a,108,165,57,1,1963954
f34c789e4abd0033,113,149,36,1,1688795
f3735a22788d555f,193,207,14,1,1124513
f33901629f9d35c9,94,131,37,1,1537656
f382ce055660d8a0,17,24,7,1,225365
f337856f105c9de9,261,280,19,1,2051099
f38c3049cfcf9dd9,233,324,91,1,3985134
f397423f2c7f5d23,48,52,4,1,941382
f3320d02204ae189,1006,1341,335,1,12667990
f30f7088765a111a,458,651,193,1,15602480
f3a52cf48198f9c8,305,385,80,1,3423089
f3a627603e67d1c3,314,390,76,1,6373321
f353f445c0e9e1b8,834,1148,314,1,21163029
f318e47940c7672f,787,1070,283,1,24165025
f343cdddd093cb19,1079,1449,370,1,26630173
f32080d12bcfb11d,1178,1637,459,1,29275019
f3b68e1f709d332f,403,506,103,1,6211628
f3ab89f83415785a,1113,1445,332,1,14580370
f3c59d337e1b975f,3,3,0,0,77409
f3a7ebc9bcc9f08a,1211,1613,402,1,24979735
f382e94c022c8aef,1651,2159,508,1,39317766
f3cd19ea71860b5e,350,418,68,1,3132863
f35c122c176db1bd,2253,2985,732,1,43729138
f3b6614ff4aa9b5a,1160,1621,461,1,21236856
f3e40a6af6fc9500,60,89,29,1,879549
f3e59a69d00c4903,16,20,4,1,211492
f3c2ead8338640a6,674,843,169,1,5462889
f3d79f66671627c6,301,340,39,1,3033749
f3db13f47322008c,352,429,77,1,2778610
f3d4d6769b5b96df,357,437,80,1,5646386
f3edc4249d82642c,5,6,1,1,97392
f3e583d42b7b82bb,230,306,76,1,3427292
f3f552ef881a1580,387,459,72,1,6609166
f39a9230cb7667b6,2238,2852,614,1,42141104
f3efccc2b9a33414,597,803,206,1,15486893
f40beaf5dde517fb,195,206,11,1,1208116
f404a637b103bf68,330,475,145,1,4049431
f389f287f8987347,2947,3769,822,1,71664155
f3b848284736a900,2852,3802,950,1,50578378
f444d2bd3c83e0a4,93,125,32,1,2172567
f42cd57dcb4588ce,145,201,56,1,2283462
f43c6109dcc3288a,268,300,32,1,2211401
f428dfabeb2f1e19,384,462,78,1,6120616
f43b5ceffb3507a9,579,743,164,1,6991363
f44cb2378ab94666,325,379,54,1,3192375
f45b5cdaf4e1c442,126,136,10,1,1509034
f4624ce1eb1e5369,262,302,40,1,3910740
f46fbab79b23e68e,100,137,37,1,1386869
f46c520509047cb4,397,506,109,1,5255785
f47fea9d8f7826c6,119,159,40,1,2543032
f4830b8cb22ba1ed,150,169,19,1,3356875
f48b2e389e2f6f87,636,765,129,1,4488606
f4954073a6135b78,16,20,4,1,247140
f40716314af23630,3547,4914,1367,1,66517422
f49ff80d10de165b,240,269,29,1,1512165
f49a185ced91974d,72,95,23,1,2252590
f49583031cb150ed,467,572,105,1,5704665
f4a90a78a4091148,34,47,13,1,412420
f4b1def3b35e2b1d,5,6,1,1,57048
f4b6ef71afa434d4,8,13,5,1,114783
f4b22b57fbf6f79a,128,175,47,1,1427895
f4aa2f0d7e8b76f4,278,328,50,1,5337021
f4bff3c4b90bc000,9,14,5,1,102001
f4cf2668824bfdb2,381,467,86,1,5115257
f4b57ab04ff469af,1030,1331,301,1,18281308
f4efe17fe7aafc5b,6,6,0,0,84635
f4ea6544f0cba63c,333,388,55,1,2386053
f4f3880d5938cb77,90,126,36,1,1178118
f500d6518d32dc8d,2,3,1,1,53108
f4f8e6d3807c5cd0,1143,1480,337,1,15351380
ef5ace246b9422ca,21392,28883,7491,1,724243788
f517ad11852a315a,181,227,46,1,4881095
f51c0766c5a915f3,175,217,42,1,1342224
f5237070490b5ac9,100,132,32,1,1868084
f5142387ccf5224f,711,901,190,1,13618009
f5181e7416610c62,702,955,253,1,10696193
f54b08806c30d0e6,212,229,17,1,1647434
f536c1bc50b53ea0,247,283,36,1,2134773
f53fed1c54e8cb66,915,1223,308,1,13816750
f54272d9dc873c33,727,1052,325,1,15160697
f57577a4fb045707,331,402,71,1,2086291
f574c567e09230d6,249,284,35,1,4110098
f569efa68c05a91a,442,518,76,1,5150931
f565b0eb5c3ca992,633,884,251,1,9826881
f55cbcfcc316374d,1116,1581,465,1,15106373
f5288b05cc48146d,2046,2672,626,1,40883998
f5913e2cd9ef55d2,39,57,18,1,469413
f58f7603ad3a3480,26,35,9,1,488816
f57dca99d8e63e6a,29,39,10,1,744034
f57db07e2c0c5b1e,100,134,34,1,3431386
f5a68860ea6fde7f,371,436,65,1,3030440
f5b4b09b5d3f23a4,306,402,96,1,4474994
f5c033fa8540bbcd,20,25,5,1,277763
f5be67d9907ee6ba,111,155,44,1,1478361
f5bee07352369b87,105,157,52,1,1843037
f5131672d9ca4781,3150,4204,1054,1,61477893
f2f0fd3caab1d5d5,12248,16068,3820,1,331080839
f5d3484aa1260719,6,9,3,1,132673
f5d63ef84a14a258,412,504,92,1,3528133
f5df7e4c1bd6dd38,27,31,4,1,489936
f5deecdc80ddca68,302,372,70,1,2205907
f5e2898da13fe775,207,223,16,1,2120935
f5e88af910544048,419,537,118,1,9536442
f603b7356dae18df,137,176,39,1,1166710
f603de7e634e32d6,88,120,32,1,1925392
f5db1ba5c4e95592,1370,1592,222,1,20214649
f5cd9b0d812c4fad,1791,2275,484,1,36573059
f6073c513acee67e,93,119,26,1,1357478
f5747bea4d697e3a,2936,3917,981,1,80789067
f608b0211607284d,586,758,172,1,7031894
f6056c86d3ddce69,929,1177,248,1,9317848
f62022bb076ec2b0,99,142,43,1,1313615
f6265d9b06a0c3f1,47,66,19,1,491992
f60e32ea3671f9df,639,808,169,1,10970722
f639d80b8d4b00ee,92,120,28,1,992191
f636bfbe5e906dd3,477,574,97,1,6520701
f64ee0e5499c71f5,4,6,2,1,83456
f6383751e45bfdb1,806,973,167,1,16912245
f666e0933fff19d3,179,218,39,1,2505286
f6521dab7bfe316e,728,988,260,1,17768490
f65702fd62bbd673,782,1034,252,1,16531206
f67d0cd881c9ba39,117,146,29,1,1968705
f67fe16f1f1d8c32,339,398,59,1,4935638
f675e37ba092e598,435,614,179,1,6933992
f68cd4822bed4397,32,40,8,1,1306913
f689d7faa7e72689,250,283,33,1,3202076
f6949aa9e5b00b70,74,97,23,1,1042153
f6958f829de064dd,88,121,33,1,1936853
f69965bdfc7981e5,141,200,59,1,2923217
f6a094d9d07ed68d,6,6,0,0,63884
f69a1ac56914530c,945,1238,293,1,16724293
f6ad92d59d97b59a,15,22,7,1,614385
f6a9c6c327a5651b,812,1039,227,1,10604064
f69fd013cb79a2e4,1619,2074,455,1,29951750
f6afe809663de0bb,1119,1333,214,1,19733976
f6e82d0be9e6a2c3,72,94,22,1,2294746
f6bd7fea58a67eed,94,134,40,1,7750206
f6cf6694cdd35680,234,329,95,1,7942729
f6d03d1ede02de4c,126,155,29,1,7627911
f6d3267e2b4bdf68,186,197,11,1,4778576
f6e2847409f122a0,253,293,40,1,4703224
f6e1e50f3bcea781,475,573,98,1,10092034
f6f941d14a9bf865,254,299,45,1,3296959
f6b3fcd864e09698,617,809,192,1,15001118
f6d71b8ed1aeb685,643,932,289,1,16229342
f705d66903fbe791,647,791,144,1,8215370
f6ce0bbf30ae552c,1187,1667,480,1,25531431
f6e5c8ea6023aad0,1161,1445,284,1,21358089
f73ca8b78ec74ff4,182,188,6,1,1066608
f73d51aa279e9132,196,207,11,1,1252207
f729f29b6a1c3762,340,388,48,1,4939520
f732dda8d9c2f1c6,339,410,71,1,6084962
f71b20dfe2a460f0,426,518,92,1,7012827
f6a072a51026b9c3,4453,5863,1410,1,96341429
f6b1a9196223550e,3595,5362,1767,1,45108067
f74bce1a60d6af28,45,58,13,1,697506
f7485f8eb2493d68,895,1193,298,1,13297506
f77032643bfaba35,1163,1199,36,1,7289605
f781d239b39fcf7c,4,6,2,1,110375
f7865682a165f643,463,576,113,1,2874475
f77c19f45cf052f9,647,809,162,1,8803250
f793f0fbed301dba,88,115,27,1,1468828
f7102b7a10cb2e4f,4396,5802,1406,1,82939609
f7a421493bdc685e,492,616,124,1,7864587
f7b0e60ffe5ea2d5,97,119,22,1,777598
f7b6ff5f19c6b17e,88,115,27,1,1371485
f7bf0a2f25934db9,173,230,57,1,2618756
f7bbd31b9ae60cba,496,622,126,1,5100916
f7aeca2aa2102935,755,1038,283,1,17138758
f744cbd9a611880c,4485,5926,1441,1,92328169
f7d2e7c3ba59dd1e,258,278,20,1,2237226
f7abcce624389a10,1694,2236,542,1,24405603
f7df781860a040ed,388,450,62,1,5507569
f7df2baf555efb0a,455,614,159,1,7451710
f7f0adc70c95634b,588,751,163,1,7313641
f7f4966d9acde2da,405,513,108,1,6583063
f7f73b7c42b31943,748,944,196,1,7555860
f7f7d98c4f547779,534,757,223,1,11455373
f8174d2be999defc,70,99,29,1,2012176
f809031e5d1a2ca1,105,140,35,1,4180244
f80bba8fee8425fa,360,430,70,1,6133228
f817f339a871747f,291,354,63,1,6114900
f8149e3e94df627d,442,510,68,1,8330544
f8258bf068eeb205,152,167,15,1,2152848
f8314b32ea1d5f7e,5,9,4,1,411958
f82982460c68513d,471,595,124,1,4098433
f8362b7ac66a9159,122,123,1,1,1159280
f83559100acc2d14,362,414,52,1,3575769
f7ff8d01c392e16d,1729,2338,609,1,24640292
f86e256a185ca0ed,208,258,50,1,1883928
f87b46e308b0f285,6,7,1,1,107432
f87e3b4e7a19deda,29,44,15,1,482873
f87a2c0867273102,88,117,29,1,2667188
f883d3c8bc8e4bb6,211,265,54,1,5080501
f88aac70ab135f5f,98,131,33,1,2431171
f8988210c9f1b253,2,3,1,1,66698
f8a420a52208b223,196,199,3,1,1062851
f89c27d01c00b32d,328,394,66,1,3281160
f875e114552a497b,848,1232,384,1,25164674
f8aa281fcdeaddd4,98,138,40,1,2512859
f88fa6920d881da7,313,447,134,1,6700957
f88853866d125b95,511,638,127,1,13874691
f84686ae08b4f4ef,2117,2786,669,1,48645587
f84507880581bbdc,2165,3105,940,1,60432037
f88318b72fd49bc3,1073,1492,419,1,19822347
f89273b86c329a0a,955,1196,241,1,13175839
f8ad5bed7e9aa3fa,560,710,150,1,7197957
f8b9fdbedf5a7466,100,134,34,1,1723483
f8bedf18cc37d564,190,198,8,1,1094725
f8bcfb3e428f4372,110,147,37,1,1538559
f8b700b95bef2038,449,624,175,1,8720230
f8b47cbdb86cf349,401,534,133,1,10612308
f88a2964c14c383b,1817,2351,534,1,29810738
f8c5d758353b421c,530,719,189,1,9354257
f8b9f8a21a7a223d,984,1440,456,1,21563742
f8d2bec10f1b5010,846,1176,330,1,11257775
f8eeff46731eb9f2,309,349,40,1,2172160
f9002d394e501ff6,2,3,1,1,63718
f8fed648a4f1953a,3,3,0,0,38688
f8fc442642fb2460,317,402,85,1,6320281
f90ea3558b5dc489,38,51,13,1,481028
f912ba5fc6572300,23,39,16,1,434820
f90cbb692fa7e9ee,198,209,11,1,2082008
f902b9800358744d,478,604,126,1,5516746
f9068d0a7a11f40a,510,619,109,1,7933559
f91781d5f70631d1,192,206,14,1,1050999
f92588d88cc91204,269,291,22,1,2292915
f92de9badda89a2c,193,205,12,1,1168206
f92bee9653387f71,199,211,12,1,2429103
f920199937a1e2d2,1108,1580,472,1,24984834
f937a2bf2a6600f5,760,937,177,1,10726881
f961c016f764c02b,24,40,16,1,482658
f96eea4da19db952,83,108,25,1,1291034
f97ed2f21b24d41c,85,120,35,1,1941712
f962705bf2e6d4ba,797,1031,234,1,12543607
f98374b99b3b2696,28,33,5,1,646946
f9858ec073421ce2,116,145,29,1,1769697
f9409bc061ff56bd,2212,2854,642,1,42128898
f987d182e5dc0e6c,487,580,93,1,6731269
f9328f24c1a2a2a9,3485,4765,1280,1,66323338
f9a848d4138493c5,190,245,55,1,4694007
f9e2361dc5514cfe,82,110,28,1,1343639
f9bdbd5e35f6670f,142,188,46,1,1427516
f9e495e01646c891,297,345,48,1,2170474
f9a8cb0bafcfccc6,571,763,192,1,9914428
fa1bf73874521d83,7,11,4,1,152778
fa228e5b34c45d5f,45,57,12,1,545170
fa20578aa5d37913,30,38,8,1,736014
f9ecd8132b2508af,195,214,19,1,1969723
fa2e2b7d86749439,192,200,8,1,1106306
fa26c86747a69915,146,205,59,1,1996323
f9efba9190f6cd87,60,93,33,1,3285231
fa1f34ad8a2c90ea,196,248,52,1,2830341
fa19a8b82da3ad42,328,373,45,1,2755770
fa2cd9c32804356a,102,159,57,1,2954962
f9eb3afd09babcc1,666,880,214,1,13097280
fa371d507acc1621,299,333,34,1,5517886
f9f70d0acd2f8b66,933,1301,368,1,18885716
fa2d28eccf66b559,1014,1338,324,1,23835279
fa5131070886b98f,94,130,36,1,1046061
fa4ac5ca45604bb8,150,167,17,1,1273573
fa6096d679d1c35b,311,368,57,1,3643267
fa5e5f1d8a42a119,528,646,118,1,6159842
fa6bf8b32772e870,425,457,32,1,4603923
fa734826b392efb4,47,51,4,1,1171401
fa7c9990804a6593,104,134,30,1,2594190
fa716140aeb42a2b,104,157,53,1,4126928
fa759661e047fff3,489,615,126,1,13254461
fa794f2e7cd00cec,650,807,157,1,16236462
fa7b705b0677877f,520,627,107,1,10105939
fa6bb835796d9e77,1188,1677,489,1,22892218
f9a28761ad5358b7,6853,8726,1873,1,145876029
fa3467c54b926a65,2906,3707,801,1,52143491
fa9cb4285d2c3c9c,29,40,11,1,860747
fad1b66a155a0c9c,106,153,47,1,2524481
fae15375c70e6fa9,283,315,32,1,3524151
faee2d7a21384215,16,20,4,1,293699
fa8f61a3a589c21b,346,416,70,1,8516878
fad28742239f6dd6,351,417,66,1,8863122
fb025196de0f9454,4,6,2,1,83106
faa0fa9b8b94a4d1,222,285,63,1,8379365
fb11684fc6666d2b,6,7,1,1,121670
fb13f3038894128f,15,20,5,1,374504
fb159caa2c7027fd,90,114,24,1,1905184
fae0a96257cdb24e,626,791,165,1,14721599
fb02f16e8efe83cd,316,346,30,1,5801217
fb20de42fb0f82d7,6,7,1,1,78494
fb1cc9a5398719b7,307,344,37,1,3756359
fb2305180592f945,63,79,16,1,779153
fb21267f55f80a25,194,206,12,1,1317445
fb2b34c4fd90e1c9,23,35,12,1,409407
fb27b8affbbffe7b,269,294,25,1,2028700
fac9c296c3c43fc1,777,1129,352,1,16994058
fa7f4fd5a79c48cf,1020,1411,391,1,27354837
fafa4188fb7ef0b5,941,1331,390,1,21111481
fae995a1ede506de,1164,1665,501,1,25484176
fac73e1ab30f5f04,854,1263,409,1,27707595
fb2c7ee2192291d7,407,536,129,1,4793670
fb3c6d7d0d772b79,282,318,36,1,1455533
fb4e973267980836,206,271,65,1,1859977
fb538398f39b0b0d,91,143,52,1,1051641
fb3edcb318108d2e,914,1269,355,1,9235178
fab6e3a6e1ce27d3,2559,3205,646,1,47979297
fb52c90673dca391,548,671,123,1,5381789
fb5c530b0b3ecb5b,330,369,39,1,1882784
f9dd13d7f8c57689,8457,11319,2862,1,219612953
fbac7b76bbcc7662,10,19,9,1,378372
fbae755f3d7c664f,93,131,38,1,3758973
fbd47b981078ba1f,192,197,5,1,3752936
fbd7151f36b8e2f9,241,353,112,1,6540114
fb98368d0f4c6775,215,246,31,1,7135901
fbd181d8295123fa,174,230,56,1,8081437
fbe078e45cf707e3,111,157,46,1,3239901
fbde004e14798ccd,850,1137,287,1,15028015
fb86e9cc4f031734,1260,1759,499,1,26782217
fc11c6047e2443c2,76,100,24,1,1102127
fbf54e0fe9e133d6,1012,1381,369,1,11669427
fc1ad0f9e386cc93,40,52,12,1,1004488
fc0dbccaafccad40,301,397,96,1,6499902
fc1e2e8f47351f20,125,154,29,1,3196690
fc0feca87b33c242,454,613,159,1,9479202
fc1cce4b9d75a145,348,470,122,1,7588290
fc2bc9591bae0ec5,10,13,3,1,271115
fc2afd584ffbf1a7,216,254,38,1,3412296
fc150e0e01870fc4,398,518,120,1,9926292
fc21b0fbf4c9c657,202,281,79,1,4097715
fc30e5733bf033ab,266,297,31,1,1453712
fc3e461b015d06e3,328,392,64,1,3341660
fc47536761e9d778,263,287,24,1,1543415
fc3889c14e554c80,563,613,50,1,7635254
fc5234baf98473c3,25,32,7,1,260852
fc69106257f9433b,99,139,40,1,1111198
fc5e7b1071a93b64,219,229,10,1,1659188
fc5f80b74c0fdd3d,290,371,81,1,2640931
fc5b0c1f007e848a,931,1276,345,1,17861026
fc9264f6ce60defe,2,3,1,1,103122
fc8703e194bedda8,480,581,101,1,3357774
fca46e6ad3a34706,94,128,34,1,1670916
fc72a12aff6ff06b,1315,1512,197,1,11930893
fca31f9960cdbeac,258,295,37,1,2275740
fb8b9aac1ee350a3,4212,5535,1323,1,109281398
fcaac7a88c76b87b,435,562,127,1,5116253
fc9e8f4f31a33c13,952,1241,289,1,18624181
fb5b4327f52f3785,7365,8989,1624,1,121002687
fcbc07075cc04f7f,793,1024,231,1,8264937
fcb00fe9f8172587,1313,1495,182,1,16722552
fcdcbc895f338fb2,127,178,51,1,2038590
fc47dad6881fa5c7,3617,4781,1164,1,65065431
fd18007ae33ebc4c,69,90,21,1,1578558
fd15812ec60a08e5,101,136,35,1,2413023
fd08cb5d48cc9635,115,164,49,1,2946920
fd464b1bef3032ec,3,3,0,0,41539
fd3506ad5392d90f,281,319,38,1,3403675
fd3057742dbbc583,315,351,36,1,5070215
fcfd3393517ff98e,507,614,107,1,7451194
fd11317acb5f49fb,290,342,52,1,7374695
fd1e3a6bdccd50fe,493,679,186,1,9226017
fd226fd8c41e7793,335,396,61,1,4217051
fa6cb3727d855b49,14024,17152,3128,1,301926094
fd46dc09d80fc0ee,484,576,92,1,5929983
fcfeec8f1d377dd2,812,1048,236,1,10760070
fcee53fc5750e45c,498,675,177,1,16175214
fd4ef1c077b85b76,331,391,60,1,2930384
fd50a3103100882b,788,967,179,1,5374847
fd56d1c6762bdd55,402,502,100,1,4523642
fd699a7db6c2196a,66,93,27,1,594121
fcf85955ec5c894b,1440,1839,399,1,30503976
fd6d5677d80b9e5f,101,134,33,1,1413261
fd7523dd4f257e73,103,134,31,1,1234793
fd64831980aad27b,749,1058,309,1,11386899
fd76e199f6d0b913,409,466,57,1,5145022
fd8bdb3b6d13c25c,64,89,25,1,1171357
fd9b3144043c850e,194,206,12,1,1028552
fdaec06fd0cf6e1e,82,116,34,1,1650480
fd8091d2452be30b,1237,1719,482,1,17753020
fdbb4b41938e2c11,310,337,27,1,2694813
fdae792a4cb0ed5b,486,679,193,1,13360459
fd9c6084f26ee94a,1140,1579,439,1,24128021
fdd272ddeab9c35c,118,148,30,1,1770391
fdca260aefb7dd44,687,875,188,1,7193764
fde7c3b54c8a6bfd,289,351,62,1,2621469
fdd27bd1e8c05419,1030,1367,337,1,14096104
fdfa3030ec03ee20,63,86,23,1,1198362
fdf2dc36211dcc0b,335,424,89,1,4542168
fdf511e22569d84e,369,456,87,1,4598915
fdf0c1a42941c52d,314,351,37,1,6649437
fe0b61e335463327,24,35,11,1,473863
fe0e20093b3812ed,434,550,116,1,5966650
fe1bf67fbb66d0c2,441,544,103,1,6533158
fcdf7f5875897205,6963,9126,2163,1,183498583
fde87725edb89469,2303,2979,676,1,44968648
fe3df22776cae7dc,3,3,0,0,86038
fe4f857e1462d20d,25,31,6,1,346290
fe3c45fd526f3d6d,29,44,15,1,401322
fe45eb6f1938a8fb,227,323,96,1,2983421
fe5b5823e49e4950,182,187,5,1,1143979
fe233396b655cad4,310,416,106,1,6560191
fe61ed7304c35aaf,10,14,4,1,163883
fe4993acbb5894fb,41,54,13,1,511367
fdfaa5ad8fec730c,2881,3873,992,1,58327362
fe62fca28e6b433d,275,314,39,1,2812611
fe2d312e1b01040a,1149,1368,219,1,13453836
fe57729d498e7915,754,1015,261,1,11087398
fe6b9bf2d7f903f0,24,32,8,1,332396
fe90e02b900f42d9,2,3,1,1,92383
fe70e283aea22aa5,129,171,42,1,2060217
fea463805c2b1499,30,41,11,1,839950
feaf89def922db41,199,207,8,1,1247261
fea7cf11bd3f5519,140,185,45,1,2022927
feb84dbf1cc8634a,194,200,6,1,1155021
fe9b75b6f08f1672,378,424,46,1,8089295
fec43a995fc7c1d4,2,3,1,1,158861
fea4b1215f5e6a6a,408,533,125,1,15063264
fe9e282683cbadf2,1176,1646,470,1,22014153
fed8b3897dd08551,2,3,1,1,66287
feca720e40de0ba2,857,1110,253,1,12308110
fe826ecb189c7b2d,1550,2134,584,1,31662325
fed9f847ea0faef8,273,356,83,1,3004934
fed9fe722d7a46c1,479,624,145,1,6359505
fe1c8e1da783cf11,4515,5932,1417,1,93170221
feedb483358b8248,385,491,106,1,4308595
fed93c994d8e6249,1065,1437,372,1,20861203
fe650b222116237c,4525,6021,1496,1,75232153
fef4d5b0dc2e5224,3,3,0,0,57341
fef5e3407f27b9f9,85,125,40,1,1944223
ff3e7da6934adfba,103,146,43,1,1746164
ff450c56b6b884da,120,166,46,1,2365225
ff527543c4e26479,251,273,22,1,2416389
fefcee66f1b089f8,288,345,57,1,3761253
ff463b1b4ed179d3,317,411,94,1,4292283
ff033428f0291064,715,907,192,1,12529330
ff54a57952c64a46,540,735,195,1,20356251
ff0cb106b66bbae5,1121,1499,378,1,30807163
ff6851576e0e0983,197,255,58,1,4338789
ff7f1090c5093540,253,283,30,1,2128727
ff76c2ef6e4925c3,462,620,158,1,11618535
ff803abbbf665dfe,276,314,38,1,3178804
ff8194bab18fd0d7,359,404,45,1,3392059
ff2da578baf40e26,2552,3303,751,1,59093530
ff7e1f14cea14a58,570,796,226,1,12141413
ff98ac6129cec727,23,35,12,1,781658
ff9ebaf56bb070a7,17,23,6,1,308786
ffa6f0fe88516a85,19,23,4,1,308399
ffb69f3a6f970bb5,7,7,0,0,46991
ff87f956723fca1e,93,130,37,1,1594940
ffc941370f85a549,5,6,1,1,57640
ff9bebb296cc9750,92,122,30,1,1195800
ffe5de52d8f010ab,110,143,33,1,812502
ffac323ca6f626b3,82,103,21,1,1796126
ffa7534d4f1acfcd,174,244,70,1,3461012
ffb6b7bd26464faa,290,331,41,1,3171840
ff8b130c3568594c,299,363,64,1,4619524
ffccc9760ebe04c0,324,385,61,1,3730971
fff5ccff1cfee5ef,126,170,44,1,2986871
ffed7f063f6d2fc0,304,365,61,1,3080477
ffc508e9e49f64be,391,477,86,1,8068891
ffcfdecf5f8f06b9,632,792,160,1,9259451
fff66c2dac55184a,605,781,176,1,11576346
fee3df7c89c680c8,8792,11384,2592,1,162920077
ff83eac20eb06da9,1476,1979,503,1,24372806
ff98da5fb8cc8a31,2302,2985,683,1,31095536
ff74f7f55003ebc5,13469,16406,2937,1,284913802
