{
  "checkpoint_distance": 5,
  "num_traces": 100,
  "num_spans": [
    216,
    152,
    28,
    28,
    130,
    14,
    7,
    15,
    154,
    190,
    94,
    150,
    137,
    3,
    156,
    209,
    191,
    119,
    1003,
    306,
    18,
    21,
    198,
    9,
    190,
    130,
    301,
    121,
    134,
    3,
    15,
    656,
    7,
    131,
    199,
    133,
    190,
    137,
    408,
    3,
    3,
    122,
    103,
    196,
    50,
    209,
    132,
    7,
    128,
    156,
    216,
    146,
    109,
    155,
    122,
    7,
    281,
    190,
    286,
    505,
    200,
    133,
    14,
    117,
    144,
    80,
    405,
    3,
    53,
    3,
    129,
    179,
    196,
    119,
    127,
    28,
    97,
    119,
    3,
    105,
    120,
    135,
    200,
    7,
    78,
    119,
    5,
    27,
    196,
    41,
    15,
    128,
    254,
    3,
    390,
    7,
    135,
    200,
    3,
    152
  ],
  "num_checkpoint_spans": [
    185,
    57,
    10,
    10,
    63,
    5,
    3,
    5,
    79,
    177,
    46,
    68,
    73,
    2,
    75,
    183,
    178,
    46,
    661,
    236,
    10,
    10,
    182,
    4,
    177,
    62,
    218,
    60,
    71,
    2,
    5,
    327,
    3,
    68,
    183,
    70,
    177,
    73,
    254,
    2,
    2,
    66,
    52,
    178,
    31,
    183,
    70,
    3,
    67,
    83,
    185,
    50,
    47,
    83,
    63,
    3,
    209,
    177,
    207,
    234,
    180,
    71,
    5,
    59,
    74,
    49,
    254,
    2,
    31,
    2,
    64,
    92,
    178,
    60,
    62,
    11,
    48,
    64,
    2,
    46,
    52,
    46,
    180,
    3,
    30,
    39,
    2,
    10,
    178,
    15,
    4,
    65,
    205,
    2,
    248,
    3,
    71,
    180,
    2,
    71
  ],
  "amortized_by_total": [
    34.1712962962963,
    10.361842105263158,
    51.464285714285715,
    65.17857142857143,
    81.58461538461539,
    27.428571428571427,
    18.714285714285715,
    47.2,
    93.00649350649351,
    24.48421052631579,
    96.63829787234043,
    102.28666666666666,
    79.82481751824818,
    40.666666666666664,
    57.21153846153846,
    24.56937799043062,
    23.612565445026178,
    55.19327731092437,
    165.37686939182453,
    78.18954248366013,
    101.72222222222223,
    34.04761904761905,
    32.4040404040404,
    14.666666666666666,
    23.489473684210527,
    128.73846153846154,
    43.53488372093023,
    96.63636363636364,
    69.96268656716418,
    26.666666666666668,
    38.13333333333333,
    13.815548780487806,
    21.571428571428573,
    74.25190839694656,
    32.36180904522613,
    85.72932330827068,
    22.431578947368422,
    56.5985401459854,
    41.181372549019606,
    40.666666666666664,
    34.666666666666664,
    130.97540983606558,
    91.28155339805825,
    23.540816326530614,
    95.24,
    25.598086124401913,
    59.77272727272727,
    141.28571428571428,
    47.546875,
    80.63461538461539,
    31.02777777777778,
    73.32876712328768,
    256.07339449541286,
    61.25806451612903,
    94.1311475409836,
    15.571428571428571,
    46.06761565836299,
    23.88421052631579,
    49.07692307692308,
    30.411881188118812,
    25.125,
    97.8796992481203,
    27.571428571428573,
    147.9059829059829,
    109.30555555555556,
    274.25,
    51.1037037037037,
    40.666666666666664,
    17.867924528301888,
    40.666666666666664,
    57.798449612403104,
    171.3687150837989,
    23.081632653061224,
    63.21008403361345,
    107.88188976377953,
    34.785714285714285,
    97.0,
    16.756302521008404,
    40.666666666666664,
    89.54285714285714,
    98.65833333333333,
    52.6,
    24.865,
    21.571428571428573,
    26.628205128205128,
    107.89075630252101,
    21.6,
    13.25925925925926,
    23.260204081632654,
    18.926829268292682,
    30.133333333333333,
    29.8671875,
    58.15748031496063,
    34.0,
    24.246153846153845,
    185.28571428571428,
    60.62222222222222,
    22.485,
    40.666666666666664,
    50.46052631578947
  ],
  "amortized_by_checkpoint": [
    39.8972972972973,
    27.63157894736842,
    144.1,
    182.5,
    168.34920634920636,
    76.8,
    43.666666666666664,
    141.6,
    181.30379746835442,
    26.282485875706215,
    197.47826086956522,
    225.63235294117646,
    149.8082191780822,
    61.0,
    119.0,
    28.060109289617486,
    25.337078651685392,
    142.7826086956522,
    250.94251134644477,
    101.38135593220339,
    183.1,
    71.5,
    35.252747252747255,
    33.0,
    25.214689265536723,
    269.93548387096774,
    60.11009174311926,
    194.88333333333333,
    132.04225352112675,
    40.0,
    114.4,
    27.71559633027523,
    50.333333333333336,
    143.0441176470588,
    35.19125683060109,
    162.88571428571427,
    24.07909604519774,
    106.21917808219177,
    66.14960629921259,
    61.0,
    52.0,
    242.1060606060606,
    180.80769230769232,
    25.921348314606742,
    153.61290322580646,
    29.23497267759563,
    112.71428571428571,
    329.6666666666667,
    90.83582089552239,
    151.55421686746988,
    36.22702702702703,
    214.12,
    593.8723404255319,
    114.39759036144578,
    182.28571428571428,
    36.333333333333336,
    61.9377990430622,
    25.638418079096045,
    67.80676328502416,
    65.63247863247864,
    27.916666666666668,
    183.35211267605635,
    77.2,
    293.3050847457627,
    212.7027027027027,
    447.7551020408163,
    81.48425196850394,
    61.0,
    30.548387096774192,
    61.0,
    116.5,
    333.42391304347825,
    25.415730337078653,
    125.36666666666666,
    220.98387096774192,
    88.54545454545455,
    196.02083333333334,
    31.15625,
    61.0,
    204.3913043478261,
    227.67307692307693,
    154.3695652173913,
    27.627777777777776,
    50.333333333333336,
    69.23333333333333,
    329.20512820512823,
    54.0,
    35.8,
    25.6123595505618,
    51.733333333333334,
    113.0,
    58.815384615384616,
    72.05853658536586,
    51.0,
    38.12903225806452,
    432.3333333333333,
    115.26760563380282,
    24.983333333333334,
    61.0,
    108.02816901408451
  ],
  "max_checkpoint_payload": [
    592,
    32,
    314,
    406,
    728,
    94,
    79,
    214,
    630,
    273,
    832,
    556,
    912,
    79,
    2992,
    168,
    181,
    342,
    1548,
    968,
    364,
    420,
    342,
    57,
    217,
    638,
    1140,
    810,
    720,
    43,
    147,
    152,
    79,
    826,
    342,
    720,
    243,
    490,
    1230,
    79,
    61,
    1012,
    802,
    212,
    216,
    216,
    656,
    926,
    260,
    342,
    442,
    1146,
    1240,
    822,
    832,
    46,
    4486,
    193,
    1762,
    708,
    216,
    738,
    94,
    1102,
    854,
    884,
    3103,
    79,
    79,
    79,
    342,
    968,
    179,
    424,
    844,
    167,
    872,
    92,
    79,
    894,
    506,
    1128,
    273,
    79,
    396,
    615,
    91,
    92,
    196,
    89,
    236,
    136,
    694,
    79,
    410,
    1192,
    828,
    187,
    79,
    404
  ],
  "num_baggage_calls": [
    215,
    150,
    27,
    27,
    126,
    13,
    6,
    14,
    151,
    189,
    93,
    149,
    136,
    2,
    150,
    208,
    190,
    107,
    970,
    305,
    16,
    20,
    197,
    8,
    189,
    125,
    298,
    120,
    130,
    2,
    14,
    615,
    6,
    130,
    198,
    127,
    189,
    135,
    407,
    2,
    2,
    121,
    102,
    195,
    49,
    208,
    131,
    6,
    127,
    155,
    215,
    143,
    108,
    154,
    119,
    6,
    280,
    189,
    285,
    500,
    199,
    132,
    13,
    116,
    143,
    79,
    403,
    2,
    52,
    2,
    127,
    178,
    195,
    117,
    120,
    26,
    96,
    118,
    2,
    98,
    117,
    132,
    199,
    6,
    72,
    117,
    4,
    26,
    195,
    40,
    13,
    127,
    252,
    2,
    385,
    6,
    133,
    199,
    2,
    151
  ],