tid,survivors,spans,dropped,feasible,recon_ns
000000008ec640e7,3,5,2,1,90846
0000001744f6e2e6,4,4,0,0,69709
00000017f04bb3bb,2,3,1,1,103005
000000133f772c4e,11,13,2,1,155533
000000165cd97154,3,3,0,0,96942
00000021bd08c582,4,4,0,0,72779
0000001d52e8117a,3,4,1,1,77542
000000197abff9c5,4,5,1,1,99736
0000001cac3a6285,10,13,3,1,179885
0000002904b0f256,2,3,1,1,61479
0000003a82a364b8,3,4,1,1,89287
0000003787dc00d9,3,3,0,0,56285
00000035c18b5a8e,2,3,1,1,84648
00000040c74e2025,4,5,1,1,100359
00000045472b332e,2,3,1,1,50011
0000004cd14cf302,2,3,1,1,76478
0000004d2e2281a1,3,4,1,1,113071
000000514ee51cd8,3,4,1,1,74175
000000531953fb97,3,5,2,1,75894
000000570f8a0e7c,4,5,1,1,91731
000000575825761c,4,5,1,1,107641
000000625472c7e6,3,3,0,0,45806
000000672237e583,3,3,0,0,36449
0000006be9055780,4,4,0,0,136311
000000748e0f9b9f,2,5,3,1,655571
0000005152de00da,3,3,0,0,492228
00000067c3b5ae8e,11,18,7,1,1027782
0000008908ced95d,2,3,1,1,110842
000000944cb04b7b,5,5,0,0,85714
0000009df8766dcf,3,5,2,1,67830
000000a5b99649b8,4,5,1,1,594709
000000aed08cbee9,3,4,1,1,187480
000000bc2ec51d02,4,4,0,0,168167
000000baf26ab347,9,14,5,1,653272
000000bc0b3b6bb5,3,5,2,1,551985
000000bb9bbe2b8a,2,3,1,1,624183
000000ca719e4b6c,3,3,0,0,92854
000000d404654c42,2,3,1,1,108275
00000178065b05ed,67,95,28,1,3128850
000002571b21ab43,5,7,2,1,574591
0000019f9ca7d3e8,24,35,11,1,1091203
00000193e0db0625,83,111,28,1,3521583
0000026b62356a85,61,90,29,1,2753018
0000017a0c8a9e0c,329,419,90,1,11207660
00000309e627d9e0,6,8,2,1,123004
0000031fa7ddec43,60,82,22,1,2413641
000003862a806203,6,7,1,1,243437
000001ba5310d89a,408,545,137,1,12097694
00000386293f76fb,38,48,10,1,1819856
000004a1fc4d7ccf,6,7,1,1,81996
0000060c16896db2,135,175,40,1,3957413
00000170990eddcb,925,1233,308,1,31839479
0000087c8dc7cdb6,36,54,18,1,1664815
000007f5b3d8ff79,228,316,88,1,5836839
00000a138b820933,25,40,15,1,589545
00000af28a4f6fd6,10,13,3,1,948801
00000ccbc48b305f,124,167,43,1,6385933
00000aac7c9d6e87,595,750,155,1,20758540
000009bdfc0a6987,966,1244,278,1,28551896
00000e21f3b8f379,603,737,134,1,16084496
00000b6d8ac2cd6f,838,1092,254,1,27028723
000015f42bdc0ad2,7,9,2,1,774111
00001567bd2b6163,6,9,3,1,1149402
000013e7e942491e,96,123,27,1,3248348
000015abfc5129be,102,153,51,1,4501590
00001b34d9ae4d10,51,63,12,1,944038
00000e1fb9dd5825,1300,1717,417,1,50670395
000024424d96cc8e,5,7,2,1,161386
000024e6432a380e,16,18,2,1,1637311
000025e337a60712,5,9,4,1,180852
00001a7df4352541,697,933,236,1,31603928
000020c2c7e07092,749,959,210,1,32723517
000034f9f383a23e,6,8,2,1,181858
00003a7a495b5aa4,6,11,5,1,260944
000033b6ade440e8,701,962,261,1,26599775
000011c409ce8e93,1446,1958,512,1,134736434
0000371c8dfb3d97,686,923,237,1,28494967
000048ab63f0d639,25,32,7,1,539993
00002b81a84f8af5,1978,2629,651,1,79214082
000052711082078b,10,13,3,1,304959
0000546dcf8e30a8,197,269,72,1,7735412
000051feb70e9993,692,886,194,1,21527681
000064761089866c,122,161,39,1,4235089
0000851aae278fc4,219,301,82,1,3939172
00010f72d290ba96,6,9,3,1,594559
000061644179f148,490,678,188,1,15124920
0000d15f0bb00de2,541,734,193,1,11521581
00005bd09ce9a23e,707,931,224,1,22999469
000070851bc6dfc1,701,996,295,1,36545950
00011da3860f8851,382,546,164,1,12784989
0000a27550ca6786,750,1035,285,1,51725540
0000ef0837d066df,991,1301,310,1,51865545
000174e3d30155f8,537,736,199,1,15205271
0002497f0586b6c3,3,3,0,0,131528
00019a12fbd7c32e,11,12,1,1,537097
000225251e116de7,20,34,14,1,1145966
00027cb887895ef7,67,90,23,1,4648382
000313b3b404f011,38,49,11,1,2564225
00032d0ecd0aee8d,20,27,7,1,456516
0002c17b826fcdd2,123,164,41,1,5221502
0003d6aed0bfdf3f,14,17,3,1,248839
0002e19b102b5e9e,173,239,66,1,7259815
0001be5cc7daf4cc,272,385,113,1,10493695
00037d35f3e3c1b1,386,473,87,1,4923640
00055d65cf33d663,62,87,25,1,1605053
000608c81ecbf64a,93,126,33,1,1983136
000673b861ab65fd,42,55,13,1,938155
000669468c8f6e00,3,3,0,0,59434
000269366619c224,413,563,150,1,13966938
0001ea75935f02db,354,481,127,1,16684751
0006b5f200134c91,199,263,64,1,6957986
0006ef2570d16d49,342,432,90,1,4841160
00070708c1c6d71e,11,20,9,1,228171
0001a505e911f7c4,1216,1580,364,1,32758525
00021f3df0862ebe,1735,2218,483,1,41781805
0008bf32b6627cce,24,38,14,1,414237
0009380f41be2761,87,112,25,1,1136697
0004713ac10290ad,1492,2035,543,1,42933853
0006dea1304392c5,980,1350,370,1,37138629
000f0bbab8b00fdf,101,135,34,1,3097488
00074d81df4fccdb,885,1253,368,1,27267999
001007c0c9ff2d90,19,29,10,1,3864092
00101c7ac0ae1a41,92,132,40,1,3586871
00040ea02fc33cf8,1127,1590,463,1,57897162
000c2eaeedfdb958,1252,1711,459,1,44376223
00138043521f7276,2,3,1,1,81077
0013a8870b8716fb,40,52,12,1,890381
00156c2f6ccf3169,81,97,16,1,1180136
0013293fa63fa33d,139,150,11,1,1427504
0016a13173d45a06,279,332,53,1,2554799
00047eefc8193148,3570,4706,1136,1,109046276
0005f15500372500,3150,4427,1277,1,117390407
00204e7727399188,8,14,6,1,268733
001fe27ebf2611c3,12,16,4,1,365822
0025ab59f72c2695,35,45,10,1,586249
00261bc9b18559b3,284,315,31,1,4287152
001f2379c129b8d9,313,439,126,1,7183289
002cc4d12b7f56fb,81,110,29,1,1859569
002ce0372e1490f2,299,332,33,1,6493892
001e9ab7c6469a3f,822,1087,265,1,21734707
000683697f813e97,2020,2697,677,1,185025558
00234221c4e02e64,991,1306,315,1,25990733
0047597b502d0385,2,3,1,1,77708
0045fa7c88bb656b,106,134,28,1,1441382
003b0475cb7ae658,302,397,95,1,7297305
000092ea91537455,8599,10404,1805,1,437895841
004b1a55b6542eb3,90,114,24,1,1686104
004eee5f47f0b1cd,4,6,2,1,82554
004a49d3d4fe95b6,234,297,63,1,3051537
00506cdd36b74579,47,63,16,1,698258
003e47a6c317ec93,1285,1672,387,1,28102818
004ad50a2abcaeb2,1113,1419,306,1,22221227
0047bfb713201573,1139,1595,456,1,25137068
0060107301994443,9,12,3,1,263112
005fdbe8d2fd2f9b,20,28,8,1,346722
005d8272666fe795,318,375,57,1,6372178
0006ceb2a5be3725,6107,7854,1747,1,231398460
0018e5ab2f9810f0,2805,3824,1019,1,144353702
0010d11502e70f0b,5522,7177,1655,1,176585349
006c8dd52ad1e87c,155,192,37,1,1848113
00778f526eb3f990,188,197,9,1,1218658
002fec93ecedff2e,3564,4865,1301,1,92619622
00838941fac68c37,67,94,27,1,1602290
008ae62541d9211b,6,7,1,1,195973
0095e0caac417e07,83,121,38,1,2720872
0086fb869b6d9b9a,238,285,47,1,4412330
0087e110ac944c46,213,316,103,1,5105042
008843f4e151ef32,277,329,52,1,7226974
009a8a0387718706,268,323,55,1,10618778
0093be6127fc579b,429,577,148,1,13102630
009fb4a9fc92b6dd,1578,2199,621,1,50701214
00c1ea1133b2e2f0,45,64,19,1,671495
00a7641b201e974a,197,204,7,1,1818824
00c6b30f12ed6cf6,183,187,4,1,1423602
00d8c0971f50de30,43,64,21,1,1831582
00d90204d251904d,43,52,9,1,1494762
00d893b780c7344e,267,329,62,1,6846808
00cd8b649c1d3647,799,1050,251,1,18395578
00e05ba07e7c1dd7,28,38,10,1,424944
00e067d813e61cee,29,39,10,1,328907
00a6084298b759c5,843,1093,250,1,22811578
00c0603d96162271,1064,1389,325,1,26635467
00e373bfd36e35ac,149,213,64,1,3560682
00004cf694ff31f5,13400,17557,4157,1,693101250
00db90797beb41eb,279,327,48,1,6056417
00b72f5cb0cce86d,1014,1321,307,1,32266803
00c6264a44c71881,1035,1480,445,1,33174771
00d85de824f1deef,1054,1398,344,1,25342235
00f042a27597b459,8,10,2,1,202043
00fa12c51d8d85ea,50,64,14,1,1062183
00f77bf14898c135,296,335,39,1,2466781
00f3dd5709851c71,121,166,45,1,2723792
00f4c0ae50d3a07d,297,329,32,1,2565261
001cbd5c1b413c40,4157,5951,1794,1,352585159
00f99c2ca2dc50ad,803,970,167,1,13757320
00fd1016be9ce820,754,985,231,1,25275373
01196a8bb49aec65,30,39,9,1,910253
01139772c4db8653,185,189,4,1,1124642
0115ea59a33731c3,63,100,37,1,1445661
0119a5ff349f7f2d,182,187,5,1,1222924
013463f7bd6d5a2d,8,8,0,0,75416
011055868b2bd48d,91,136,45,1,2388789
010f4b5df5973539,172,216,44,1,2648764
011e4cc56c7a4810,300,356,56,1,3357288
013b25e677646b85,95,114,19,1,1153502
01373404210495bf,206,224,18,1,1460022
010c60d79f4191e9,1018,1268,250,1,19205539
01414b36617a5c09,83,119,36,1,1793373
0141808a11599d5a,284,313,29,1,2494123
01257410d987af69,982,1281,299,1,27446043
013529bb453f7984,975,1296,321,1,24126292
01454aa67fe0e924,639,908,269,1,22643457
01609d180e534022,12,14,2,1,179907
01615057f1ab0e47,105,143,38,1,2314997
016dbd7ed735250f,40,49,9,1,1466254
016cc14ed846794f,211,229,18,1,5170298
016e230fbfb6ad29,581,718,137,1,15519896
00e0f7c31547d01c,5506,7233,1727,1,195817763
01810e792fcaa403,89,120,31,1,2619557
01834cc02fd93cb2,41,58,17,1,1235049
017324a3b2aeeeed,772,1025,253,1,26379615
0173f58ec2adb533,826,1082,256,1,26152847
019b6b063f02e324,183,247,64,1,2472344
017c8319dbe3065c,948,1221,273,1,28642832
0182a15f9215cf30,735,940,205,1,15004437
018bfa845704c4c3,907,1177,270,1,15561372
00a020460b415ab5,7125,9259,2134,1,288988961
01a4b800896f41bb,81,104,23,1,2004515
01ab60dfaf3d7c12,6,8,2,1,215217
01ac8d311d27fb08,86,111,25,1,2762438
01b0b43c4abd88af,161,219,58,1,5843188
01b8bd9209893a6f,7,11,4,1,165933
019cd80116f1aeda,1121,1440,319,1,24282462
01b7b038ac1172a0,388,468,80,1,4670503
01c795a22248e2db,292,345,53,1,4561320
00837723e6367364,5613,7050,1437,1,376179287
01a3b99d0b8d0540,1334,1631,297,1,29198922
01a1ab5ead8d6dfc,1339,1714,375,1,33636783
01d79546f7f6ac1f,95,130,35,1,1922462
01d5641f07ef51a6,323,351,28,1,3220778
01dbec9e0db73ebe,47,57,10,1,654442
016b36a6fbb1f800,2561,3300,739,1,82347510
01e1f59bfef4904e,29,38,9,1,1173863
01e5ac10f25efc8b,326,373,47,1,3362013
015a71b62d1247f4,3993,5344,1351,1,143053430
01df63527d4a89cb,738,961,223,1,14540537
01ef7bc42feecea4,34,41,7,1,615044
01f2b4220f063524,115,143,28,1,3625590
018a61bd43a4853f,2770,3932,1162,1,88924365
01f96ed95dcbb819,127,160,33,1,1734525
01f4a0fa6b522ec9,494,621,127,1,8949855
02012f7fef433512,3,3,0,0,73675
01ed5474f3ce600e,593,839,246,1,15986334
01fb958d3907fdac,277,327,50,1,2474882
01eab8aef53cb68e,1344,1733,389,1,29237847
020357bfad1b42ca,214,284,70,1,3014131
00fc6e68b1e3855c,7075,9226,2151,1,268259739
020703108b0cdc7a,404,483,79,1,9781845
0200eb7a2dd185d6,790,1037,247,1,18988501
02006681cc3161f7,898,1193,295,1,22608488
0222fbe8e0b0cb55,239,322,83,1,4639954
02321875096756d5,195,201,6,1,2100332
02188c73318e01fa,1303,1682,379,1,33336866
022abf74b3ef2def,792,1015,223,1,26585055
022b574215d7044f,941,1156,215,1,23225216
023a964b63654e07,254,283,29,1,3741040
024d2d9e7ff85347,101,131,30,1,2756578
025e0976b7fe77be,30,40,10,1,499661
024b616fe8c74748,878,1133,255,1,17633632
024f9954c1ae0105,903,1231,328,1,23269684
0233e36282e23a43,1480,2051,571,1,38791432
0266abc152fb81c3,444,578,134,1,8407954
0245c93c6a22728c,757,1153,396,1,41391046
02748be1805b8c1f,299,442,143,1,6614516
0272039a610aee1a,765,976,211,1,24929491
027d6c844b61ebaa,552,696,144,1,20239347
02906830c158e7e4,288,330,42,1,4073590
02988601ef4f9e1e,290,331,41,1,7995068
0284c85fa83d9ff2,1045,1374,329,1,23122111
02a82604f2219aa7,403,500,97,1,8918229
02a604ab954c492c,479,651,172,1,13813331
02afda907710f6a6,116,153,37,1,6422344
02b00c959c975643,224,237,13,1,6906411
02a19cdd7ae8f344,1062,1423,361,1,25592764
02bd476bc1cd3ac7,42,51,9,1,916540
0299bf14795f653d,1051,1513,462,1,33980472
02bea50a5ebeabd2,266,351,85,1,10683915
02c8d8d5115c6483,764,1029,265,1,26361376
02cfb8d5c594745a,228,254,26,1,2793612
02d32d46513600c6,93,119,26,1,2242574
02c0ca83b4a8ed23,1074,1315,241,1,34519843
02c14d31d3abf28c,1161,1586,425,1,40647118
02e0e8b5e16d1e24,19,24,5,1,403936
02d7c295c43eb1dd,803,1081,278,1,18267377
02ef8b0d946199ea,301,358,57,1,16120273
02f8414b0fc3f1f3,278,313,35,1,4656021
030795e389348bb1,5,6,1,1,208628
0306502f658412dd,482,596,114,1,16380490
02fce5f64259a3cb,1056,1339,283,1,41204231
030c14c9f14a935e,480,632,152,1,18167719
0310ec60920fc721,586,767,181,1,30302708
0319cb4832e6126e,124,164,40,1,6347573
0317bb1664d83a41,810,1038,228,1,27113491
00014a31eb82ff66,17130,22743,5613,1,1261079881
02fe27c822901e15,1864,2469,605,1,73965635
031748bb75953fea,922,1350,428,1,70442054
0324af1e60b4730e,28,31,3,1,1600718
034237054f15ac8f,84,119,35,1,6409809
03536d060da361a7,36,48,12,1,3973696
03210f89fb821f59,304,353,49,1,10814642
03481e2c6031e06f,466,567,101,1,10492077
031e92fc85a0ac3f,717,930,213,1,29862090
0335833dfb09bb66,786,1020,234,1,29829362
032345f341418462,1093,1453,360,1,38321689
033123921259e6f4,1049,1387,338,1,44159844
032c3c669f2f2501,1382,1820,438,1,51111437
0364bf5e1274d36d,39,49,10,1,826304
0363192bb3901485,124,158,34,1,3248694
03693ad5aba3d693,253,279,26,1,3517092
03219abc5856d32d,1673,2091,418,1,60253472
036e2cc09145e377,182,243,61,1,5041099
0359b9856180887b,358,446,88,1,13299615
0161364788d75f41,5029,7222,2193,1,714513569
037bec7057268a08,32,40,8,1,1191076
03657925055a1b51,787,1019,232,1,27852212
036376ecfa95b66c,677,899,222,1,30829297
035df23a046d37e1,986,1362,376,1,38181305
035d813ed70de860,1271,1501,230,1,55936139
0379120618c19fe1,1055,1349,294,1,30826493
038aab01bcd92da3,3,3,0,0,140176
038ca85f0fc6eea4,18,25,7,1,290847
0385e9d8ff57aea3,25,38,13,1,643603
03872d9a41086d60,41,52,11,1,962769
038f43f9edc937bc,250,274,24,1,1999488
038198a9cc752e89,80,111,31,1,3633566
0395bc4151c81a80,342,459,117,1,5005592
037e926fb8428eab,284,335,51,1,8500387
0389d69fea1affb7,771,1003,232,1,18907103
03a0a32def709ffc,260,290,30,1,2001006
03ae563ffde23a34,33,47,14,1,819825
039fe231c11ad077,460,633,173,1,15462215
03ac91efd908164f,258,302,44,1,2102197
03a86640ddf83cd0,911,1201,290,1,20212389
03bf46fa47264b5e,329,399,70,1,5795861
03b43abd6b1660ac,770,996,226,1,19304068
0353533fe5a115b2,4018,5401,1383,1,138630435
03d1fe03add0a18a,263,283,20,1,7611963
03b23325cddd5bdb,1170,1477,307,1,31384335
03cff3f2c14c8ec0,409,541,132,1,9837849
03de22a3ba5e54bd,511,620,109,1,7839514
03c12555015f7cad,887,1179,292,1,18892239
03e1da3ca77a9cbd,92,129,37,1,1504744
03e06a6c00f6c4c5,500,556,56,1,4802018
03c93b96ce03475a,962,1319,357,1,26436755
03e1e1307e30747c,333,402,69,1,6429443
03efa93216b98202,7,7,0,0,123441
03e4bcfc64b72b70,41,51,10,1,636818
03e7044d748275da,211,224,13,1,2053426
03eddfb6a7829674,222,236,14,1,2199591
03f0ddb34c5756a7,267,375,108,1,7324512
03f7d1fae43b4dfd,201,217,16,1,1253105
03f7db3d9bd7d429,122,168,46,1,2866366
03bfe8d413f821c7,1718,2264,546,1,47553469
03fac6038433ae93,180,216,36,1,2629274
03e26f0f4678fecd,1203,1558,355,1,29678311
042448c99c149aaa,3,6,3,1,144970
0400281fae8157f3,1143,1446,303,1,41067607
0400f9eead61dc66,1204,1597,393,1,40428810
0379edc45b24a6f4,4593,6044,1451,1,190310356
041e1d262ec71041,722,919,197,1,21732887
04151a7986de7456,1241,1615,374,1,45478265
030ddab5988ba5ff,9873,13049,3176,1,572886716
044618d7c2a1e14d,63,95,32,1,3153409
0462e9ae05a84991,208,216,8,1,7907910
045f58011b7e9ea6,160,221,61,1,8559709
04723b3bad51d9b9,90,118,28,1,3740575
04350ab66059e2c1,447,635,188,1,19049715
043dab38306c26fc,659,852,193,1,22323084
045fe68ace34d83c,623,850,227,1,24717467
049d5cae034f2026,33,48,15,1,1195944
0480442f08adbaa2,764,985,221,1,13715627
046090784180764c,715,907,192,1,32658500
0489e9bfd688b5d7,356,421,65,1,11407286
044e4c0a7cb1ea73,928,1166,238,1,33398309
04acc29421891bd4,494,626,132,1,8453480
04bc9fd1f79461f0,2,3,1,1,37255
04b627edaa57c8f8,203,214,11,1,2620934
04c1022129245ab1,42,52,10,1,685752
0479cd5be053cd0a,821,1080,259,1,25616544
04c8345be8eaa561,305,366,61,1,3582949
044228b51fc296b3,1207,1519,312,1,41790618
04dbded9af51d01b,90,129,39,1,4208769
046727066056a4fc,1006,1325,319,1,41386823
043e9d0c12960b1c,1238,1606,368,1,51834807
04a2d1acd6e84f28,879,1109,230,1,22185677
04dea4563b19104f,120,152,32,1,3517144
04b60d4db9b4f3db,627,803,176,1,18962427
04b376edc39009be,781,1004,223,1,22724646
0482000c48444785,1439,1834,395,1,39500361
04e9886b9c3ebcdb,435,510,75,1,6174351
0504bf6eb78145e1,26,31,5,1,534531
04ff6fcdd6bd4e2e,213,228,15,1,2351279
04e69ba71eb0e3fc,639,823,184,1,23398980
04c631698e9cbaf2,892,1137,245,1,38889599
05050897079ac83c,411,605,194,1,18801731
0513a0c867147786,90,120,30,1,1844180
04d9deec9ebddefa,1034,1348,314,1,37907453
04d6292af5a5aaee,1299,1687,388,1,43033036
054f17f5dfe8c4fc,201,209,8,1,2091153
04ee1c755d1e0d62,845,1142,297,1,31643225
053090d84040d697,309,437,128,1,6793321
051060d48b10a006,754,968,214,1,20541065
0535133088700e35,495,693,198,1,21316353
0505e6792deb4a51,940,1204,264,1,41100020
0553fcfc9700b5e3,479,609,130,1,18703553
04dd66bf0cf6efe9,1502,1977,475,1,53988469
0578b3cba3b04c9b,45,57,12,1,877433
0565f5c53ba2024b,253,289,36,1,5210878
0587937a747af9c6,6,9,3,1,162945
0580b9dc88e99ba7,95,131,36,1,1893361
058ae5eec165d98b,333,371,38,1,3885655
04f081fafe977046,1342,1715,373,1,53055173
058e6a85c84d39ee,197,206,9,1,1749146
0557d9d3a1fc2441,958,1209,251,1,26916261
05b1428593c0c001,182,187,5,1,1509242
056070d83e494a67,758,987,229,1,26679257
05a74d890cc669d4,108,149,41,1,2772029
05b44bc71ed68997,99,134,35,1,3780500
05b3297b89b82bd1,255,284,29,1,4811494
05c588a433f92404,83,131,48,1,5212078
056bf8a1fbab988e,804,1064,260,1,24761301
0587466a3667668b,834,1161,327,1,24094233
05b69632d113ba94,785,1047,262,1,19957489
05bacd4233f30140,757,956,199,1,19755843
058977d52ab0b941,1294,1706,412,1,43668578
05ec69f91a15d361,518,649,131,1,16625116
056d04a67145a78a,1399,1939,540,1,47224867
05de053a309a051b,796,1042,246,1,26377666
05f54bb2189d7f76,288,327,39,1,3698424
05d77c9b5b59ab31,1173,1569,396,1,30941663
06058c6b4d26c337,85,107,22,1,2765171
0615d4f752e61cab,95,132,37,1,4246993
0557b75a7740e1b3,2199,2891,692,1,75035331
061dd5b34a8e31d5,107,146,39,1,3583093
0621e3f743dacb1b,5,7,2,1,216591
05dd0072ab03f9c3,1428,1794,366,1,35606822
0608a3732632ad0c,262,366,104,1,10152634
05f983d5dbc5977b,771,983,212,1,23357003
061b699a5803378e,814,1070,256,1,19814536
0601562efbc4c86e,844,1116,272,1,28743701
062aac4df142dac9,792,1002,210,1,16024713
05f4f9da824d436a,1425,1873,448,1,55100501
061f9733b0c74fff,1041,1420,379,1,34186034
06251c88be1da965,885,1172,287,1,33030218
05008ed4de73f058,3334,4480,1146,1,134886976
063088cfad1fc27b,821,1092,271,1,33518983
0640565ee9de6b05,677,964,287,1,19292264
065a35aea4793509,256,280,24,1,3423172
065aae01d3b5f50f,265,281,16,1,3368908
063a9286d139ee53,1061,1392,331,1,26039969
066ef074c721cabd,222,242,20,1,3924082
0663e2c40b37b4be,274,333,59,1,12656580
0680ea53ba287dad,311,367,56,1,4405404
0682c59941bb4cc2,100,134,34,1,1395077
064d93eed6ea0711,777,1048,271,1,26460700
064b0d93ac295e8e,1056,1388,332,1,32174371
0687171e6f150a5a,385,467,82,1,6856530
069c2d0e3408cf06,3,7,4,1,188939
063660692d298a87,1517,2191,674,1,54872273
067314498d229618,852,1086,234,1,25991789
06452b3f301d3c76,1197,1727,530,1,47875729
069d60e3f0d84aab,180,218,38,1,6241910
06a2457727b864cc,2,3,1,1,78513
06af2214ac8031d3,100,141,41,1,1605988
068904d57fbdee97,471,541,70,1,13706700
065fdeafa3e11c18,551,814,263,1,40771687
067941fca8df28ce,919,1204,285,1,33133240
06913a8836dbd0c7,594,756,162,1,12743124
0672b8268659f5c2,1157,1671,514,1,36078157
06c403e49d6a8690,191,197,6,1,1058422
06b885f1ba0742e0,96,129,33,1,1446803
06c23ca0b1ba5f74,437,590,153,1,12127953
059b86b9f51291d7,3839,5431,1592,1,172337567
06d3745d74a257ea,134,187,53,1,5176891
06d6d0ec4b1619d2,140,186,46,1,2004173
06c672e850d19b61,946,1196,250,1,27057515
06af6b65779461ea,885,1236,351,1,27725684
06e4485bc9098fa7,260,280,20,1,1831445
06e60d69b597b4c7,315,392,77,1,4795556
069c2af1d84b3f92,2485,3413,928,1,61430114
06bc7f9bc6dff178,1415,1773,358,1,33164388
06cdef8a2c8755b2,1143,1464,321,1,19359532
06d5f6b420247cef,1099,1432,333,1,29781257
042edeeecd37c036,3743,5184,1441,1,330857538
06cc31bc7efadb4f,1773,2350,577,1,57026967
06b409fc5ed37459,2479,3313,834,1,73281332
06a5d46c9795ba43,3616,4960,1344,1,122969286
06e24cefa69e2868,4751,5660,909,1,172174155
070275ad2bc8e8dd,270,300,30,1,2275003
070e850744bafc0d,323,395,72,1,4406516
0700f89c6c393b72,298,346,48,1,4823986
07110129a9dd8914,353,471,118,1,5427181
0707c3c410d3248f,267,305,38,1,5856770
07228b07a81421fc,83,119,36,1,1870031
0729a0742205dcd2,60,90,30,1,1508343
073ae951e50d4683,114,153,39,1,2758564
072b960bf4a1695a,222,316,94,1,7865056
071d0967ec7c42bd,503,614,111,1,12942237
074a298354df2282,200,211,11,1,2676109
06ff692f88daab3e,1092,1421,329,1,32813953
071d1c8e1b39447c,1300,1651,351,1,37905428
073a7333e8322d87,807,1031,224,1,29710903
072566100b7876cf,968,1270,302,1,35531946
0756785feda5d08b,43,53,10,1,889417
0751038591078925,251,286,35,1,2236280
06f323275ad09e1a,1146,1538,392,1,43552052
0764cc281b3804a7,86,113,27,1,3894467
06ecb5cfcc72705d,1209,1538,329,1,47199142
074686afb31ec11c,1029,1371,342,1,30626516
076684ed03918d80,91,120,29,1,3498338
076b5bbaf7fb3135,5,6,1,1,167146
0759a52356bf47d1,269,294,25,1,6349544
078014e786d4de00,31,40,9,1,3138097
07234dad01719ded,1495,1966,471,1,52899936
0777d10eb19b4ad1,108,167,59,1,7740304
0788d5abb06c446c,70,106,36,1,3697596
076d4ecb544785d0,183,187,4,1,12602263
0754734bf1bb92e0,455,516,61,1,21147689
0795f585e95235b1,204,208,4,1,1875805
074ddee38538aeec,802,1029,227,1,29411059
07be8dc784bbe71b,40,53,13,1,556658
07c5b4f959b114c8,7,9,2,1,92021
07b08ef53a50e99d,27,48,21,1,801584
07c795a3fe06aaac,121,152,31,1,1720669
07d752f71c7abf18,188,195,7,1,1053941
07df464b708d487d,325,390,65,1,2796348
079d4b1b6cf3c1f3,602,739,137,1,10182999
077b8657bf06fde4,929,1235,306,1,23355135
07e20b5eb2413149,424,582,158,1,5749654
072df85b46f5163b,1902,2485,583,1,70512324
07a96fbf73de6c42,856,1130,274,1,17547933
07f0c84669f40362,348,424,76,1,3286527
0769e51998103ed5,911,1212,301,1,32020081
078ed3d8c709b292,756,977,221,1,19497503
07f8ffb7775e90ea,104,130,26,1,3431737
07d0f41d1ce2ebe2,982,1278,296,1,27602350
0815b0f652851e90,160,184,24,1,2925005
07c76d2aaf3daf79,1314,1700,386,1,36592722
08216bad1ef4993b,192,199,7,1,1116171
08154c752e0c63f5,793,1021,228,1,15919438
07e8a4fa883b4586,1769,2328,559,1,40405782
082fa80c48fdcf94,5,6,1,1,75983
082ef324f5e0fc51,4,7,3,1,124700
082bed7015ff44cc,208,223,15,1,2079422
080a03a90463b209,941,1221,280,1,25578771
082004a58a1d60d5,654,822,168,1,17473683
0823480feb6b8539,573,777,204,1,18083842
074578cb9e648b41,3154,4433,1279,1,108795258
0832bb4d505eadaa,685,842,157,1,7563380
07ebea1f67e859b2,2858,3626,768,1,67440692
083f494c3ad18673,29,40,11,1,746348
08482c19b1f01499,496,593,97,1,7878001
085537555b18b35b,37,49,12,1,745982
085a1f4dbe3cf424,302,360,58,1,8923183
084fda6cf111978b,887,1269,382,1,15628108
0866fdf7991ca883,114,128,14,1,1001608
086cb25333e04dca,359,435,76,1,6774854
085ced019b5599e7,1365,1863,498,1,37387608
0870fb42337797b0,1224,1568,344,1,32541907
087eda6cf53df686,749,927,178,1,10546510
088476a2575ac498,1135,1391,256,1,21062559
08702d1be3e512bd,1616,2158,542,1,43781926
08ad13bd9db45daa,85,115,30,1,1569531
08afb81b2f96f5ae,265,288,23,1,3727256
08a34bb3d095c52a,569,804,235,1,20448498
08bb5dea66bed96e,43,51,8,1,1639097
08bea0ac9117885a,193,208,15,1,5306418
08a0df57688b7ea2,811,1025,214,1,30386685
08bebded8820827a,261,290,29,1,2228890
08b0ad28d1d0f2bf,791,1021,230,1,24084222
08bd8c71aac13aaa,518,646,128,1,8701740
08c6f72981cd831b,33,42,9,1,652715
087907c00d8af695,3044,3890,846,1,80568305
08cf16d1c82dae83,92,119,27,1,1951932
08cb2f11c537a2ac,272,293,21,1,3303165
08a76296ffb2d972,1397,1810,413,1,41937224
08d62918dfdc32e5,247,360,113,1,13289526
08c7283ceaf22b16,905,1158,253,1,24371800
08d93e68e862bfb4,499,597,98,1,13237065
08dd0be11fcfed3d,581,735,154,1,6733507
08cf540e62d8f2cd,936,1242,306,1,31843981
08efbb000c830d8c,307,338,31,1,5212105
08e8a1272c44c003,726,918,192,1,10306987
08fa9c01a286887b,16,24,8,1,1034073
08dd64f9a5bd4af1,1462,1855,393,1,38846468
090d081327b973bf,120,153,33,1,3105203
0909cbcc0f4f387d,233,279,46,1,7292304
08f66267d85ba6c6,981,1266,285,1,21819014
08f32d67bfa6a9fc,913,1201,288,1,25876827
091175ef12f12a37,290,320,30,1,4577407
0903c5a294a3a920,1142,1449,307,1,21955027
091bdeadf9913830,417,517,100,1,11957355
091476da69908657,550,748,198,1,15304920
0924991a107925c4,4,4,0,0,147891
0915b3ae387c8aa2,753,932,179,1,22006710
090ff090af4947c8,888,1184,296,1,30885117
0913f9ec9d7210c6,943,1272,329,1,30163909
091d6cd5aec98c69,1057,1505,448,1,22074319
0922026314d2a01b,950,1219,269,1,21962981
09255f21d60c4216,760,1004,244,1,20887106
0944e11b06ac8e4f,107,144,37,1,3566782
093dcbffe2019b44,735,945,210,1,12919136
094b8edc67c44a68,356,433,77,1,8972981
0930c8ae6c6b0f48,859,1092,233,1,27728545
092f4eb856dc6ea7,1322,1675,353,1,31824152
0958a4e1d0015392,121,160,39,1,2523311
0976ebd817f13f99,97,130,33,1,2234268
0924bdc8cd1cc4a8,3521,4852,1331,1,117022384
09796f75c6598342,259,302,43,1,3747555
09761944b899ab04,679,820,141,1,6541420
098f73f5c08ad188,218,227,9,1,4177480
0969be006dc88d2e,545,770,225,1,15131359
099b2dd3d41759a9,356,435,79,1,11172987
095a308a737179d8,817,1054,237,1,22513946
099ab42fb403c0d8,446,619,173,1,18615513
09a2b5f8d1053d20,527,639,112,1,15052777
09a430aec6dc9416,445,605,160,1,14046398
09572246afa8e15c,1431,1874,443,1,36437802
09c02e510afd5193,270,293,23,1,1937691
09a3f4ef469abcd6,1064,1382,318,1,20125753
098f697f6077dddd,1151,1627,476,1,34151729
09caa5bb6331d23c,744,919,175,1,15035353
09c0230f6b4a04fe,1004,1328,324,1,25660245
09c4a6c213924d04,933,1207,274,1,28306963
09eb42881f53c5a4,47,58,11,1,963509
09fbc4a9ac3c7025,76,115,39,1,1992337
09e4adffec065c2b,843,1090,247,1,16387791
0a01d9efaa1901e4,26,31,5,1,755259
09ea5e2d70585d21,749,996,247,1,20073660
09f618b9a6a4cfc7,487,631,144,1,14499610
09dc0cbb8ff0b8a4,1401,1789,388,1,35471449
0a00a469b50e9a5e,694,924,230,1,18507218
0a1609b51801ffb9,188,194,6,1,1004348
0a17a64c2264d02d,98,135,37,1,2364762
0985ea2f512e2722,3854,5109,1255,1,124628693
0a1217a7f778a61c,794,1032,238,1,10421473
0a1f71f3c410071b,213,225,12,1,1413490
0a20d74195d4a167,268,299,31,1,2218623
0a1b0d32229d7c7b,997,1301,304,1,19090573
0a23db77dd2da3db,194,209,15,1,2283064
0a2802cb8a873318,35,49,14,1,911574
0a28af74275457f1,100,143,43,1,2230284
0a2b0d7d589414cf,267,302,35,1,3281167
0a2686a65a4ed0c4,632,882,250,1,13217514
0a258ea2eccb2c37,1129,1605,476,1,17631505
0a2301307089cff7,1172,1528,356,1,32738338
0a4165a104ef31b1,180,192,12,1,1357845
0a4c4f3fe63eb919,159,197,38,1,4731180
0a564a1f01d2c2e6,5,7,2,1,194062
0a42cb19c28c3ed1,861,1163,302,1,22289387
0a5ad3c5a80c36a8,104,152,48,1,2996174
0a622216dbaafd41,102,142,40,1,1478920
0a663fa70e1eefb5,488,663,175,1,9205308
0976c5337142a346,7320,9868,2548,1,244308515
0a5b477e41f2b0c3,1134,1475,341,1,26889321
0a844effd834b657,4,6,2,1,117971
0a89b33c5e9597c7,232,346,114,1,4310128
0a87724a80aabab8,584,736,152,1,10970168
0a94f2cc3e13c7ed,227,251,24,1,3960820
0a91f53a4bad6135,313,349,36,1,5200761
0a8c10f122d8c4c2,1009,1258,249,1,15524895
0a8ce252a00bad71,958,1190,232,1,17428911
0ab6707a0a06b73e,289,317,28,1,2171966
0abc44afc3d26027,206,217,11,1,2411617
0aa0c887a7473b76,711,932,221,1,10650820
0ac2771df051ec1e,72,98,26,1,1764275
0ac4b3f8a61602d8,3,3,0,0,64590
0ab59fd4ba0ae3be,793,1070,277,1,16522475
0a66d4cc92df4208,2880,3627,747,1,73969282
0ac25a3f6f6423f3,720,938,218,1,22716099
0adc1ed9092d94cb,335,400,65,1,3334965
0a9e44b013097b94,1825,2505,680,1,57157453
0acab40ed8b8faaf,1090,1540,450,1,27541533
0ae395bd3815f4e1,676,821,145,1,7089901
0af320f4e6164a26,33,44,11,1,504798
0afbccc7b10d3cf5,209,224,15,1,2010447
0afc17c655f4b644,79,103,24,1,3404591
0b0dc96435c4c5ac,812,1050,238,1,13056584
0b15cfe690058ad1,248,285,37,1,6263209
0b270af67a643817,84,109,25,1,2263002
0b150b12be557bae,334,443,109,1,10279674
094887100670a5bf,10827,14514,3687,1,443876739
0b2e2ea57973493d,183,187,4,1,959640
0b3c913ea3c79b3e,92,117,25,1,5797777
0b27ea693cba4657,808,1028,220,1,23120694
0b15385bf77ccf13,1037,1361,324,1,39845267
0b19bfbdad33bd2f,1082,1396,314,1,33798307
0b3c6c4063acc4c0,363,416,53,1,7010078
0b227f29a0c5a141,1922,2527,605,1,46212566
0b428a703278c14b,755,973,218,1,20475510
0b538e0e6b4e99ef,845,1102,257,1,12065625
0b65220d01c89576,904,1195,291,1,16020372
0b7142aad87ca9c8,270,322,52,1,5265289
0b5c14c55f757e38,1041,1342,301,1,19161387
0b4d3f1ef4a6b43a,1237,1641,404,1,41711302
0b79093007ef44cb,264,362,98,1,3208603
0b6ec898cf0d9713,906,1165,259,1,29045434
0b882bfeeb6b3d93,199,264,65,1,3867206
0b8533a643b57ac9,165,205,40,1,4793571
0b8053527a29338c,822,1062,240,1,22594936
0b95afce180790d4,30,38,8,1,851992
0b9819ec7e648fe8,94,130,36,1,1945599
0b8152feca796fa7,1060,1369,309,1,23749515
0b7b9d2eb95be789,1126,1474,348,1,29477528
0b9844e632df3b51,337,396,59,1,6930495
0b8e79b3e8037f62,959,1224,265,1,13051400
0ba284be6ecf86e1,193,202,9,1,1505999
0b8f3fb11862f7ba,897,1169,272,1,16694590
0b4bd501110ea26e,2818,3711,893,1,82132984
0bb727d5d3b28186,19,27,8,1,328335
0bc0a82cda7e33a5,203,214,11,1,1667560
0bbe01728bf1f1a8,304,380,76,1,8968091
0bbc05222f22231d,752,996,244,1,23010916
0bcf61065a943bf3,3,3,0,0,103379
0b3fd0d838f3fba7,4030,5398,1368,1,140731263
0bc9820f5ea7e8bd,394,482,88,1,11101016
0bd7b20961d1ca1e,99,139,40,1,2183952
0bd5f4043c17ef3e,157,208,51,1,3723474
0bb125fee86088c1,1069,1414,345,1,29071106
0bdddf73e52dee4d,257,281,24,1,1835386
0bddfbfbeaab7e14,373,447,74,1,4432648
0bad6740cb346b11,1037,1350,313,1,35563931
0be367c13e8d3466,228,238,10,1,1520683
0bd0db838174de34,791,948,157,1,15067482
0be988a197bea835,98,139,41,1,1376929
0be3321470af08ee,486,675,189,1,12856870
0bcb92b0ff7f743b,1160,1422,262,1,25232103
0be16fc62207f8d1,877,1137,260,1,16395152
0beb754df21a44d7,319,398,79,1,8081153
0beec74f7281918e,41,48,7,1,1584093
0bf0b5dc224cd862,96,128,32,1,4420470
0be9c615d0530db1,776,993,217,1,19201349
0be566ea2b08f053,967,1235,268,1,24710988
0bec1c2bae9ba359,837,1070,233,1,14189793
0be5aba09c5ac7bf,771,1042,271,1,31224240
0bf8a02bb838c3d2,310,363,53,1,4460191
0c04e2ccbb72ab64,2,3,1,1,46672
0c04e0749ff3ddd7,160,175,15,1,1276550
0c0383e861a7763d,165,231,66,1,2548516
0bff29a26dea3449,987,1256,269,1,27216921
0c0083fc3802cf75,967,1294,327,1,25486871
0ba844c4a1abf67f,3333,4451,1118,1,105810123
0c1e0a25cdbe1c66,295,340,45,1,4385645
0c10012fc3d79303,798,1052,254,1,19182772
0c35dc331f630efd,81,103,22,1,2004875
0c313acffc226d70,294,337,43,1,4829889
0c23c9a2a0c96c24,716,929,213,1,21171093
0c0b151cb3b57efc,1677,2216,539,1,38784873
0c397caf4fbcde69,85,127,42,1,2766285
0c4266e3578ecdb9,465,514,49,1,13642686
0c50518208adee0f,7,7,0,0,113849
0c47ded453827c6e,85,121,36,1,2190249
0c51c520837c12bc,213,298,85,1,3554022
0c4c8cdc4b510c3a,674,868,194,1,11444940
0c45b00609414aaf,502,644,142,1,13924948
0c394884d0b83550,1152,1607,455,1,33303788
0c7e080a210d1232,194,199,5,1,1376928
0c5b2dde20752771,951,1264,313,1,22238888
0c7034eaeedef1f0,262,283,21,1,3836043
0c726ada3909251b,262,302,40,1,5692413
0c425884cad4af05,1831,2326,495,1,54694536
0c639f18f2a2b5cb,434,555,121,1,12210461
0c766366c1cc1cbc,862,1073,211,1,16533215
0c93ecfe6e18df1f,193,271,78,1,5829457
0c8e3b07b39eb901,699,851,152,1,20364500
0c89265d28e95b61,780,1046,266,1,23798057
0ca28f01c9aa5bb2,44,52,8,1,802440
0cafe0013059d2f2,243,283,40,1,4994116
0c93221b4c48a61c,1314,1686,372,1,30533925
0c556dccc5833499,2209,2956,747,1,80510843
0ca6df7505a45776,1174,1670,496,1,25968557
0cc61a6e0f9b7d35,40,57,17,1,879577
0c7eb6221d3bfdea,2490,3202,712,1,62395324
0cca3999c1cefb99,50,64,14,1,1089750
0c5d8256fd6c9dfa,3117,4021,904,1,75997701
0cb1de50033905ba,819,1079,260,1,18681552
0c9378fdfd7d8000,2238,2565,327,1,41376687
0cd7615103a1d705,34,44,10,1,383210
0cb081de97f86919,1515,2036,521,1,34813673
0ce6bcc5284277fa,44,58,14,1,720317
0cf972ca66e27838,16,19,3,1,534450
0cf69cb06429d124,102,153,51,1,2490112
06d96bc7e1725d06,24297,32088,7791,1,1509223458
0cfe935101db812a,101,130,29,1,1650728
03fea5fff47a43f6,66650,70937,4287,1,1926938539
0cfedebb0687e51d,207,212,5,1,2684713
0d214d803e7351e2,83,113,30,1,1917818
0d0f00bbcbf2a0bf,703,940,237,1,20722457
0d4d0dbfaddcfa12,115,123,8,1,1241157
0d2d53d051cbe9fb,458,556,98,1,13294835
0d4e4c79a275e94b,164,223,59,1,5111130
0d4d98ee9c6aecd0,267,297,30,1,4462236
0d58fd6a22fceee9,39,64,25,1,907407
0d5f83286fe0c9fb,323,416,93,1,8282236
0d687b093d336f72,28,40,12,1,1634241
0d6a6f9eb8e789fe,388,454,66,1,14168476
0d524bf1e07c300f,1154,1634,480,1,40267334
0d64882abcec8f9e,1206,1593,387,1,46424453
0d23cbfd44adbffe,3196,4284,1088,1,147778875
0d835ce9016689f9,190,197,7,1,10088055
0d8daaf02c21228e,211,222,11,1,10899003
0db225f18cab5b7c,102,131,29,1,10984849
0dadf5823ed87c33,288,338,50,1,12118021
0dd0691ea85b87d8,182,188,6,1,2182616
0dcb2fae7a6caddb,247,285,38,1,8559203
0dd7ad3adec807fe,184,188,4,1,2414524
0d930cab022466e2,895,1275,380,1,44512331
0d8f909e483c12a3,1159,1639,480,1,45438366
0de3ab4640b1544a,208,225,17,1,2864039
0de0659a06f55935,215,334,119,1,7588784
0df513e861e25b82,96,128,32,1,2881874
0e0c114da98616b7,46,57,11,1,989324
0dfb61ee66960228,985,1428,443,1,40472381
0dfc91b1a8423545,876,1131,255,1,40876586
0e0bb9d356b394c2,762,950,188,1,28058591
0e2771922cdd8cb5,2,3,1,1,198899
0e1a3feec47d663b,16,25,9,1,736057
0e2a9b455994d4b9,197,203,6,1,2472486
0e206277074a54a7,328,392,64,1,7737410
0e219d3cbf49d18a,387,571,184,1,18542162
0e39e796ed832bd7,125,155,30,1,3044354
0e3f975ce7151c50,15,21,6,1,406245
0e429eff0a03557b,202,224,22,1,1848518
0e3dd787211e0d97,248,266,18,1,2711744
0e1fe779ca9d079a,1380,1759,379,1,33517588
0e4dbbf08de31b03,37,49,12,1,861097
0e20f44ad684c5cb,1231,1592,361,1,44666302
0e4e900e4bf8abe9,106,132,26,1,1820721
0e49166bae8748d3,220,251,31,1,4232920
0e3d00d2d1c42e0b,781,983,202,1,22838321
0e64d3864eed3254,26,31,5,1,732182
0e5ea015b4ec25d6,288,332,44,1,2946399
0e3a6d237c5bb7c8,1384,1951,567,1,44303915
0e74ffc767e80478,4,6,2,1,255578
0e7061ee36e4fee8,284,391,107,1,5220354
0e169e64acab0f45,2922,3753,831,1,98560933
0e2e022805f1488a,2375,3019,644,1,85333099
0e6b22afeee4c36f,1036,1352,316,1,34281877
0e826ec9fa1942c2,176,208,32,1,5288948
0e7426ed0aaf558e,936,1270,334,1,34243692
0e89cb1d0d590bd6,22,30,8,1,609823
0e7f246cc69f2f8e,702,955,253,1,19218672
0e911850936f49e9,42,49,7,1,748236
0e8d99d05b703608,316,373,57,1,4948761
0ea1989f427b6049,312,374,62,1,4938671
0e9eaf139f24c6fd,515,624,109,1,9421483
0e9cd0f0121d4447,367,446,79,1,12936405
0ea869d849363e2d,730,936,206,1,18629232
0e9c1ee57467f07e,939,1318,379,1,34062892
0eabbddf17036d40,1038,1336,298,1,27915160
0ec11866e23646aa,5,6,1,1,200888
0ed1dcaf1db56cbb,7,12,5,1,458692
0ecc7697a7e9946a,34,48,14,1,1237366
0eb9bf5a9119caef,61,94,33,1,2146675
0ec285550f4182c9,120,154,34,1,2555258
0ecc6d05cb8b09b1,385,469,84,1,16748311
0ed4a9af89ebd1ae,1172,1504,332,1,41854201
0edae36dbbc03162,1143,1637,494,1,54836425
0edd47ba07942d5c,1891,2304,413,1,55751033
0eb7fef680e7e742,1829,2405,576,1,72619940
0d6801a5333eb3f1,10805,13002,2197,1,525367955
0f15ef05e5410774,17,20,3,1,2444508
0eec6daa54d024cc,127,193,66,1,11041197
0f385e7afc20cf6c,41,57,16,1,1011453
0ee9569383c4c3b4,190,251,61,1,12376920
0efe28bdaf7e379d,287,339,52,1,13490958
0f3b733f365aa2ab,266,299,33,1,4337304
0f04b1d535526fd7,260,379,119,1,17117787
0f1a9eee2d6bd387,304,361,57,1,12595455
0f52c02ecf8ea26b,201,214,13,1,2112989
0f27e9a5d24dff4c,300,424,124,1,15429860
0f3dcd97435a0b83,295,348,53,1,12234853
0f5438daafd81270,267,293,26,1,8082776
0f7b6b1cbd14bbc6,6,7,1,1,189999
0f6c6e3e862d359a,67,79,12,1,6640800
0f673db56694043d,317,387,70,1,13283945
0f3efd0a4191cb0d,430,521,91,1,18099254
0f08d61b4e5cee50,571,850,279,1,32581372
0eed40d7a392f88d,811,1055,244,1,35286435
0ef649ff3b2790b7,908,1308,400,1,39940737
0f6fccf5ab421035,524,718,194,1,21519905
0f5ba87d3abdb0f2,956,1241,285,1,30036375
0f120a36a8dfea69,912,1171,259,1,53167875
0eafc27b91fce294,4879,6936,2057,1,277795322
0fb955d9d660aae3,2,3,1,1,171141
0fac21f52c2e9698,71,98,27,1,945687
0fa07f4cd9bb4893,94,130,36,1,1641855
0fc078b0d3582355,192,198,6,1,3983631
0f93e828545ee478,187,197,10,1,5034164
0fc29b88d7716b44,158,202,44,1,4934649
0fb772a76640c2ce,245,271,26,1,5911968
0fd9fd6b8ec123d1,100,129,29,1,5352069
0f983c4606221f48,337,393,56,1,12204249
0feee6a0dd942708,136,190,54,1,2541770
0ff9204a9fc102b5,191,201,10,1,2198089
0f930ad11d984342,532,681,149,1,16175005
0f90c2b08b0f442f,493,674,181,1,16482712
10017a6337b43705,32,47,15,1,989624
1010e00f8a7a2354,3,3,0,0,64179
0fbda0deba62dc29,563,637,74,1,15829822
0fc4d47a424a3c9c,448,559,111,1,15200341
1022b873183cacac,108,156,48,1,2474194
0fd4ebba22e70ae8,574,700,126,1,14773796
102b5464703f1d01,3,3,0,0,38372
103a6aa6c8e86f0f,102,153,51,1,1755589
10226605560c84e3,196,207,11,1,1687893
1001ea983a8686a7,311,352,41,1,6556654
0fdfe43177d524a4,883,1092,209,1,16101099
101659fae2a17788,447,529,82,1,7155168
10272795acc6e19f,442,623,181,1,9172028
0fe7b8b0c7815c8a,798,1074,276,1,24312313
104aaf697959426d,297,350,53,1,4540532
0ffbe281c40b0982,1127,1567,440,1,27355191
1057fdb650ed9545,70,94,24,1,1097388
105ac99c08f51748,21,28,7,1,404413
1059133a3484228c,258,283,25,1,3096857
1008c920c23dbc69,1404,1684,280,1,39936845
1066b0df6b93c865,314,348,34,1,4710276
1063aa6b0d9042ed,248,365,117,1,7028995
106a2afa80045b45,202,212,10,1,3250886
1073294ed5977599,69,94,25,1,1765952
106d3e9ab4ce75f3,435,516,81,1,4753714
107580b44fa83df5,30,35,5,1,726960
1073f96cc6c6bbda,701,892,191,1,20768017
106eb8f259af5e13,1034,1340,306,1,31516754
108da540d5f5d022,2,3,1,1,118351
109f0dd65c9da4e9,90,131,41,1,1235852
10ad40c6a70b42f6,110,157,47,1,2624268
10b2e816369faca7,188,192,4,1,3170355
10a7d009d739015b,383,486,103,1,11880458
10ce99b6340753cd,202,214,12,1,1283456
10d9a3aeed235d9d,100,135,35,1,1270325
10e7fd038e7be2cd,325,375,50,1,9254651
10d7b9179998fe76,340,403,63,1,10485817
0fb972694acb700b,5394,6325,931,1,180158358
10c7fe569ee00c06,922,1255,333,1,31300216
1110d21f660ded73,43,58,15,1,884650
10ee552325ae1c00,271,310,39,1,6203119
1104c1f6053ec093,287,339,52,1,6428916
1104faf27e24d82e,495,626,131,1,11273745
111930d533fb8b95,323,399,76,1,3773426
111a7212308610be,519,718,199,1,7830352
1087d816142c0764,3449,4595,1146,1,106752599
10cd288e8d8f1baf,1559,2136,577,1,53898815
112f15f749b45fb1,271,298,27,1,4080845
1133ed1aaee9f7e4,255,275,20,1,3747614
111f4d118749dac4,802,1052,250,1,16958732
10ff82de776a3674,1398,1905,507,1,34486769
1148d9dc803c353e,18,25,7,1,302339
11296c9dd029b8a9,500,714,214,1,16095454
110f6a8d15162306,1379,1649,270,1,31358443
114e892cee792a3c,76,106,30,1,1739405
114fa1956a012b55,212,235,23,1,1729751
115c511404f6320e,104,133,29,1,3792946
116d1ea758c65cc8,94,119,25,1,1486363
1153f7ebcf319956,731,932,201,1,14639937
11780e6adfe1d09b,94,128,34,1,2037501
117bc7db5e087173,200,221,21,1,1331056
117419873d832cde,304,343,39,1,3680465
115f6d77afc66730,724,996,272,1,10791761
10ea257e9184e289,2580,3653,1073,1,83441238
11b292258e56dba8,80,106,26,1,1486554
11b8ea9f8d955451,180,187,7,1,1672220
11b013c56fc0944d,174,234,60,1,5920153
11aaadeac68532b5,271,327,56,1,6467188
11b29ae941a16b81,403,499,96,1,9023635
119658a526633e91,507,683,176,1,24116290
118ada41344e41e0,1076,1375,299,1,27172329
11c0e648d2c702f1,257,284,27,1,2677755
11ba2672a48f6d34,1118,1476,358,1,19830520
1200c912131d42a9,4,7,3,1,125495
11f41a434df2f21c,219,235,16,1,2827597
11f7690eba8f5289,272,303,31,1,3748944
12280faa0b3a2c6e,261,287,26,1,3908919
12493fcd27340663,183,188,5,1,1866496
12073d34728b9249,283,336,53,1,4934447
1268efb8e70acc84,106,143,37,1,1796492
1255ac24b6b3060a,218,300,82,1,5451806
124678c5db0581c8,296,337,41,1,7300070
1278e9e4546f3916,265,301,36,1,6174544
123417e26b9e384d,436,514,78,1,15086662
1283fa6123551089,20,30,10,1,2294495
12537516ac46eeb3,405,559,154,1,19028966
1284c1d021564016,217,229,12,1,7473522
1247f872ed51bc9a,552,775,223,1,24172468
1282999e33bc221d,412,514,102,1,15933763
1263abd19c5c4ce6,668,866,198,1,22732292
12954cdd4704e46b,337,401,64,1,6189610
1293ecab191c18f3,343,493,150,1,16235431
12268b6957636f75,858,1198,340,1,36682111
12a70edf355aa61a,395,488,93,1,12086786
12b1e040e391f98c,235,335,100,1,7225842
12bf4882b12ff14f,86,116,30,1,4645884
12a9bfc310bf77af,450,647,197,1,20140802
12771565986cc7df,1178,1636,458,1,42959641
129aed6dda49f3ce,924,1249,325,1,30193336
129491a725597262,997,1360,363,1,39782246
128eebc253e150cc,1583,2132,549,1,49972760
12dbe0a52bbdec4f,721,1001,280,1,20313516
12edd19782b6d5dd,243,330,87,1,5382065
12eea53f29f6e73a,473,663,190,1,11969308
13014345ce95681c,156,202,46,1,3520576
0ed5188623bfcaf6,14989,18822,3833,1,794557060
130e3d23569b60ac,74,76,2,1,844374
12e7c3cc990462eb,950,1171,221,1,30176049
130ef4f6d3da2d94,269,294,25,1,2988245
1321cb66c4a1fa38,98,129,31,1,2413505
13268c5d6be07504,215,228,13,1,2617378
132512345b67c3c3,308,366,58,1,4481296
132d34c57093be3a,167,217,50,1,6941425
133f3fda3c12714c,214,228,14,1,1741554
1340e20fb97388ab,94,142,48,1,2646003
134c7b030825f679,122,180,58,1,6259897
130575b3a43dc05e,1481,1926,445,1,56342692
134d9ef2610f8826,35,49,14,1,535639
130f97ed085ff202,1569,2191,622,1,57848463
135c074997766412,12,14,2,1,172265
1355dd6b031b9f0f,84,116,32,1,1574085
1355300fa55f8e7a,204,215,11,1,3659810
134b9f6f3efcb00e,965,1290,325,1,29393833
134716eb4b6854dc,1863,2451,588,1,55776993
13702f6f8782c4d5,3,3,0,0,115924
137627f655fa8d93,103,137,34,1,1416076
1372eb0c2fb2c402,181,187,6,1,1647669
13629cc055101e66,114,166,52,1,1958081
1390a52b5c57565d,10,13,3,1,231441
137e24e6e6ad7746,73,94,21,1,1909273
13b0bc8d6bf3b564,7,7,0,0,107340
13722cb4d7b37d4d,102,140,38,1,2176902
13b7c4111d82dcd1,20,24,4,1,852939
138d13711c598118,117,158,41,1,2996619
13b6b3266c0a250e,26,35,9,1,1252387
13a5d1be74116028,199,211,12,1,4674803
137f824701646e2c,260,302,42,1,7168147
13b57eec6c55b4b1,43,54,11,1,6632209
13c3cfbf6cd397d2,210,272,62,1,7858306
13d564045efc15e7,4,6,2,1,151234
13ce41e5305fea4f,297,328,31,1,7803579
1374e48b74773971,586,754,168,1,18508196
13de8a6485f41556,45,51,6,1,930389
13de27563619e4d5,272,297,25,1,2686641
13e7690ff032d431,95,125,30,1,2668577
1387be037f7b7259,2010,2637,627,1,53887090
13e0060af60b6503,926,1351,425,1,26856076
13efa61fa6986da6,46,57,11,1,557046
139ad4c79782cdca,2405,3098,693,1,54873918
13ef33bfb4db224d,949,1353,404,1,27303057
140e531b85fa9158,746,921,175,1,10535691
1423bd7d898dc5f5,114,161,47,1,3203177
142271a3269973ad,398,492,94,1,6752409
142f7730314322d5,74,104,30,1,2573394
14327fbb39d86373,281,309,28,1,2832861
144429f1a729937a,98,132,34,1,5698017
145a99f5e9936b27,45,51,6,1,568318
1441a99a53878259,600,818,218,1,17298797
148fb73f8953ef0d,5,7,2,1,161945
13d963762ddc3bc4,4316,5771,1455,1,121745408
149029a80dddc1a7,261,336,75,1,10613305
14acc3022d35e624,41,58,17,1,952445
14a850f82b741c97,197,204,7,1,2035944
1237a275ae343af6,2478,3673,1195,1,472853690
14aea5c2cef4ba31,269,335,66,1,2943736
14b58ec0970b2b9c,39,49,10,1,768934
14c3121fd5ec68ae,290,328,38,1,2638531
0f80ea7bfa89093b,14351,19447,5096,1,1009665550
14b3fa28ad31fdd5,506,625,119,1,8639584
14c328aee2383588,353,449,96,1,5049452
14d6491ddeb0d4e7,405,476,71,1,5080180
14d07f4f9d10c991,322,389,67,1,8566218
14c8c69677fceb5a,758,966,208,1,18802038
14e5d382f2d804ee,279,315,36,1,2827609
14eb2277fed29c3c,61,79,18,1,2258962
14fda58ff73e1718,15,22,7,1,713192
14e9942686508602,440,497,57,1,12954816
15040def0d56e17b,26,38,12,1,891797
14f28404e6df05b6,454,638,184,1,17652391
1355a245632305de,6719,8855,2136,1,293741349
1515244cf27672a8,83,112,29,1,2563719
151b3a55f6253e20,10,13,3,1,988305
14e6e1bb34aff13b,1314,1852,538,1,49798468
151d6049f975c28f,277,321,44,1,7823730
15162072c8568039,741,1037,296,1,24570337
153f7a764914bd6f,119,123,4,1,1383048
15462cb17f4fc92c,283,338,55,1,4984397
154dcc20cdad4848,513,695,182,1,18401760
153101a3cd099610,1327,1822,495,1,60597392
15569b3934b13e89,526,729,203,1,15535939
1560d3843b300ed7,64,79,15,1,3241787
156512b840f99057,310,339,29,1,6883079
156e1611b43ea087,214,246,32,1,3925546
15787bdccb24dc6f,248,278,30,1,8273576
1570f982b1261492,761,1066,305,1,32491188
1578bf5a797f1f68,1301,1691,390,1,35237835
158870b323d5a1dc,37,48,11,1,908858
15957e66e836b96a,7,8,1,1,172142
15999610c3347930,85,111,26,1,2791768
158975b25dc0fd1e,502,617,115,1,11700721
15ac8c6db266716b,20,27,7,1,482523
15ad13e14fc91925,30,35,5,1,561668
11d6899c26fc4f8e,15618,19077,3459,1,762480840
15b690f5f29b5bc5,29,39,10,1,892926
15b7f029cb39a253,184,188,4,1,1737096
15b01c26ef5ecd48,679,958,279,1,20784018
15d2f7cf41c26b68,83,120,37,1,2526924
15c43c64f8fe4813,438,463,25,1,12505575
15dd7eb6f6b112ef,75,91,16,1,1368591
15dda0f299af2e8a,285,338,53,1,4709851
15e069fdb4bffe86,936,1287,351,1,30667233
15f1cd9b5d9d67dc,266,323,57,1,9334630
15e3060d98f88cc2,894,1238,344,1,39345928
15b54e1e92008b35,2438,3162,724,1,102811926
1611919b065c039a,2,3,1,1,152780
15f003b86075fc56,1814,2351,537,1,74458222
1623002b969b399a,530,709,179,1,15376285
163d31c6d2704ef0,5,6,1,1,137302
1620142436357d30,593,771,178,1,35642261
165629cc2300b87a,95,130,35,1,2852048
16686bbb5b04ca57,3,3,0,0,86001
1664f02f5af093d1,2,3,1,1,72246
165c011650796451,101,134,33,1,2588575
166ccdc271703f9e,52,90,38,1,4533620
1672dcf29253f103,59,91,32,1,1977166
1615341255fe6935,2623,3563,940,1,96977883
160410d0b04b92db,3498,4615,1117,1,142826134
165a4dd40f7ddb30,1740,2330,590,1,54767863
169e4fbda46441c9,38,47,9,1,1301607
16a4580f1e068db8,293,335,42,1,4454886
1695528bbb7fbff7,236,280,44,1,5558295
1686741c06842051,643,785,142,1,14702299
16b08f48d4838761,269,308,39,1,9207863
16be2ee4bf30e228,79,105,26,1,2772514
167252647a5bb1d7,2321,3185,864,1,83723460
1689d454a6c574dd,1302,1693,391,1,50831311
16b0f08dcc4ea2a5,1141,1611,470,1,36735386
16e14ad78ede7738,37,49,12,1,1203348
16d258a581adf691,182,188,6,1,2484355
16cf68ad586a6ec1,208,212,4,1,4952631
170a77f3c3f565db,181,186,5,1,3214800
16f6de5a409f87eb,74,103,29,1,5247120
1679d8e2113d7bd9,2845,4010,1165,1,131290068
16fa027a410fb860,264,294,30,1,6998772
16efc1d1358215fc,272,303,31,1,9814396
16dc5c2b616581df,149,225,76,1,10870008
17004c841075a1bc,319,369,50,1,10651831
16f8498276a404ea,284,347,63,1,12080213
17029cda5db8c768,293,332,39,1,11912558
1711556ea079dfab,286,362,76,1,6416951
173a395b28803ee2,197,271,74,1,4304853
170986b0df7a0219,898,1176,278,1,24110412
174dbf4ee18ada19,7,7,0,0,128568
175222c5fa15b757,100,136,36,1,3785505
175dffddf0f465c4,120,148,28,1,5994544
1755c52e47328aae,481,592,111,1,13504764
177bbe3abf3f8629,18,22,4,1,637789
173cc97ad0055b86,1136,1617,481,1,44006088
1771c224a7a0b6a2,450,612,162,1,12555706
177031b32442447e,653,800,147,1,19051749
177672cd18f2107c,460,581,121,1,16663603
1735c8e16b335adf,1758,2308,550,1,56327503
1789c2720af28070,261,304,43,1,3995042
179a412be51dea15,7,13,6,1,281641
17a2a206180788f5,170,251,81,1,4167763
17b5286a7270aacc,781,1008,227,1,16864819
17cc71c40e321dc7,17,24,7,1,413470
17cd993ddeb6cc85,83,116,33,1,3544563
17f9d8d87a13093e,4,7,3,1,583631
17ef927f0c1ce4f4,91,121,30,1,6381227
17d86eb2685c0b3a,78,107,29,1,6985854
17e293ec74cbbf88,104,134,30,1,9763731
17d7fe6d14b68066,120,144,24,1,10125434
17e323147fd6f311,99,145,46,1,10045328
17f951ea2124280e,133,164,31,1,6557817
18004f4390a49ffe,271,328,57,1,5464177
17b30e155102604e,2873,3936,1063,1,116042250
16c1d6871f005465,7105,9332,2227,1,335963204
17c6302346c9a638,3955,5282,1327,1,166621837
1857e99d1e362df0,64,79,15,1,2304856
184a2befbb4eb78a,193,201,8,1,2753252
183e2159dbe71ad9,90,128,38,1,3896375
186a318225249ee2,83,110,27,1,3253227
1871a64e439e1579,32,44,12,1,2062938
186ce733f4002eea,65,88,23,1,3827568
18613ec81e24a664,194,197,3,1,5902702
181d25a732cc90ce,157,215,58,1,9078967
187035498ac9a934,94,132,38,1,6511141
184d3eb863633db9,201,262,61,1,10335984
187d5c8233d155e4,255,282,27,1,5700406
1882346cf92ef76e,249,301,52,1,5587580
1877abcee02d029c,238,314,76,1,11010385
184fba6f3613cdf0,603,790,187,1,17247108
18a96ec09de0b70e,213,223,10,1,3871844
1833cd16017aa0ae,437,605,168,1,20167357
188dbee89ff08b61,455,638,183,1,10870803
18bafee7d4c37a7e,509,621,112,1,6137729
1876042d10ee828b,457,593,136,1,18188959
18c7472ae637382f,59,93,34,1,3418946
18398e9543b39d29,972,1341,369,1,32901774
189a6f401a098005,1268,1758,490,1,30618630
18dfe5c731c71492,4,6,2,1,90352
190073d94e3d7898,17,27,10,1,517990
18f29f508f382e45,65,83,18,1,1897878
190467f0f650b54e,255,289,34,1,5364559
190eec04f86033a8,291,331,40,1,4866234
18762d4d9910e2f6,2220,3029,809,1,89904421
19196b9680503e72,45,52,7,1,2113942
1907ac4745b4cf5e,444,601,157,1,18798239
1917845a54f38985,267,287,20,1,6771883
192b052bae4cb1ba,199,214,15,1,2215082
192a79955a7e4e79,263,295,32,1,5750854
19431c9cbaed014c,31,38,7,1,568389
193c5341610c2727,73,76,3,1,778038
193ba28022877e4d,24,38,14,1,1079653
194102c64a76254a,128,175,47,1,3403161
193d60a20b9d1926,108,154,46,1,4260385
18e98e9d46f6e452,2226,2918,692,1,51844886
1911ab0d6bc78abd,1132,1582,450,1,33976520
191d2b4ee914da13,1393,1760,367,1,27992316
1954692fbb0a2af8,81,119,38,1,1016449
19559b949a51c3f0,315,428,113,1,12187633
195ffa9a5c24a344,323,493,170,1,8490131
19791ebbe53e8802,2,3,1,1,104614
19356d3cc1593536,1583,2103,520,1,36537161
19768b0515062f12,355,475,120,1,13385741
198a617f55285fbc,37,54,17,1,787699
199391e2d193606a,106,158,52,1,3316364
1814a95c354b1aa8,4911,6350,1439,1,211962875
1996e344db8d1e91,336,383,47,1,5004420
199bb52cea57e7a6,3,3,0,0,92907
19b4feab4f8d68f8,8,13,5,1,285136
19b55f910dc346a4,265,288,23,1,1878017
19b0085c4dca95ef,92,132,40,1,2243517
19b9ba487bcf46e3,112,156,44,1,2650069
19cb65055ad35424,37,49,12,1,938081
19855611d5bd1835,2267,2862,595,1,57799425
19ab7db693a62c24,791,1039,248,1,25459234
19b592bdf7d7fd4a,931,1183,252,1,21878299
19988773463cfe09,928,1387,459,1,58003387
19d6930f4de42095,26,31,5,1,667801
19da0a4fd12651cf,117,123,6,1,2233778
19e6a583bc1759cc,131,171,40,1,6566450
19f8e4bd896158d7,63,88,25,1,4855309
19b3a7d7c0bf72e9,1554,2198,644,1,50701352
19de7f98ad24e8a3,612,839,227,1,13755442
1a06ab4e664dfd92,92,132,40,1,1520766
1a14b937abbe3ca6,29,40,11,1,975151
199560302a0013fc,3049,4268,1219,1,93623487
1a187c1b20ea6af5,82,106,24,1,2157658
192b739960706b85,1820,2720,900,1,211387893
1a13f5a399a966ee,435,511,76,1,6996026
1a20402b25037aaf,268,304,36,1,3410312
1a23b593260391ab,76,101,25,1,1865105
19d547c8132fbcec,2237,2918,681,1,44702028
1a2752f2315d6a1b,345,391,46,1,9779238
1a20d9f9e169e64f,684,873,189,1,16759172
1a2989a37c1eb2a2,343,404,61,1,10677042
1a3c8a4b431983ba,3,3,0,0,97436
1a445200e641a216,27,39,12,1,1847238
1a4da4a196215900,91,124,33,1,4344007
1a4d72991ef52f3f,152,167,15,1,4592265
1a4b4e86d97e3c99,107,156,49,1,6385692
1a40c0caff2dabd4,311,349,38,1,7062075
1a2f88347f584cce,757,966,209,1,25428471
19c346719fc6132b,3259,4282,1023,1,118628019
1a2acce3d260a16a,1368,1946,578,1,49593680
1a3f7a5e376f3b49,926,1351,425,1,46401301
1a591469a7d6a6b0,392,450,58,1,13438332
1a75b74835191e53,130,170,40,1,4657763
1a7dc40d054ea16e,286,328,42,1,3412666
1a91a1bb42b67247,34,48,14,1,1955097
1a4fdcc9973fb753,2161,2865,704,1,75739970
1a9db686dc0a2c04,5,6,1,1,170952
1a9ae9c8bd26c2d2,29,40,11,1,680426
1ab66c265138f2b2,95,133,38,1,3309530
1a98eb21f9043770,1228,1376,148,1,24177547
1aae1cf2f1f67196,727,864,137,1,9813475
1abc7bfda52db875,416,533,117,1,10966312
1acb4dcbaf0d762a,86,120,34,1,1614870
1ac68c81017fa4a9,86,119,33,1,1598444
1ac509066a7244d8,685,964,279,1,14748473
1ad553f8988bf09a,9,13,4,1,241719
1ad473e13cfe0be4,141,204,63,1,2863907
1ad07fbdedab3c41,101,154,53,1,4573113
1a5f3046a5369524,4212,5526,1314,1,156694106
1acd2f9c886e5a70,432,620,188,1,17292948
1ae025fbc96ea8ba,93,130,37,1,4087680
1ae1a7deabace0ba,413,507,94,1,12665700
1b05c98d3f749a0b,91,111,20,1,2755894
1b0abe08e2ef7d2f,440,521,81,1,6894854
1b17273c3d9e138a,252,277,25,1,3669474
1b1c5c629c301e08,271,324,53,1,9842555
1b2b02fdeafa81e5,270,314,44,1,3610884
1b0989467fe59595,892,1130,238,1,35132326
1b206eb19fd169d4,339,400,61,1,10149812
1aed81efb5d03e02,2083,2687,604,1,70665401
1b48762dce3c1069,10,16,6,1,533658
1b33518534e4da02,1159,1625,466,1,35600264
1b5f3bbd0e8e3955,133,171,38,1,2698804
1b5a879c04eaad51,256,276,20,1,5370556
1b57cb7fcd676da6,713,963,250,1,15160517
1b6e6313e74caca7,204,215,11,1,6764818
1b5797397d252225,677,873,196,1,29037939
17fd2cb4b2577f2e,13775,16847,3072,1,720928031
1ad7d230fe21e388,3275,4326,1051,1,136434081
1b8849810bd852ae,2,3,1,1,97886
1ac4815687f097ba,4303,5628,1325,1,176852200
1b79c38fb1af9a10,680,808,128,1,13724153
1b83a8c40a8c5b4e,469,662,193,1,13368702
1b9502abb9dffd4e,190,252,62,1,8806174
1aeeb7ffc8a9d429,3229,4499,1270,1,144702714
1ba5546a2716a136,94,127,33,1,2335666
1ba868e0d7598849,252,289,37,1,5267653
1bce06e41d171559,342,399,57,1,6054738
1bbe1aaf60486549,878,1167,289,1,18930908
1bd966b4035038c7,186,196,10,1,2851092
1bf813d817125a05,291,332,41,1,3898477
1c0ed7ab31cb0db0,5,6,1,1,131889
1c02ee3d350d6d8a,349,406,57,1,5962925
1bfaf9300559e6f2,457,635,178,1,12450686
1c1a0faf4713f98f,117,151,34,1,3660059
1c1bdea74ec4974d,744,935,191,1,15034247
1c2e8407e503eba7,60,90,30,1,1465727
1c1313d46d11d012,895,1206,311,1,24213758
1c396c70109d13a5,236,247,11,1,4533784
1c3973a96305a565,228,313,85,1,8058827
1c3d76497b712789,266,331,65,1,6473381
1c471cee16d6ab87,2,3,1,1,116708
1c42faac7c5c206a,80,111,31,1,3882180
1c5218c7d75c1e8f,107,146,39,1,3467501
1c497c912be889db,355,458,103,1,11352792
1c340a1087952336,1181,1542,361,1,37108922
1c3f8bbe683cd5b2,583,740,157,1,14327688
1c5904a46c291e72,8,11,3,1,770692
1c5bfc6a238cff1e,261,293,32,1,5124672
1c542cc8eb7f18ad,449,664,215,1,18507255
1c6445d18b896c4d,242,296,54,1,5135491
1c68899bc2b6016c,142,161,19,1,2603855
1c3c0cf70f2feb5f,1280,1780,500,1,45036438
1c6605c96d65c799,486,656,170,1,17220728
1c532f7aaea182ed,941,1327,386,1,34797081
1c831533c99f8308,120,123,3,1,1222339
1c7b0203bd0e56b7,299,347,48,1,7856698
1c8f25aa91b88d1a,252,267,15,1,6990827
1c9c14f2c66a0e6a,257,289,32,1,3644298
1cafc7ad9f13f9c2,44,59,15,1,3064774
1cae79b31b34eec8,206,226,20,1,5003223
1cce861f4fcdb466,4,6,2,1,171932
1cc72e845d8b6fe8,267,304,37,1,4262978
1cd7987c82fe211f,126,162,36,1,7506789
1ccde58ab4e458d5,495,611,116,1,14034359
1ca7d9036d7f007e,1382,1778,396,1,42132897
1ceaf2f279c8f9f4,98,128,30,1,2920037
1cf2b736bfc7c315,145,195,50,1,2896009
1cf5e2b8460c3b87,141,187,46,1,3561026
1cb8633b3954f602,1536,2035,499,1,44029278
1cfe492d9029c07d,340,401,61,1,5951272
1d082491b4be02bf,4,6,2,1,144597
1d264e5e92c8492b,5,9,4,1,193590
1d258737bac49b3a,78,109,31,1,2040359
1d004588a2e8f4a8,1004,1328,324,1,29084057
1cfd139c5ca8c3bf,3386,4528,1142,1,98503425
1d3f5386a595cf6a,21,35,14,1,720647
1d595b732251e93a,22,34,12,1,1038647
1d404827f72fe719,32,45,13,1,1343342
1d505128773e7074,26,35,9,1,1090774
1d4c9553492afa32,214,228,14,1,2455920
1d3813ae420a6064,298,346,48,1,4973401
1d64fa52a2bf42c3,302,337,35,1,4377464
1d8ea9cbcbf7febb,5,7,2,1,119842
1d3d93942c5a7feb,321,371,50,1,5352786
1d3be4ef07b99eab,175,225,50,1,5917826
1d8f7dcff2c1e5c1,24,34,10,1,621763
1d7c889ad9792065,161,209,48,1,4050048
1d5a4f2319b1dacd,311,378,67,1,7498178
1d67e227220ed82b,328,393,65,1,11563883
1da45a6f302374a5,289,373,84,1,11877337
1da673eb51fc0690,435,518,83,1,8250577
1d87c3d4fc589008,816,986,170,1,24190565
1d925c4ab146ed48,764,1010,246,1,24899637
1dbf475bebdd2ef7,53,78,25,1,1651232
1dbdd1aaf9f87d00,261,288,27,1,4306274
1d904dbb0fa91dc4,728,985,257,1,29293113
1dc37b5353605eba,25,35,10,1,752076
1d488d8b62ac4967,647,925,278,1,36299556
1dcf3e268042309d,84,121,37,1,6806600
1dd1f3faf073c05d,80,119,39,1,8150202
1dd88f8594bd9d1f,29,39,10,1,3337971
1db58e43133f2e61,437,546,109,1,20614024
1dc8d516bdbbe580,197,264,67,1,12152559
1d5a77872f3050de,974,1428,454,1,49064541
1de232a101e40b3c,193,206,13,1,3005696
1de5ffead761c746,253,277,24,1,4121360
1e011345569c51f5,28,40,12,1,765854
1e002d65e0b17da7,158,228,70,1,4904227
1de012296a70906d,286,348,62,1,10671510
1df12170873b87c6,452,551,99,1,8120739
1d7169457420a23d,1190,1677,487,1,57526265
1e171c75fd1b4ef2,223,237,14,1,3917073
1d6576ca9b6ca503,1514,1913,399,1,57289334
1e20a18e17ec445e,183,188,5,1,1607305
1e23769f40e592e4,263,283,20,1,4231655
1e257d00334f87a5,246,300,54,1,4168025
1e2a8b3b77e871af,96,126,30,1,3143169
1e28162f1cae6d91,405,571,166,1,9715379
1e374923f6be9d2a,83,115,32,1,4241480
1e37898c3b9dcc79,212,226,14,1,4793638
1d929b3c9118ddbf,1603,2064,461,1,73486415
1e2a92108be356d6,476,599,123,1,14811433
1e4d22dafaf376de,2,3,1,1,66863
1e3c032d54e7a4e0,140,190,50,1,2856407
1e0ea5922011f717,793,1052,259,1,29924755
1e5369ac7601aa4b,24,41,17,1,611587
1e611dd5bccc0699,100,128,28,1,2715632
1e22ca8b51d7ceb9,721,1000,279,1,25133079
1e5b180b6cdbb148,198,265,67,1,4478325
1e18d3977b63a5c6,971,1201,230,1,29012829
1e8d72e9d441dfb4,3,3,0,0,59222
1e785a2fa171199e,81,116,35,1,2212528
1e8a71d00a703ec4,254,284,30,1,1951408
1e36e5e6b9539f04,621,736,115,1,17058648
1e98e8344236440b,146,217,71,1,2105991
1ea53cd49c493268,2,3,1,1,35593
1e8d388b218cc4ae,239,267,28,1,3001656
1eb9301bb554673e,28,32,4,1,374927
1e43566025fde677,477,658,181,1,10789733
1e9593f13d939a8f,171,224,53,1,3874616
1e8fc137713ab326,352,438,86,1,4440387
1ec5dce0d2a20840,268,344,76,1,7691262
1ee51f88f52c1472,79,94,15,1,3067600
1d9a3362286ca51a,2371,3038,667,1,93815905
1ed43d4967a6858e,397,465,68,1,11552939
1ee879bc3428ca67,88,119,31,1,6997566
1ebe6096695b29a4,480,639,159,1,19210879
1f0a8143a4905eb8,63,89,26,1,1817564
1e4c548d7351ee66,977,1296,319,1,32808952
1f038a42f745f2b9,288,351,63,1,7719238
1f2cae56df06fac5,158,168,10,1,2082890
1eb8ec1c79f6ba8b,648,895,247,1,23796247
1f42cc73d9032b6c,44,62,18,1,1156009
1f3ad3c638ce582b,78,109,31,1,1876810
1f459090f6822f49,207,228,21,1,1859871
1e9da54023d1b384,788,1023,235,1,26992959
1da9733351888ded,2480,3275,795,1,96689380
1f117d5e3e79ea19,588,719,131,1,8534739
1f66458dfdbe0470,34,47,13,1,721199
1de1cbed8a4ba92c,2207,3008,801,1,72441952
1eccb77df9f0056f,2359,2949,590,1,54914577
1db9682b8cb928b4,3053,4238,1185,1,116731297
1eed0522afa594b9,2458,3084,626,1,50094553
1f7e6f0aa9f61189,286,330,44,1,3737947
1f903407b7ef4602,47,51,4,1,2367052
1fc4c6ef1ae6b40d,8,12,4,1,270679
1fbaf4e1898bd5d6,173,249,76,1,4597598
1fc5707879e09bb1,1,1,0,0,52775
1fb7f59dd9a3b423,1149,1490,341,1,14606841
1f9ae1d0059d0749,1478,1894,416,1,36199801
1feb2406bb43d913,196,201,5,1,2273196
1ffcab1c978f002e,111,153,42,1,2486673
1feab50ba42b06ae,436,634,198,1,13157819
1ff10ad2aeac86e0,902,1138,236,1,22372610
20074925263c33a9,104,138,34,1,3698504
2012a0b3bff6cbf4,266,284,18,1,4061450
20141e31b2e27a5c,187,226,39,1,4013147
200a3eda28b067bf,247,275,28,1,5360792
2022e64155de15d2,17,22,5,1,419744
20114af5faf9b29c,186,248,62,1,7724810
20231a42bf4f5ab0,107,138,31,1,4067804
203421747c366b0e,61,77,16,1,1672742
201c53c33e876a38,343,389,46,1,8752378
203452c4062ade6d,191,199,8,1,3136877
201281fe8f90777c,666,940,274,1,13562216
2035539f4ff7ad2c,207,234,27,1,4778385
204128716e5d1c6f,186,195,9,1,3755379
20362a612b9f56a8,206,214,8,1,5486061
2049c92e78a47a32,190,197,7,1,4503478
201c947d01bc44b0,514,641,127,1,14160851
2055c4a4d393d0e6,32,49,17,1,3089116
204667369c32dea7,216,278,62,1,12930567
205a44b3cbf2281b,61,88,27,1,4257295
2022fb25c98c03ed,706,869,163,1,23074858
20632b76fdb3d140,2,3,1,1,51388
20076de9a7651ca6,785,990,205,1,32822374
20617def5c7ba7ee,240,341,101,1,3720597
20542ba988fbdd1b,566,707,141,1,12037165
205ac877335262b4,830,1087,257,1,15538553
200b00603b303afb,2047,2600,553,1,49468763
207b67bfde4df60b,184,193,9,1,1212193
207cb5f89639b6e2,415,498,83,1,4631162
208657357331fac9,99,130,31,1,2230423
208d6e7b62761425,10,17,7,1,325043
2086ef704ce4c40a,319,412,93,1,11709646
200fdd05d7995a54,2753,3576,823,1,79248592
209ed0a9b6587c48,97,133,36,1,2459986
209fecb1fd05d831,305,337,32,1,2762480
20b9336e4fdac4e5,295,397,102,1,9244926
20c0219a1caeebc2,28,40,12,1,834599
20c00d0260ecfaf0,105,127,22,1,4372204
208d1aa0cf00d7ab,1739,2150,411,1,53673781
1fd61c5f8c1ad26b,5155,6476,1321,1,191542977
20ca177e8d268337,192,198,6,1,1792635
20d0437d9e59b138,76,103,27,1,2384692
20d608b8c5533980,317,348,31,1,2474702
20c54e6e7ccc7f8c,174,226,52,1,7296263
20c84fbc20038202,299,421,122,1,12802252
20e67ed11e240a35,330,471,141,1,17529575
20eb19edfcd783ff,449,641,192,1,15895716
20f4633af87283a7,133,186,53,1,2690644
20fe710984dada3c,101,138,37,1,1615920
20ee254dbbb1d9a0,531,737,206,1,11198784
20e6396b9e9c96f3,860,1190,330,1,23280294
21063383ce9e174a,160,179,19,1,1542560
20bc7d478ec64986,1924,2499,575,1,55417175
20cd83c286d0f60c,1416,1778,362,1,35756116
211febcf5d491553,10,14,4,1,221659
211e175fcdb265a6,116,168,52,1,1928333
2108d826d753cba0,363,430,67,1,9197406
211223df3ca3f067,648,859,211,1,9904246
211213d106d64e9f,778,1116,338,1,13648261
2128960b310281d3,419,503,84,1,7169175
1ffb6a07f55d4454,4126,5504,1378,1,204805640
2105d6a0f50287e4,956,1353,397,1,27840984
2136921af4c0fc9b,227,237,10,1,2460257
21371d109ed0f685,98,134,36,1,4024120
21444cb3e7f0dfe4,39,49,10,1,1561303
214519136ada6118,142,192,50,1,1997217
2140a21f4aaea4b3,202,214,12,1,3109931
213cee7809a5a08a,837,996,159,1,11330381
2135ed695c50c8a5,811,1135,324,1,23938169
21592ecbeb76a896,92,125,33,1,2276741
2156f8ea4629e636,618,886,268,1,11005434
217414fc2703ae4c,32,40,8,1,393098
216eed9a7d5d3e12,295,340,45,1,2371686
217aff294543e547,702,935,233,1,18119729
20ba390435fb86e1,4615,6194,1579,1,161138665
218e30bfae672dd8,26,35,9,1,449798
2186bc15ad6ab26a,99,129,30,1,2622552
21b02bcc3fc69fb7,73,103,30,1,1692316
21b30fc87633e891,265,291,26,1,3834655
21c662b742c461b3,3,3,0,0,87216
21941e59de825c05,757,1034,277,1,21738701
219de3690c967351,1082,1401,319,1,22038131
21a4f6e27ac646c1,1286,1540,254,1,27940759
21df5788dbf64f5f,296,328,32,1,4143666
21eec5f16eab9339,289,322,33,1,4712628
21ea0530a8e2de68,588,719,131,1,12380742
218a0385859b5989,1779,2336,557,1,51677148
2200ffd489382c85,216,306,90,1,5197710
21fd17cf8112f564,584,802,218,1,15985169
22016c7b670ac46a,217,346,129,1,6319233
22277707d0fedb08,26,38,12,1,643137
222f901c3dd2a97f,140,164,24,1,4934166
223614ecee4a346d,87,120,33,1,7511062
223226888b6b5a9f,415,529,114,1,14561037
223d4e65ee9393be,297,333,36,1,8698123
21ff1ea6a4bf16fe,1722,2199,477,1,47230155
22377a904e210890,473,643,170,1,15825108
22445b44223ee705,333,463,130,1,4554012
224734dae9a9060b,319,364,45,1,4154772
220c453cbd5a562b,1267,1599,332,1,46907058
225fa2891e8caadf,103,133,30,1,1546968
2256f2d60ce42f4b,316,454,138,1,5155966
2263261e5691000b,139,198,59,1,7325932
224cd8e67e614945,1700,2144,444,1,42825195
226808dc56c2d00e,213,221,8,1,1298697
22b39d7bb9186ac0,23,37,14,1,911735
22c14ee6fe498293,103,134,31,1,1400880
229a08dcc3333aed,187,194,7,1,1902140
22925a110f587a7b,204,217,13,1,2238955
22c51c591467bae6,196,211,15,1,1097807
228e511ab6ebc153,261,292,31,1,2882008
22a3dc6a878fe334,340,403,63,1,14034370
2176b7df72f43df4,7053,9232,2179,1,238085156
228665b66ad244d4,585,813,228,1,21446683
22e1631e5ba48022,294,336,42,1,4076715
22e62e650a854ba4,223,273,50,1,4843935
22c75a5584dc8444,924,1150,226,1,17527880
22c1e05337d161a8,986,1322,336,1,32567753
225796075adfcd6a,3311,4561,1250,1,95818469
23065fc9e705b2e5,264,297,33,1,2022830
230b5716f9707300,73,101,28,1,1860178
230c5fb9b3c7b787,104,146,42,1,1810794
2300d0ffaa9d3b5c,304,451,147,1,7931240
23158c37d34b9fa9,4,4,0,0,105670
22f242844116a3bd,905,1268,363,1,31168478
23280ca4d9c75023,194,202,8,1,4016212
232dcfdf3e40232a,463,565,102,1,5892975
232868c9864f2273,533,738,205,1,10371799
233c8a7aaf887eda,48,64,16,1,1134452
233a33fa8cab96d0,254,283,29,1,2459609
232eef440091617b,606,786,180,1,17843015
235561ae4edb7bee,251,310,59,1,3757757
23508b3a0db321c4,479,589,110,1,5097155
2366d2e8dacae3f4,43,51,8,1,852626
236531aec4fa698c,85,116,31,1,2238777
2379008b91fc5004,3,4,1,1,144912
238cdd5313c6c123,182,187,5,1,1239077
23945d748e5a9c8a,290,333,43,1,3271562
23aec84d95f679e9,39,49,10,1,1106732
239b01f702c82616,181,187,6,1,2844266
239d746f1231011b,328,392,64,1,4779854
23a353f68be0c35f,258,280,22,1,5261359
23cae30060b32d34,333,401,68,1,4415385
2397788ce334ac56,758,978,220,1,29753772
2262290e182e44cd,4798,5956,1158,1,255129917
226e0033dc9ec3b9,7258,9529,2271,1,348989230
23f7f741520fea3b,21,27,6,1,422159
23e6c3f26bf32921,69,77,8,1,1212645
23d13a9e1a98d3d0,184,187,3,1,1498546
23fdd57df983e3ac,51,63,12,1,925827
23d23b22314f692c,192,206,14,1,2230513
23d68953e1f0d953,108,153,45,1,4126501
23fb0cda70e0490b,94,127,33,1,4075205
23ee6e5957934056,226,255,29,1,6411494
240f2dbc4f520dc1,257,292,35,1,7452732
2417da761371f43d,293,321,28,1,8392760
2431405809b02fc1,91,111,20,1,3328997
2428ee817593331c,287,338,51,1,12722514
2435b8f286b9386f,247,287,40,1,8692407
23f999e89f71fcc1,618,743,125,1,23555821
243489dbdc1b9841,271,309,38,1,4017790
244e5f0a0cd173e4,10,12,2,1,204659
243ef2f3d73dfe51,337,400,63,1,5766567
2419b5d1b1b451c9,783,1033,250,1,21116991
247587a69e63ce22,38,49,11,1,523250
24176ad05d9cbf56,462,623,161,1,27626984
242765dc7c7c902d,531,761,230,1,24921262
23d2d927af91ac78,816,1041,225,1,30000822
247baa18702f32d6,258,277,19,1,1850830
248132759f8adc57,44,55,11,1,1638560
2432b7e9f5a265e8,608,810,202,1,19167267
2452721abec4251a,548,666,118,1,6820414
2489ff5d1c3f65d8,99,119,20,1,1303940
2493c1ad21c782c6,44,58,14,1,1654960
241229a93511874b,838,1094,256,1,30696955
24a66e44372ce585,249,282,33,1,2028838
24bfb80f0ef561ed,5,9,4,1,154802
24590c9bc8118656,547,689,142,1,9175017
24c0adc926548678,16,24,8,1,375832
24b0e4248cb0a937,122,164,42,1,2921533
24b6964aa92d4fb7,91,125,34,1,2988822
24b17498d9c8d06e,243,288,45,1,3660124
24b745461b7bc04c,277,325,48,1,2594617
24d20efb57b87ded,114,175,61,1,3036755
24e300f5ace215f9,287,332,45,1,2368661
24f4454ec916465c,28,35,7,1,1452660
24ec1425ae7b667d,201,211,10,1,2800552
2484fc7742bf4279,246,313,67,1,10663753
24ce72c561b7c019,288,359,71,1,8350996
2508696ee2819147,105,135,30,1,3730899
24fd88d00fe72592,103,134,31,1,4602145
250ea17e9b04caf5,110,153,43,1,3933797
251fd8bd6301af79,42,51,9,1,1497984
251f1258ce63904b,183,194,11,1,4109513
23f6182b09006f99,1641,2174,533,1,54854455
247ffa002a2c0838,659,872,213,1,27625399
250afc638beec67b,516,669,153,1,18128644
251ff5888b683625,186,192,6,1,9502809
2532fe127009a6a5,198,264,66,1,4517568
24d6a9a0b020abfb,799,1022,223,1,29412120
25378264b62f6045,135,147,12,1,1375088
25338ea32f1b4e5f,158,223,65,1,3486447
2508858f59afaa5a,888,1264,376,1,32473582
2517c2e0de50f489,804,1020,216,1,28216049
2527b498968a69cc,880,1177,297,1,18521283
25271e5076635612,1148,1606,458,1,28531813
24dc54df9e3e6998,1992,2606,614,1,58806593
254b259f0ee018b2,255,291,36,1,5566274
257ad376e05dd49e,265,298,33,1,7439189
257676949ba2edbe,165,233,68,1,8690529
259722ac43fad060,107,131,24,1,1358687
2589fd79ba1419c9,408,498,90,1,4624388
2579b4c4362fb6c1,494,598,104,1,11908149
2561d5da45185011,733,956,223,1,16967223
25a44785ce7ebd8c,101,133,32,1,1328755
25aaf3fda6144082,200,211,11,1,1109677
246abe7c99400c28,3649,4884,1235,1,135217811
25b7415aa3000c69,272,307,35,1,2035010
25c1de6c6e019bdb,3,3,0,0,37421
25c783646c51af6d,259,311,52,1,4297067
2596b4f66b4932d2,782,1013,231,1,11771098
25d12f8af58e3e17,190,199,9,1,1810462
25876ec5f9210daa,888,1237,349,1,24153116
25c3a29ead62817e,846,1008,162,1,8773127
25e729192f309f54,11,12,1,1,137079
25e2ed29732f7a5f,150,202,52,1,3590448
25ee4dd20f6aa953,189,210,21,1,3143281
25e3f748524258d9,319,364,45,1,4497005
25fa48acb4bb32dd,90,119,29,1,2971980
25fd52aac552f3a2,184,187,3,1,2397819
26020e68a5c6b14c,27,31,4,1,701587
25f8a380aeed4546,277,323,46,1,6853688
25db7050c31e9f80,493,621,128,1,15206391
26040f6abb6f0a54,83,111,28,1,2832656
260286c35fbe3eb0,88,119,31,1,4027413
25ef1e8d644e2199,446,544,98,1,12548276
261bc04447b1990d,6,7,1,1,101569
2618a6d6622fbc4e,62,91,29,1,1519665
26248653c7e8b92e,28,32,4,1,470070
26257abf107be384,201,206,5,1,1785112
260b2e7064beaa02,712,952,240,1,10214948
2571e56ea26195f9,2023,2630,607,1,52075845
260c2e0b10ed38b8,676,908,232,1,14506253
2628ddc39ec2d7f8,494,599,105,1,9304905
262bc55511782709,465,651,186,1,13154210
262c233ff5a7eb07,752,1060,308,1,23664649
25a5b35f4084b695,2210,2779,569,1,70753063
26425d53a32f7141,584,707,123,1,5968299
2658d7502eb525da,118,175,57,1,1981735
2669a57c3daba31e,302,361,59,1,2814568
266c7b787d90ddb7,177,188,11,1,2347066
2670a956135e5167,95,138,43,1,1754599
267fed51c43fc63f,4,6,2,1,119566
265b33f91434f493,488,614,126,1,9460882
26777a72d22e615e,161,216,55,1,3136542
25a82f7321e81eb2,3101,4351,1250,1,90685172
2691801e1a4cc59a,285,325,40,1,3408984
2695e0e4b4f510ea,71,95,24,1,1412894
2697137dab170e83,189,198,9,1,1117888
2696ac4804615af3,112,150,38,1,2497758
26ae81a3ccc7da71,340,430,90,1,3938395
26c08ec2260a31a2,5,6,1,1,203088
26d8ad841277bca7,2,3,1,1,107868
26dd2a0dc44b26a0,37,45,8,1,414004
26b1f84d2faa57b7,86,119,33,1,1727598
26d374afccaeb71d,74,107,33,1,1948337
26ddc6d909be6c75,274,310,36,1,2184468
26dff4007d8db2a3,424,497,73,1,4193322
26a62ab754b394e9,1407,1802,395,1,37945705
26e5cf673c035b0a,307,389,82,1,5734094
26d6d3915baa89be,475,660,185,1,11643548
26f82a918d7ca472,292,348,56,1,5355499
26fbbc33593a4677,102,146,44,1,2902121
270dd9d0d5ce962f,202,211,9,1,3462073
26f95ad3e9a057a0,535,741,206,1,17489879
2705a99068517ed2,662,837,175,1,11262177
2719a12244be3ec3,5,9,4,1,127075
27195b5348e01249,11,13,2,1,231412
2715f6ff03e8714c,545,691,146,1,6023632
271fb8e9aeec1423,346,399,53,1,5824968
2711df07a28995de,498,615,117,1,7913659
27165630fef1d4f8,412,582,170,1,9571853
24bd4e785713dded,8793,11644,2851,1,336615603
26b0f297e8fb438d,1211,1704,493,1,56183762
273433b2f188f904,333,394,61,1,3440710
2750da0cdc4ea56f,26,36,10,1,1401584
2755cfb60d37a819,292,335,43,1,4799472
273e7d0a28f5a993,994,1309,315,1,23721984
2763b6dcb1b9dc3d,19,27,8,1,241193
2762d6b9e9105234,355,420,65,1,6086950
2732675139424b79,1535,1950,415,1,33072597
274c5d2ee2f1956c,861,1227,366,1,18858257
26af2c1116fea2e1,3511,4687,1176,1,109762274
276360c20a3af1b9,896,1257,361,1,13948050
278869b3b9733bfe,5,6,1,1,89253
277c97a877df29ce,415,598,183,1,9348067
276de779897f1880,687,926,239,1,19174706
278dca90688b879a,183,187,4,1,2599041
2724d7e6ae1b42c0,3595,4391,796,1,92241318
27b1c979c56ad7de,42,54,12,1,1248980
279cc9256b8a2742,83,110,27,1,3526902
27e34827602ed113,58,81,23,1,1477469
27f5680b7ca35999,31,38,7,1,508542
27d59a4809e33eef,91,130,39,1,2378927
27cd672dba2db0a4,246,280,34,1,3006897
27f9c1f8a19eac7d,213,226,13,1,2450649
27cb72c9e438c796,389,515,126,1,6502923
27dc4121889eeb35,561,708,147,1,6426098
27d4d27a99a8adf6,573,690,117,1,6752911
27fe84b5a725674c,297,331,34,1,4484686
27a99437662a3ec9,5497,7216,1719,1,200584858
2823eaba9b5cbde9,27,31,4,1,559119
281386104fa100c6,213,231,18,1,2482972
28139458ae96a3dc,299,337,38,1,2616382
2851862a2101f6fa,9,16,7,1,225891
2836e6cfc5ce39e9,261,280,19,1,2725696
2843278b7e048020,130,167,37,1,2675986
2834c7ac30238ef8,251,312,61,1,6285365
2868b7e32c4d5cf0,92,127,35,1,1997478
287fc74f2d7ce6c2,24,35,11,1,570831
2880d8ba8afb5d47,28,38,10,1,593859
286fca92cad308a4,99,136,37,1,2224224
288c572b7b2311d2,188,195,7,1,1640715
2884854e29273fcf,107,139,32,1,2238885
2891a9de87a64f15,4,6,2,1,142431
2897b8f42d982129,185,222,37,1,2779869
28a7cfbcdda88f62,218,300,82,1,4615332
28a7c39b21d40bd0,144,223,79,1,3205523
28bd7491c3904845,196,206,10,1,1797018
280a826a5f1ab066,719,996,277,1,19171954
28c767b3410158e3,267,280,13,1,3125193
28cd7c0e3c05c66b,100,147,47,1,2432715
28f22a63c4baf19e,27,31,4,1,583528
2859d87f48e88c84,979,1257,278,1,19291331
281911db75d9d63f,1115,1579,464,1,26545106
28e89a872a2053fe,314,350,36,1,6331477
2915fc5ffee48c00,6,9,3,1,226467
291c3e065f01c483,225,244,19,1,4497517
28be720667bb56b2,735,975,240,1,17611555
29012cd4bb3abd67,478,642,164,1,15199671
2933fdf3ed7f743d,180,198,18,1,2370892
2943f99c3f819695,163,199,36,1,2956539
293221b0184bf748,389,478,89,1,13021456
294f3a7f6e982cd3,8,9,1,1,186220
285dd8c542b05332,1524,1988,464,1,43462077
294fe5416b0fad8f,15,22,7,1,255486
290e3f1fafaf506a,802,1035,233,1,26200584
2960488bbb30a06f,190,194,4,1,1645140
294685e82c5839bc,327,396,69,1,8400420
294e21337ee525ce,353,415,62,1,6149588
294fd69311a2f387,575,742,167,1,8139530
296910a625feb4b8,602,856,254,1,8972433
296d14fe6c97a967,1015,1274,259,1,19867132
295f6c595c7f63fb,1038,1339,301,1,22114432
29611245a90e5394,1135,1596,461,1,28754246
293ecb2c79180c79,1763,2145,382,1,56013582
290f4c151bc155f1,3086,4023,937,1,104267459
2539444e4a88c2b7,12860,16767,3907,1,755319438
2786689d47d80068,8204,11015,2811,1,403317722
2999de5b3be1a368,15,22,7,1,547336
2986798dcda4c2ff,25,35,10,1,895424
2983f867b363cbd5,236,268,32,1,4728226
29b9ce740dafec12,86,120,34,1,3445114
297bc0725782c57f,196,206,10,1,4052655
29861ce6ad1ef298,254,283,29,1,5697080
29da1207ff0fc876,53,65,12,1,2140602
2990e6cc29770d5d,306,347,41,1,7038222
29bdb7eeba2f65a6,226,238,12,1,5249659
2980f9a4210af5fc,290,315,25,1,7190287
29e08dd067e93b36,42,58,16,1,914675
2a0e9fb6a2ed6f1c,8,13,5,1,303802
2a0d3220c66ac9eb,41,49,8,1,643165
29fddf3e152dd264,259,292,33,1,2714230
2a242a6ad99539fe,25,32,7,1,480291
2a10b4c2c1974c74,110,156,46,1,2714343
29cbe52cd0df34a9,336,417,81,1,8501604
29df54fc7fa7f90d,474,645,171,1,8027165
2a360244ec6cc56a,36,49,13,1,955830
2a4630e41cfac858,2,4,2,1,81416
2a31fbaa2540b001,359,434,75,1,5931799
2a3a2743e417ef09,253,283,30,1,1813863
2a4b857a6c571aea,5,8,3,1,88885
2a4f74899a39ebf2,34,48,14,1,713219
2a21174f8598e826,628,839,211,1,14536299
2a6fae866d701fb2,254,279,25,1,2727953
2a6c34f878ff107a,479,612,133,1,8118460
2a6a825fdaaa0fa2,645,884,239,1,11769553
2a1fdff5442c1fb7,1062,1332,270,1,20836489
2a821e2ebf34269b,183,218,35,1,2898442
2a9aeddc9c764d0a,309,355,46,1,3487545
2a2c6e1f6e1b2ff4,1207,1655,448,1,23573048
2a80a43b954f7dfb,578,721,143,1,11983168
29a06b87bc0baf0d,1635,2334,699,1,47477752
2a9aa8f40bb935d3,713,906,193,1,24020697
2a8d43869d6ecbe8,689,904,215,1,25996881
2ab28f76a3ad4982,458,523,65,1,4203278
2ac5b75670f47eb0,434,598,164,1,12549152
2aeb2c3f448e4207,91,114,23,1,1555210
2abbdbbfb0236870,998,1252,254,1,20492163
2af20a02644b59fc,121,172,51,1,3020324
2af1bb2eee32314c,605,774,169,1,11119316
2b0123c83c7b1fd4,239,275,36,1,3369308
2af8c47178c8c8dd,669,942,273,1,16542562
2b192b12100b1371,84,106,22,1,3847002
2b1780d1eddfe050,95,131,36,1,4214903
2b2521d047d3e9c6,202,213,11,1,2125874
2b2010139ba71a0d,393,488,95,1,6195712
2b2d9555596d3e82,185,194,9,1,1742179
2b370838fdb27842,44,52,8,1,889207
2b42a599c73bd10c,2,3,1,1,68236
2b37dc4285333afe,262,293,31,1,3023483
2b2d99e6e1fc32fa,425,578,153,1,7722880
2b49099ecf6a5052,116,154,38,1,2312101
2b50bbe143903f67,9,12,3,1,246486
2b520da62c728a43,105,137,32,1,1756535
2aab2e47abf716ad,3374,4680,1306,1,131524311
2b5aec68405bc92d,1042,1078,36,1,10928327
2b41cfb3e9dcecae,1092,1572,480,1,52012062
2b7378cefc43f131,125,156,31,1,1604608
2b764be8219b472e,106,136,30,1,1780214
2b73ba500fae81ee,93,119,26,1,1853065
2b83b90bbb7f68c2,234,253,19,1,2117300
2b9a1001b66a9055,39,49,10,1,559000
2b94d832f65b4e23,184,188,4,1,1556004
2b90125527dd63bb,236,331,95,1,6753095
2b860c3c7730fc24,650,818,168,1,14539761
2ba4db95b9017525,79,107,28,1,1636315
2b7116de82e7e038,1763,2476,713,1,50213775
2bab8992c124b938,80,121,41,1,1891721
2bc01c65bd933706,265,300,35,1,4398820
2bc34fba8181e0c5,292,347,55,1,6962975
2bbc29e890b1aaf7,673,832,159,1,20302054
2bdbcebb24669609,26,31,5,1,314324
2bc9c1b3e9c1dc27,120,153,33,1,1810058
2bcc0ca97672ff88,224,306,82,1,4657074
2bfdaa6e7cd120c6,407,519,112,1,12422273
2c0793e2438b1b3a,357,454,97,1,12727404
2c14e26a38a96594,239,291,52,1,7167766
2c0ea171a97bf5c5,400,502,102,1,16109916
2c214e5def2aaf26,32,44,12,1,2473051
2c21eeca2175421e,244,265,21,1,4643387
2c1e8346ccab535a,280,309,29,1,4614281
2b70292c7536d5d0,3530,4540,1010,1,121032904
2c37d608c4424a1b,3,3,0,0,93991
2c0440aaa7776738,559,817,258,1,33558097
2c3a064a63d80714,118,149,31,1,1886025
2c2f10eaef7115f1,322,382,60,1,5884482
2c41e2488fefa007,85,110,25,1,2610590
2c411e380757eed8,230,252,22,1,3034279
2c41056091437feb,273,293,20,1,4662383
2c4c82857c80c95c,297,339,42,1,3150381
2c4639f284aa6e8d,160,179,19,1,4492495
2c62ad7ad0607347,1,1,0,0,46179
2c210107d3ba447e,1285,1779,494,1,24410247
2c3cad9e3d404c97,646,862,216,1,16429653
2c647e5a965823f0,113,169,56,1,1959784
2c660ca3fb871a23,266,293,27,1,2077135
2c6be0333a59c21c,264,296,32,1,2339655
2c85fd35fa8ad497,63,79,16,1,2569516
2c943d907f66ef0d,461,552,91,1,6582376
2c9118a0420c98ff,533,669,136,1,10484485
2c7df68358884274,470,651,181,1,11894936
2cbf2e0b0daa207b,252,314,62,1,2782365
2cc3392e26e49469,190,197,7,1,1955993
2cca2309e45707ea,24,35,11,1,371348
2cc968e576225269,88,113,25,1,1853552
2cb9dd0d99c0d637,451,644,193,1,10346031
2c6a7062fab2962b,2578,3284,706,1,37990414
2bc1b7a65481b94d,3829,5119,1290,1,144573172
2cdbdf49db7c2571,94,130,36,1,1212284
2a45dce48b70f117,5799,7280,1481,1,483196759
2cd7bb180a76c6ab,1011,1270,259,1,24591969
2cf10cb57e22af1c,185,247,62,1,2392462
2ce8462aa01e4df0,459,653,194,1,10979951
2cfe7ebc281a9bfe,35,49,14,1,994554
2d03966e3f2cf795,73,99,26,1,2128146
2d04e253898960c2,96,118,22,1,2292891
2d0f5ebeee689111,264,283,19,1,2368414
2d176c336de1c454,188,202,14,1,1621920
2d0e6fab907f929e,86,109,23,1,2926182
2d0cbf6b54d44c33,243,267,24,1,3220240
2d0b1e8e3223b876,130,170,40,1,3524001
2d1d96395e4e2386,194,206,12,1,3746908
2d03d9cb23c7d4f2,782,1063,281,1,25198303
2d2973c02a3444cb,90,121,31,1,1742222
2d1f662d86b8c53b,242,345,103,1,8760602
2d334717acb91c2c,48,55,7,1,620923
2d2dd7103a60cd85,58,81,23,1,1298143
2d3704efc1aafe23,315,405,90,1,4056051
2d410c6386455c6f,188,199,11,1,1081250
2d2a637ba815b963,446,529,83,1,5669606
2d21562e7898ff64,629,816,187,1,12784177
2d4b3a2ceec7b92b,76,105,29,1,1293248
2d5b87480f965c44,2,3,1,1,99027
2d5086eed4c4cc3c,370,462,92,1,4162053
2d5afdbdac555359,7,7,0,0,56154
2d29f9ddfb25dc50,1060,1466,406,1,19190228
2d6039096bd81833,87,113,26,1,1033408
2d1f87e35dc216f8,1194,1713,519,1,31505061
2d6ec5a7d1e05643,26,35,9,1,378576
2d7a70f8d6aed148,20,33,13,1,836531
2d7d56ec135c1bc4,189,197,8,1,2763798
2d7b691a2b83fd7a,274,380,106,1,8780205
2d73fbd0ab59e48d,602,737,135,1,21260964
2d81e65cd3b1aa3d,1059,1383,324,1,27386457
2da649629dc0e81d,192,203,11,1,3819574
2daa6b4d74fae52d,367,523,156,1,9790498
2da9b0a5c7238a89,821,1181,360,1,13701411
2dc53dc2681b135e,74,97,23,1,876188
2da5a89c134381eb,828,1013,185,1,16078561
2dc8694397d6685f,163,184,21,1,1835565
2dc952859dc83979,181,187,6,1,1058090
2dad50d10924ff9d,449,656,207,1,16165382
2de10a562231687c,8,14,6,1,262424
2da1819f38c4912d,733,968,235,1,21671876
2dc0ea750bacc7c0,600,832,232,1,11159791
2ddbea0b9cc15cc5,549,747,198,1,8693120
2e04440b800f60f1,94,128,34,1,5368830
2e03e81b3794fe53,282,320,38,1,6017727
2e03bf5a380e2e36,292,332,40,1,6569276
2e17b5a72a0f9d2d,95,130,35,1,5786852
2e0ad7e64ea7e307,191,201,10,1,10735766
2ddf71527b5c2608,1108,1435,327,1,32994904
2da33c1184e20d1d,1065,1424,359,1,67462257
2e2f72185a69aad0,283,336,53,1,4148078
2e4a746c4c7d6017,65,103,38,1,3489882
2df8e5d678b767fb,2321,2910,589,1,78032978
2e450ae4c1e15138,92,129,37,1,4091945
2e503e3bafd7aa9c,1,1,0,0,77527
2e43e809647ec0fd,104,134,30,1,4660995
2e3dbd5e6c30a1a6,118,150,32,1,5044949
2e5197ad62991d7c,94,124,30,1,3206628
2e576efe3973cee7,67,97,30,1,2751912
2e5099373a36e3fd,279,331,52,1,7749933
2e933d4bb6a0211d,202,213,11,1,1721102
2e8b2b98e50b3091,208,217,9,1,2371918
2eb43d3d1c4a3c86,3,6,3,1,93423
2eb378880811679f,29,36,7,1,502279
2eb451102790c51c,103,136,33,1,2301636
2ecb56f822acedb5,5,6,1,1,216294
2e35abad76019e54,3056,4129,1073,1,100476584
2e8946fc797b494c,1267,1594,327,1,34949958
2ed34ebc9d171560,28,33,5,1,498041
2ed98dd3e75e267c,52,66,14,1,1027465
2ecbf50e095ebd94,137,167,30,1,2453854
2edc02ae34cbff29,193,206,13,1,1960995
2ee8b101ee8746b3,271,313,42,1,3897903
2edc4ad1f1905b59,656,817,161,1,8392387
2ec988914967c502,969,1202,233,1,16669826
2e8cff4efa0be8e3,2483,3358,875,1,79937853
2f0b7aeb30e1e4d9,27,39,12,1,591625
2f120bc8e6a6bfdd,83,117,34,1,1715665
2efb5f91dde58bde,93,129,36,1,2806587
2f05c28a631f99ec,231,328,97,1,3090743
2f222b3217238179,109,153,44,1,2084954
2f370d16f944b550,326,391,65,1,7018116
2f43a7d577b7e38b,87,115,28,1,3425958
2f4429c7f4397202,188,222,34,1,1563481
2f4e44fcf0763be9,16,20,4,1,308142
2e62bfd821447a86,4304,5740,1436,1,129698233
2f52c9fda9eace4d,94,119,25,1,2128922
2f5c6d7620a8d8fa,24,34,10,1,387505
2f647c69ffc9d635,99,136,37,1,2027284
2f73313341589d3f,255,284,29,1,2245765
2e54c96f6b147637,5513,7409,1896,1,158255401
2f95dbb00ea7a6a1,35,49,14,1,1663905
2f91951ef361e58c,267,356,89,1,4838000
2f9e4edda908c0d9,39,49,10,1,752838
2f9c6db1585058eb,329,394,65,1,3106927
2f7b794dc341dd74,644,883,239,1,26326195
2f99c8dc531911cd,691,862,171,1,9278745
2fa7079588418729,218,234,16,1,1610537
2f9f6cab594661c3,515,656,141,1,7771671
2d8f58564b76f5f0,4972,6183,1211,1,385242331
27f28a86d5a7e24a,20353,27507,7154,1,1351673612
2f5b4fe5e7408707,1875,2396,521,1,58734471
2fb7548ea8fda982,252,330,78,1,10273571
2fba62cc068b1d39,259,292,33,1,7161503
2fca269094efd95d,85,121,36,1,1209476
2fcd3f4849ac6c20,278,308,30,1,2672820
2fbbced09b74c13b,606,793,187,1,10588954
2fd7d7b3dca63908,451,628,177,1,7270424
2fe855b92df10b9a,222,278,56,1,2740510
2ef29ded29242ef6,4645,6040,1395,1,148884643
2febb0faf5acae8e,305,362,57,1,4700800
2fd422fca044913e,967,1332,365,1,17917660
2ff6fb9e453a4f05,306,361,55,1,8222699
1d07d96aac9a757e,45499,56031,10532,1,3566488569
300ce71fb7431229,99,147,48,1,2059532
301cc0a9c324716b,36,49,13,1,755991
301c9f2634201fc6,376,464,88,1,6310454
302102c900471572,340,382,42,1,6985264
300b6bb61b4d57ed,1238,1742,504,1,23409057
3039c2a8c2ccb32f,408,563,155,1,16269498
3045b3ac3f18fda0,310,372,62,1,3099260
3032675dc4fff4d5,590,780,190,1,20270779
3057c5564a80ccc9,85,117,32,1,2629528
3070170416a3b05f,560,744,184,1,17396440
3052633be57e8125,898,1282,384,1,29266170
3092627df71aab14,268,294,26,1,3335871
30a046f65c98623a,67,93,26,1,912024
30a6cdfa733513da,18,27,9,1,279918
30a7efc517607311,380,461,81,1,3840109
30ade9a870af9efc,112,154,42,1,1421147
30b98c89f2f05292,42,52,10,1,513652
256a2ae13a582614,5647,8437,2790,1,2150543391
30bf96fc7676a4d2,35,48,13,1,1001870
30cc191f6330dbe2,100,135,35,1,2698026
30c3836e071bc449,507,621,114,1,6445241
30cfae995cf343bd,706,937,231,1,11015982
30e0ba2d4ebb5998,284,333,49,1,4730344
30ea49da010e01c1,95,121,26,1,2565660
30f9760f8c68ba2c,161,220,59,1,4114060
30f93d55f4bc40f9,3459,3986,527,1,85012873
3112424621b1d0f1,2,3,1,1,134267
310679e579dbd770,206,223,17,1,2051217
3130824e567f6541,65,104,39,1,2030311
31356fe0951eeb1e,201,210,9,1,2263560
313669a3230cee2d,96,134,38,1,2288712
3120f902cb84d505,152,174,22,1,3813245
31548cf38d853607,209,236,27,1,2719238
31481925fcf0faba,260,282,22,1,3342887
3148c163862a6ef7,130,154,24,1,5843091
3158fcee8ebdb6a4,120,169,49,1,3123790
31651542dabe31d3,301,366,65,1,8747729
3139577aae187b7e,620,805,185,1,17701188
3109c8e46e3a4221,769,999,230,1,25094572
310b0c3eaad15012,853,1112,259,1,25427578
23b51de1eee04ab2,27458,36580,9122,1,2460692685
313d5cd020503ef4,966,1342,376,1,29878616
317eb224f15a5a82,3,3,0,0,103975
31207a7b92cb0ece,953,1366,413,1,34366319
317c7d1f29a62ffd,88,118,30,1,1346482
3180bdea146b4270,46,52,6,1,1573161
31862345d1e41671,188,199,11,1,1315403
319bd2181f816812,248,283,35,1,1820851
316ec6b20c3ccc07,79,127,48,1,2170741
31a916c8914c3e89,286,374,88,1,3852969
31baa99df970259e,61,91,30,1,1527970
31b7c4c625a6ad34,278,309,31,1,2684497
31bfa6e511f86f90,12,12,0,0,171157
31ae99fc970383fc,281,383,102,1,9617006
317981d9170c37b2,898,1166,268,1,17704414
31cc8316a0dbada9,286,328,42,1,8647751
31d9a48f3448679c,151,193,42,1,1974830
31eb907f69d5452b,266,289,23,1,2072818
31c64c7dcd746506,700,791,91,1,17758962
31af58c9235dd096,1102,1582,480,1,33155261
31ee702821fee955,31,49,18,1,1510384
31f2662b3e2403d4,475,527,52,1,11433256
31edce6d567c4f0b,327,381,54,1,11912180
3187f2d768207af8,1748,2377,629,1,60385943
3219f33467b450d2,21,26,5,1,552764
31247a9f53e15578,3213,4341,1128,1,102432739
321f1173e4a2f0f4,58,82,24,1,1689015
31eb9bf624fe628d,925,1243,318,1,30170087
323443297f453dca,26,35,9,1,936646
322f799617a05e48,349,439,90,1,10309684
324952f3d0197766,89,113,24,1,2154441
3257d23d8cc08440,18,24,6,1,445658
3265ca69200ac0d5,42,65,23,1,2920137
326a382092990bad,197,259,62,1,4414190
327a32c9df207e65,29,41,12,1,700378
325420af677d833d,738,1022,284,1,28863381
328b622d0f234afa,494,605,111,1,14001106
32aae1d29f852663,4,7,3,1,171722
32a0ecac1dc20a3f,200,220,20,1,4372598
327c614a6c763906,872,1164,292,1,35878291
32b990e33ee15271,8,11,3,1,252426
32c7cae6f94363c2,38,49,11,1,697531
32af1c9c650e3817,198,223,25,1,2594745
329d3e4c893b881a,960,1232,272,1,30885668
32b0d259b40c96d0,332,376,44,1,4851714
32c07f7a39942e6a,344,413,69,1,7145706
295c97f43e6e60eb,21677,29416,7739,1,1682227488
3167f7aa1b8b3364,5383,7244,1861,1,226640607
32df3501ffe6925d,328,362,34,1,4457209
32a59e63ef36656b,1805,2377,572,1,45092004
32e5ac4c8691c9a9,601,835,234,1,23919158
32e6d7e8a4a5d616,841,1098,257,1,27402970
330fc72c2235d225,171,244,73,1,7398390
332250af2564d27d,3,3,0,0,133254
32da9e9738214d25,2065,2758,693,1,64339479
332cdaff22bb9adc,216,234,18,1,2141797
333594faff3c9cd8,134,147,13,1,2158115
3342278bb94cde7b,15,22,7,1,708764
334e54d66e871cb8,101,133,32,1,3801857
334af4bc260d1eef,320,441,121,1,24743255
30f5292aebdd0c71,8634,11539,2905,1,463150908
337adc69ae860ffe,10,11,1,1,446538
337078a545c32cc1,197,214,17,1,5984315
3353bb3ce6f4cdf8,88,123,35,1,7001312
3377ca71432f3a95,105,143,38,1,6372453
337279afbacfdba2,184,202,18,1,5493570
338db23080398b7f,102,154,52,1,6667203
33a31ca7429c4a13,3,6,3,1,166549
33704740da340f36,249,318,69,1,14316917
339ba42aa7c37372,282,328,46,1,4418494
33a6792299eb09e3,152,163,11,1,2767225
33b5a70e41ea1053,2,3,1,1,69204
33b891b75de5a5a1,6,7,1,1,124750
337797b258f0cdb3,461,639,178,1,13997854
33c37c4b6b29fc40,43,51,8,1,1024706
33603c64b35e4921,476,591,115,1,17139490
33d0b3f255ebf835,16,24,8,1,528816
33c5ac916a9c11e1,274,307,33,1,2144561
33942c04fc9c9276,280,336,56,1,8928324
33cb89cac7edf817,106,133,27,1,2662269
337afdfc9a6fc994,664,801,137,1,17134050
33dec4a24da88b65,210,217,7,1,1270854
33f15b2bd5547301,77,109,32,1,1815907
33ed9b6596c2a35e,183,188,5,1,3220707
33db49ec70011454,312,359,47,1,7909957
33560a9de429c8d1,760,979,219,1,28698276
33f1c6c3e3715241,523,631,108,1,9177704
33f42d18f2b27708,250,289,39,1,8963041
33f1031a015c0594,315,334,19,1,11558360
3426333ef9aa7fe5,182,190,8,1,2721210
33810b7ab6f9fc3a,499,745,246,1,32300807
340c0ac2c50ad2bd,258,291,33,1,7876296
3422d49850ead535,215,228,13,1,4177073
3451962b11354c11,77,108,31,1,1942244
343d2e01c341db0d,517,620,103,1,8847701
33b30e6ac9063bfb,823,1032,209,1,27990208
338f4a260dd2fbfd,1178,1671,493,1,40842839
3423dd6e0c89b560,639,808,169,1,20140636
3464acc6766ce4bd,303,364,61,1,7313983
334eecfd374f0517,2465,3201,736,1,71495084
347f4a2e01a98309,55,70,15,1,1199709
3486261be4d24343,3,3,0,0,45271
3487e3f8dfcd2de0,2,3,1,1,76972
3487c8ea001452c5,100,131,31,1,2713141
348d05f51ee0b13b,578,760,182,1,9113348
348e8d06865f5f81,504,685,181,1,16959946
349f3b231aaecb91,150,213,63,1,6315133
34a3950aa3652930,51,65,14,1,1092416
34ae912a1faeea32,270,295,25,1,2445093
3404889b0459f7b0,3463,4641,1178,1,122935471
349894bc75110b4f,1141,1608,467,1,27561976
34845d510e76e8ef,1902,2461,559,1,49726095
34b82961e396e5a5,217,230,13,1,2095612
33b1ef568a7919fa,4076,5282,1206,1,157787052
354237b8597772fd,21,35,14,1,1048904
34ec1a691e4379ad,38,48,10,1,1308321
34c9d93382939db4,100,124,24,1,1605877
34e379d6d393e9b8,71,92,21,1,3006496
35090708efe5e730,259,281,22,1,3470028
34d920caf72bcd8c,203,215,12,1,3791398
34c00e0b8206869c,124,160,36,1,5063565
351afdef1e67fe9f,385,470,85,1,6696761
354fdf9235184d24,271,302,31,1,2748517
34c607d56352f2ff,462,604,142,1,17404164
3524bbee59780299,892,1103,211,1,27138246
3561033e2236e192,115,161,46,1,5862806
3569dc83ba5b306e,203,274,71,1,5383374
3570962ab5893379,113,151,38,1,3327036
356e1e893502369a,326,373,47,1,3870135
357244971fe71fb9,211,274,63,1,3395350
356a85b3b2e9f545,304,354,50,1,4627889
35761d71a6443272,579,799,220,1,13817235
3552924bb3f6e350,1077,1388,311,1,29824112
358c32de02cdfed3,3,6,3,1,163425
35a5844b66fcad42,88,121,33,1,1961886
35ac2fbc6d73c3fd,136,184,48,1,5445428
35bc95ad3b38df9e,105,149,44,1,3322035
35b5248ee182222a,532,651,119,1,18074099
35a8da5e0362a1ca,670,940,270,1,28576047
35b020fbc85897b3,661,925,264,1,23859336
35c69fa36a149691,7,13,6,1,259095
35dde56890ebc6e5,319,362,43,1,10575674
35dd803ff6d859cc,352,402,50,1,14359470
35f618c0d49fc7e6,41,51,10,1,1765108
360267e1d8b933fb,29,40,11,1,719273
36007f1e86537df3,91,132,41,1,2248072
35ea39c1f420bb4e,723,981,258,1,17994608
35833dd8d07cb646,2824,3847,1023,1,115414373
3623fea47c538f72,95,133,38,1,1638569
36383f511a89b75e,15,17,2,1,476506
361a528c2e11a072,93,119,26,1,2313951
364fb8897a23b876,134,187,53,1,1937256
361f74c890fe7819,1108,1395,287,1,30637581
3638724a940828f6,887,1216,329,1,28104945
366672cb5abc8ae2,17,25,8,1,637941
364ad04d86c5d3a1,634,869,235,1,17753903
365ecfdc5dd06223,289,325,36,1,6605336
3678e289caa6fff7,41,51,10,1,900088
367d29fda70bc10c,28,31,3,1,1443770
36719c0c1fcb2440,361,445,84,1,13374802
3666c5754fe22fed,524,708,184,1,25683232
3684f23207fb1643,443,556,113,1,8428558
36908a8135714fd6,847,1040,193,1,24630358
36aca65d2531170a,9,13,4,1,267929
36a47d2b0b967bdf,32,48,16,1,841917
360e758b36e24bbc,3557,4735,1178,1,127993062
36a18c2e449f7943,279,304,25,1,3693462
36a24f70f69aead7,339,388,49,1,5197807
36db7a97c84ec072,190,199,9,1,2174855
36e333ebe19c94e8,4,6,2,1,130674
36de293da02ab9ae,243,268,25,1,5029362
36eda3cf04ef8770,26,31,5,1,563263
36d77755a71ec0a4,512,626,114,1,10302392
36e9a5fe0213693d,268,288,20,1,3006136
36ee4f8f40ea8ad2,70,89,19,1,2958575
369801435be0ccf8,1829,2411,582,1,52083536
36f7b14db8434d53,114,154,40,1,4094538
36fab04f1692cae8,342,411,69,1,5894867
36f9b1cad3bfeb99,424,599,175,1,13176074
36f0c81c04cf22fe,1626,2019,393,1,52624340
3747b14c5c9907cd,188,189,1,1,1818857
34b151a67c622ce4,9847,12808,2961,1,468214224
372bec371a661a7e,307,370,63,1,5299387
372ee2df00abaa80,298,347,49,1,10794783
37333c07820e5543,648,805,157,1,18552674
375369cf1531f21a,672,897,225,1,23099245
3768790ace2c3ea3,266,293,27,1,3349566
37710ef47af05e49,244,259,15,1,3157333
3737b84e943a3198,1066,1406,340,1,37876240
376c1fdec14aab07,642,960,318,1,19692799
3792e4f6d322b2f3,250,284,34,1,10176747
379a718a1b4be888,452,700,248,1,18066755
37a7059ad7b27274,202,214,12,1,2465337
3798cec00a9a0d3b,1206,1606,400,1,40132509
37b17097c03ac231,669,878,209,1,15547887
37d0d4ee7dc581be,337,398,61,1,12190809
37da2d46c032e982,18,22,4,1,679387
37b7e55c10de9010,1058,1225,167,1,37639947
37e75421f388b12a,205,262,57,1,7899087
37f7f16520b3b169,12,19,7,1,559439
37d70dcbc3b2f6da,609,780,171,1,16513883
37d105ca8709f589,827,1007,180,1,20854024
37effad9dc8f1646,253,282,29,1,5581212
37fedbfeeacb511f,113,151,38,1,3254132
37f115fd9358a9cb,355,414,59,1,10475430
3805dd631a92e095,232,292,60,1,7852257
381048c12b2285ce,188,202,14,1,2505902
380f482ae6cde692,280,309,29,1,4043101
3713920c5c4c6afd,4481,5899,1418,1,221450591
383a11d239489269,192,199,7,1,2047584
383c66a0a839538b,171,210,39,1,7426599
383f9a67f1766878,175,220,45,1,8802804
3841d261c66becc1,246,291,45,1,6200939
385522f945135359,2,3,1,1,97345
384fb93d44738c1e,181,187,6,1,1750729
384ec862b1a98fba,223,247,24,1,3195725
385cf024f9bb33c9,34,48,14,1,873714
385edeabef9b68ec,234,275,41,1,5235646
3857f58079fd251d,354,421,67,1,7674792
386187329d3aef90,311,358,47,1,4422456
384a61abd1b20055,706,951,245,1,18689395
385e60188016e6ee,671,866,195,1,24134039
386f1bc7acdb13b0,256,307,51,1,3255493
3875885c16b32877,307,346,39,1,4677674
386fd182b95b4ebe,299,389,90,1,5955702
387aab7642d96b53,97,122,25,1,2260289
386e0d4f852ff641,840,1040,200,1,18018892
388ca8c31eb1e4d2,71,94,23,1,1910610
3883bac047cc9b5d,441,615,174,1,17754645
38733dc40944c4a8,935,1304,369,1,41210725
38a5dd717648e3f6,33,42,9,1,679618
38b4aa42b603df55,191,197,6,1,2076204
38bf2ccea2fda38c,96,125,29,1,3534023
38c32c6ef5278751,182,187,5,1,4041320
38c2b83e857aeed8,309,348,39,1,10851283
38c4a887ba1e969f,309,401,92,1,8843049
38cf85a8947f314d,332,424,92,1,8647394
38d794abca62e94e,261,322,61,1,9710336
38d9d5395280677f,305,351,46,1,5828501
38e49b1ab0a12677,94,134,40,1,4285708
38ef0fd7d726649b,333,398,65,1,5344272
38f3c8eee500fea0,18,24,6,1,404590
38ed0ff11f244ea5,445,563,118,1,9765159
38f9ff3cb837e013,93,116,23,1,1910800
38d92467f7d0eae7,1290,1768,478,1,40979529
38df8d9e1b38bf99,1162,1572,410,1,70364855
391baa8a5e760e97,29,40,11,1,580587
392829893f1a58f9,61,93,32,1,1972078
39267e045c0cf5cb,145,167,22,1,5001866
392287ce83011f2e,275,326,51,1,8574136
3925cadf3cce3fca,506,609,103,1,11207201
394ad6dcf3f71b97,256,297,41,1,6593000
393c2e1d2bd734a3,1007,1242,235,1,20810237
391e767ac55e698a,929,1253,324,1,48054993
396f6a78b3e84bc7,6,7,1,1,182753
333ab4a46854ff34,17473,23709,6236,1,1345439670
397f8ad6260e0fcc,30,44,14,1,740040
398b44fefd1458b2,28,39,11,1,1022019
397772428edd0bc5,930,1235,305,1,23467090
3992b60ebcebe2a6,197,206,9,1,2680042
39a19e67db17e7a0,116,159,43,1,2968957
399b56b754fa0f94,389,489,100,1,14196746
39b45c71d7cfa967,2,3,1,1,159175
39c1dd0a97222dbf,198,211,13,1,1863656
39bc3f0ca5bd461e,152,220,68,1,3654153
399def09c47f6172,1882,2381,499,1,63368078
39e333c119822301,341,382,41,1,7795398
39e0c2b032b8eba6,860,1128,268,1,26387352
39f97de072764bea,4,6,2,1,229815
39e79aa229962799,30,38,8,1,944853
39eaf01b5ba9dec0,142,197,55,1,3333349
3997e25d6419c687,2979,4034,1055,1,108728935
39f7f3d8597c83b6,306,355,49,1,6734750
3a0f40fd9334740b,6,7,1,1,121926
39ef4253a891c154,619,788,169,1,22139115
3a27b90a2d2c074b,269,374,105,1,6986952
3a1c24f82639431c,359,500,141,1,8211781
3a33d57efbe168cb,392,509,117,1,15100255
3a2a49e47303d1b1,434,591,157,1,21176793
3a4024275c5f1335,447,567,120,1,8051791
3a3f2494eca2489f,308,436,128,1,9272513
3a17b21c36df7569,1065,1433,368,1,39740173
3a03ef99e30f8ec6,2032,2582,550,1,61686993
3a6b0915c13b53bd,3,3,0,0,148268
3a599749fdcbf0b5,103,140,37,1,6593639
3a733597ba5611ca,64,92,28,1,4659072
3a6c83f9f57cc1b9,212,235,23,1,4050360
3a74dfb5afc7620b,109,148,39,1,3322534
3a58d303a1deed3f,336,404,68,1,9956466
3a71b4bc2a43eb28,256,292,36,1,9574403
3a7790132659a203,255,284,29,1,5019190
3a4bd1c778fb0f6c,873,1198,325,1,31328672
3a4b77480f2b0fcc,874,960,86,1,33238073
3a795e3118ce5cc2,494,604,110,1,9357494
3a01d81c73775aa5,1342,1805,463,1,133231624
39e1b400819575c2,3760,4995,1235,1,149049027
3a3f0e6e7f45be28,2639,3571,932,1,76336603
3a4d049a4e998ea7,2554,3454,900,1,72769451
3a98ea9cbcd845c8,7,11,4,1,368006
3a8669a644ea76f4,34,46,12,1,816879
3a7f698c02dbecbe,266,297,31,1,5396434
3a9a637802f97498,626,834,208,1,17664838
3a8ee226ef528e4d,1343,1773,430,1,29422378
3a4ab0d8f0aa122f,4008,5316,1308,1,144269768
3acd092060f09e9b,5,7,2,1,259797
3b0900629772971f,3,3,0,0,72643
3adb65c2bbdd4cc4,5,7,2,1,208274
3ae227726cabd991,194,206,12,1,2069376
3aa8d193e2aa6f74,183,188,5,1,2296683
3abc16a667b24348,187,206,19,1,2349743
3b0ba12cecac8295,65,91,26,1,2417831
3abf4ad9e13e8b39,89,118,29,1,3278176
3adb74869469d731,124,164,40,1,3176143
3b3c528df6aaf8e9,7,9,2,1,284421
3b26f12519d543a6,41,49,8,1,704309
3b21a73bd6d314f6,64,78,14,1,1086082
3ace1aaf9a75bcf1,303,347,44,1,4511482
3afce0cb03ff7553,428,535,107,1,9181588
3ade4a6c7ed835b7,377,429,52,1,11725422
3b2244ba048f703b,453,608,155,1,11971630
3b40ece4c41cd70b,1538,2022,484,1,35806173
3b7581427cfcfcbc,71,100,29,1,1793581
3b4e8042e460cc6e,256,289,33,1,3786072
3b81fef297380e6f,163,208,45,1,3663057
3b641d1dcbdaca67,312,349,37,1,8200118
3b82d537a406267a,168,235,67,1,4625533
3b54867d2bb65793,448,600,152,1,9810769
3b63abd1591e75a0,942,1199,257,1,15357734
3b12339200c5229e,2119,2609,490,1,81876208
3b8e9d8df6ded673,78,103,25,1,2312676
3b8602b262362c0e,597,795,198,1,21225899
3ba0ba886c9fa233,150,222,72,1,3675738
3b8f910cfc311cd2,1522,1970,448,1,41221599
3ba89588f809e03b,883,1156,273,1,26393728
3bdd121b7a620a5a,2,3,1,1,74886
3bbf6afce777bfcb,780,1044,264,1,19234478
3bec4ff6556ed6b1,86,113,27,1,2352622
3bf16920aa1c332e,87,118,31,1,3098717
3bfb83a738579a3f,105,154,49,1,2576590
3bf6458df0cd7509,353,416,63,1,11162731
3c0df1cf44885ebe,437,549,112,1,5102099
3bde6455fa7fe8bd,934,1195,261,1,29493392
3c0adfb13a41c202,324,373,49,1,8176203
3c0dff5f724cfdbb,527,641,114,1,8865869
3c04e7561da7494f,444,526,82,1,13258366
3c1b1e527d4bfc61,226,325,99,1,9851901
3c2292c00c14e5dd,302,350,48,1,3473050
3bc1c9db3ac7ee32,1653,2186,533,1,56985075
3c4024f91e144b33,368,510,142,1,7453354
3c3c962efc5e046b,576,746,170,1,12987184
3c433ab69baf1a06,744,953,209,1,21945920
3c587b7ee9b7854b,401,469,68,1,6017621
3c582b157844f838,865,1130,265,1,10002796
3c8c49575eea2e05,7,11,4,1,236160
3c7c4a8c48d60b54,133,166,33,1,3543465
3c945592f17456af,290,324,34,1,3585938
3ca89c5e7bfdc173,33,44,11,1,793748
3b39fe8e9cad790b,6180,8197,2017,1,257412800
3ca63c109adbfd9e,367,412,45,1,10896248
3c7639dd21558679,1409,1925,516,1,45985198
3cae38fc5753b06f,205,217,12,1,2468882
3cb46c3b7daf445d,123,170,47,1,3358176
3cc0484d72cf40bd,18,24,6,1,384589
3cc7cdf354542db1,9,13,4,1,322992
3cb7b7d88e6376e9,302,341,39,1,11300317
3cb5a23aca85db5c,725,899,174,1,16678597
3a6d6f6162f0750a,9558,12670,3112,1,468921409
3ce772fbfd07f150,16,24,8,1,444327
3cdde053d9278179,15,22,7,1,580316
3cfb0ff0e184ebc1,33,48,15,1,990685
3cec3c44ada1c9b7,66,84,18,1,1697923
3ce08d9ce274bf61,112,150,38,1,2181542
3cd53866a24b7d77,125,162,37,1,2679584
3ce3a0442d3dd2ef,292,334,42,1,4340478
3ce7998b2faa13e8,244,306,62,1,4630454
3d17b62b90f4ddf3,6,7,1,1,170944
3d17c2ecba3d1c0d,25,35,10,1,772871
3cd8041cde53cca7,243,331,88,1,6371026
3cd80035b13129fb,359,416,57,1,6785596
3d13f65761363cdd,88,120,32,1,2374893
3cfa4a01f7ddfe52,641,794,153,1,16798713
3d0ad975d2939849,509,712,203,1,17490020
3d1e1d1c0f7e42ad,401,579,178,1,15071982
3d3aa14e7e68945c,4,6,2,1,174800
3d4b080606015690,3,7,4,1,113898
3d3a8cc773a5b839,213,226,13,1,1456306
3d4aa17c7fa073d8,16,25,9,1,605598
3d4010ed2b28af87,198,206,8,1,2208182
3d3d87b2e20ea5a1,256,280,24,1,2411152
3d33e83ba053be53,661,871,210,1,9977784
3d54a30e778df498,194,254,60,1,8532163
3d54a8371acda4d7,443,529,86,1,10858733
3d7607b65d3178c8,39,49,10,1,608304
3d8f62e0fa1933f8,7,7,0,0,148065
3d85c9c506b6dca0,23,34,11,1,427992
3d92ec23f70ec5a0,2,3,1,1,112602
3db0c3a1906d9cb1,89,132,43,1,1367510
3d7cf988b5385681,1132,1591,459,1,33192100
3dbf2ea86258e1a1,346,399,53,1,3664477
3dc5df7c79dadf12,253,289,36,1,3681548
3df3c42335d4423b,4,6,2,1,155129
3ddb0b78533015e7,773,1017,244,1,16742954
3df7e274be84598a,3,3,0,0,77880
3e1031b97532f458,27,39,12,1,1375532
3e062984012f28b4,305,348,43,1,4277057
3cc7250aba8e3f54,5289,6908,1619,1,171922951
3e0ebab89794e361,95,141,46,1,2623115
3e110588233c541d,304,336,32,1,3130985
3e1c32256d8f1c84,77,109,32,1,1758478
3dfb78d0e5db07f4,409,567,158,1,18641770
3e1d006d2a569884,202,210,8,1,2116277
3e21a7f62fbd10f7,27,31,4,1,669926
3e14763006069148,276,361,85,1,6628812
3e203cfc2b473662,272,347,75,1,4657355
3e282ba64712c3e1,36,48,12,1,555981
3e2add089016e85b,389,535,146,1,8471000
3e4317c8b3092570,16,20,4,1,400001
3e453107f806b313,19,29,10,1,445914
3e45b548f7079e27,25,40,15,1,1091933
3e42e4d01603fd6d,258,277,19,1,2257018
3e4c0d145e56158a,194,206,12,1,3040245
3e54d45744f45ff3,276,317,41,1,3602050
3e295dd92849408a,2268,2891,623,1,63318700
3e7bc0465312ee15,25,32,7,1,1697084
3e788d1919456c9f,189,222,33,1,3096874
3e5ff3f77770103c,99,149,50,1,4188189
3e84ce9a770bf58a,35,49,14,1,790919
3e925272d5f6d16e,37,57,20,1,1054909
3e5f2f6927a7329c,222,280,58,1,5832775
3e5d5e7f8fc87f89,300,344,44,1,8254895
3e72d60419957119,367,442,75,1,14294165
3ebb3a5d2a301d80,161,195,34,1,5754850
3ec1d68efdb068a3,62,91,29,1,997778
3ea2c728076bfeec,253,283,30,1,8522151
3e597d415a077ff5,530,644,114,1,16876712
3e82aec29cf56a33,431,615,184,1,17978999
3eb91b2da68f05db,507,685,178,1,18205230
3ecb7032d7ec3fbe,37,57,20,1,1612456
3e948daa269635a1,942,1264,322,1,22624769
3ecee5a6370329d1,348,448,100,1,7577624
3e81eaa5a30c0609,1165,1666,501,1,35479871
3ec8088907f7a03e,682,829,147,1,13377615
3ecf7a3065bdcb8a,502,688,186,1,16997256
3ed24e9b92c4828b,678,883,205,1,18033798
3ed65bcdf2ab4101,885,1195,310,1,19023530
3edf7c12ad5fe446,3,3,0,0,97592
3ee0f5ea4476b2f3,4,7,3,1,134083
3f02016956aea7a5,23,35,12,1,609470
3f03acc7bc8727ef,203,214,11,1,2007274
3efd550dfc7a93b5,274,306,32,1,2567282
3f12a584f184382b,90,117,27,1,1987605
3efe632e35b24139,244,287,43,1,4632541
3ed56c084605091a,1182,1678,496,1,45305706
3f1beb95049af073,206,218,12,1,2661949
3f1c7268a4be774f,147,190,43,1,3129461
3f1e83353b3d34ae,198,211,13,1,2724651
3f1ea239af0d9100,187,195,8,1,4029155
3e30a5e244f6b8e0,5061,6817,1756,1,182387259
3f2d4b270753d0a4,129,166,37,1,1749006
3a93cda3301e291c,13994,18686,4692,1,839487912
3f2ff02a1c617d4a,208,228,20,1,1987742
3f1d7e6371b8f738,806,1116,310,1,31336918
3f427a870f07f38f,356,423,67,1,5461047
3f4961ad334bd53e,69,91,22,1,1253789
3f45d709c9630dca,169,219,50,1,9050037
3f4ef37788c98556,173,194,21,1,1798847
3f4d29f67d1a3ced,290,328,38,1,7474104
3f61695618939ce9,197,211,14,1,1589331
3f5c626e15a4a206,647,844,197,1,17283187
3e49607454ec61b0,4337,5759,1422,1,231647579
3f21a8048a9adbd3,1852,2483,631,1,67729759
3f3fa317c14e1a1e,1577,1995,418,1,49349204
3f74fb3430fc1e1b,229,243,14,1,1613105
3f4d722b66464574,1211,1705,494,1,43089636
3f477199bb3289ee,2103,2765,662,1,47047877
3f921c74bca11f88,37,49,12,1,1179131
3f520b811d45b4d1,1595,2124,529,1,54708885
3f77cdf73722961b,577,714,137,1,18754749
3fa6b04863a58ced,163,220,57,1,4449838
3faac209a4046a22,89,117,28,1,2017266
3f9e8288d959c3c5,311,349,38,1,8126659
3fb0c1a37212b6e3,366,416,50,1,9850262
3f924a7983042b93,1013,1255,242,1,25371663
3fb779cb40874e1f,529,637,108,1,13991332
3f915b6ffa26e02b,841,1212,371,1,29156187
3fbf30dd36ecd665,134,173,39,1,1817035
3fd1d9489612e369,248,284,36,1,1962097
3fca7d09c99640ac,253,286,33,1,2013843
3fdf2e1a912476de,6,7,1,1,124123
3ecb710eef77ca25,4862,6426,1564,1,188072346
3fe4a91b7bbd93c2,735,1003,268,1,13597246
3fd22047c4978bf9,1162,1662,500,1,30698811
3ff3b84024b7f574,190,194,4,1,3505915
3ff30135cce55212,435,531,96,1,12223402
3fb5ea0b4fd0e3c0,1957,2649,692,1,57879914
3e45ec5f10471b2d,8388,10088,1700,1,301685141
40081b3228625ce7,115,149,34,1,1409063
40251b94e556aa6a,4,6,2,1,138944
40237c905dff3c0f,539,680,141,1,6418110
402cb20b04ce3a9b,43,52,9,1,3400160
4030899a12d8afbd,313,357,44,1,9965410
402b2199493715a6,414,511,97,1,11427924
3fdbed06d3a580c0,2771,3524,753,1,82238489
4025d3b4f35d9bb4,831,1080,249,1,18086814
403db3676c0f4121,301,353,52,1,4492466
404d125e7cb0e76a,5,7,2,1,173667
404a075e84c7cc26,114,134,20,1,2832011
40463a7cd1f13b88,263,368,105,1,5351363
3fd18ebd1b808c3d,3360,4508,1148,1,121666659
406bafc8ad8c5927,15,22,7,1,191441
404a4e03abe1b7d2,459,638,179,1,12201689
406eb79c959eea58,41,54,13,1,645222
40507bba7d92e4c9,1411,1914,503,1,24136650
40850c20616c8e2b,5,6,1,1,203762
408a6f70c7c19b03,6,7,1,1,169165
4080dab306989266,247,277,30,1,5985413
4088b70e5dda609c,283,310,27,1,4844455
407f86911a1bf049,553,684,131,1,11439320
3fe0ecbf4462cf5f,3831,5264,1433,1,118843124
403d567fd49e070a,2274,3005,731,1,57635822
40a29b4c3a1b51c5,254,284,30,1,8766576
40ab64ea71777543,261,298,37,1,5652787
40a99263c84044ac,250,356,106,1,7880906
40a8a0c3dcef48b5,430,578,148,1,11231643
40b9d09af0dc7d67,114,166,52,1,3103405
40a3dc27e0fa2ea4,533,686,153,1,18043821
409c6b0a1b8e18a4,960,1428,468,1,32004740
40a9f27baefd8492,567,738,171,1,14481693
40c1ead355fba21e,80,111,31,1,3438859
40c844cb0ae2ed62,7,9,2,1,234851
40d6990d4700911f,372,439,67,1,6871713
40e3959db95fe372,307,342,35,1,5532523
40ed253275a751c0,3,3,0,0,90194
410be847e2bdfc8a,10,13,3,1,259593
410bfac45e1121c8,236,292,56,1,8027244
40fea7189cea2882,501,617,116,1,11968160
4107181f3afd58e9,302,401,99,1,12467615
40f9b62cddc8fb91,377,484,107,1,14266519
40fb89f0cd77a733,903,1142,239,1,21104837
4119255a56858030,442,557,115,1,16603645
41179cdedada0162,1079,1236,157,1,30530314
412d3b2340b96aa2,877,1243,366,1,41411289
4131211c2b754348,1271,1599,328,1,39763883
413b56ebedbd4089,617,791,174,1,28390300
4128782545797bd8,874,1321,447,1,61046438
415dea61a77f10bb,296,328,32,1,4039000
415577c4e5bec578,341,401,60,1,5562958
415e88f6cf7cdaf5,503,621,118,1,17455297
412c2e7056a2330c,1652,2157,505,1,70381393
417c36c286a05ae4,36,49,13,1,959129
4181a9407c23d520,120,169,49,1,4696915
417ee0a1e6f8e201,296,358,62,1,6181591
4186ec5a19caf5b8,110,163,53,1,4060267
4192302faf7b8f5b,203,213,10,1,3103106
41307a869dbd830f,2713,3445,732,1,96496017
40e6bad0de83694c,4324,5777,1453,1,197697276
4149f97af326c816,3633,4863,1230,1,123272393
41e089ef23de1db5,2,3,1,1,121098
41e80cb972a5c073,24,33,9,1,530688
41b323e60e998595,41,54,13,1,1459045
41bdd2243b085a02,184,188,4,1,1328839
41dd6a37092f37f6,85,116,31,1,1513804
41acdb2eca277b07,290,346,56,1,2521935
41c16bfa80bf1183,104,136,32,1,2892028
41b60c64f8131496,262,286,24,1,4173028
41e343002bd74c2c,153,208,55,1,5329204
41bcb8684c35c34c,279,368,89,1,9268400
41fba186f44a6a93,6,7,1,1,448510
41f725b7daee12c2,46,64,18,1,1766977
41f11d2dd827b617,121,154,33,1,2880078
41f515efd5671b63,160,224,64,1,6300124
42021842398217c5,314,372,58,1,6774621
42079e9d16cfb274,31,44,13,1,479821
41ee74614139ca6b,1576,2062,486,1,40885388
41e87c3558548227,3557,4903,1346,1,125823915
42254e120e1dbc82,5,6,1,1,171315
424596a9edb25e30,3,3,0,0,104865
4239f92f74c0f259,26,31,5,1,733250
4211f4e53f4db546,191,199,8,1,1342074
42116192c206a520,100,124,24,1,2718489
4219bdf01a555c31,96,126,30,1,2912957
427bdef550274b6f,11,13,2,1,328196
428175c05eb4b1b9,94,132,38,1,8477465
4255beaad466c350,278,324,46,1,11720774
42731bc6fdc068f2,281,347,66,1,12201980
42027c119c66a2dc,3257,4228,971,1,124711969
426767a61fc84385,236,300,64,1,13132162
4209ba1eb9010b61,430,483,53,1,14719537
426729d35233865d,498,706,208,1,17064273
422a49e38428ccfd,508,687,179,1,17999082
42894915c34d3c62,261,284,23,1,1917543
429843a0f6f90684,257,278,21,1,3027932
42a129d597098a0f,5,7,2,1,128583
42a06db44a2da8d2,91,119,28,1,1178369
429de64bfb44e2e3,135,178,43,1,2160205
42b120f9a87ca407,35,48,13,1,1044861
42ac51a20f37d60b,134,148,14,1,1979625
42f769fc43ad581b,7,9,2,1,172369
42b8d9d384620aee,204,217,13,1,2214286
42e62b309248670c,34,49,15,1,1214832
42fd8a914cbca46e,128,137,9,1,1427975
42cbbc0e4b705a8b,87,132,45,1,1929903
42b69501fe3ab9d4,92,121,29,1,2395939
42e1868a17f5ceb1,194,224,30,1,4470391
431f8dd5dd4ed820,118,158,40,1,2823918
432495f9e1e3be24,5,7,2,1,314970
430ec7953916c8bb,336,417,81,1,11099661
432c477a91b02c65,27,38,11,1,1012327
4327aa36f9e6f87d,28,39,11,1,996320
42f06ee55c999c9b,772,1016,244,1,22844162
432fc436cb31226d,341,401,60,1,5317306
4343742068dd260c,5,7,2,1,123903
43353cf074e50ba0,267,336,69,1,10378756
4247ad23b9c9962f,4336,5795,1459,1,184790926
419958343f22493c,7779,10290,2511,1,366810952
43324407b6e226b1,3100,4087,987,1,92940635
435aa692217cdb2b,2,3,1,1,137605
434ef00317e8babd,115,156,41,1,2393187
4385b216aab69f9c,123,150,27,1,2213722
439908fd4e4100e2,103,154,51,1,2409845
43727e34ec38969e,101,153,52,1,2670496
435b67cff2333631,91,129,38,1,3672851
4387d07128971d06,296,342,46,1,4466373
437e69b86527e03d,414,464,50,1,11869981
43c28488ad07b206,228,300,72,1,13920999
43d67a972b06847e,266,341,75,1,4995982
439c096f3c172991,627,771,144,1,22419238
43abaeabe7837bc1,488,684,196,1,21178813
43dcbf116334505f,253,283,30,1,3093014
43ea64e1ed4a9a0f,4,4,0,0,55926
43f09a13b349b15f,3,3,0,0,44114
43f5d81e5b5ad3b4,72,99,27,1,1757862
43ff7503151afdd1,87,111,24,1,1711964
43e7f3c1b88bd143,318,395,77,1,6151396
43d3e088efed0710,589,782,193,1,24654914
43e4314c5b885bd5,306,428,122,1,9393608
441dcd38d53f6322,357,424,67,1,3567947
442d450745bc6838,38,49,11,1,633901
43d417bc97620060,756,1036,280,1,23193838
441f4d7e0c6bca24,266,298,32,1,6314210
4432c9b1e7fcab8f,150,214,64,1,3534549
4409c7709861db04,453,644,191,1,10616719
442eb515a810ccad,299,336,37,1,5101685
4447952f58670a65,107,137,30,1,3101839
4441bd25011ca3e0,197,270,73,1,8132465
4436c30c75807c68,316,382,66,1,9721096
445c7e18d0dce72a,265,305,40,1,3069786
4467f486fa05e180,193,200,7,1,1830205
4481401913e9c67a,46,79,33,1,843823
448853ba50469237,100,128,28,1,1660270
44465343f9bbe265,390,538,148,1,13674480
44ca1bf10658eb05,198,206,8,1,2134741
44876d5a67056549,601,733,132,1,9323873
44d8bee87432b32f,209,223,14,1,2437066
44dba826bbb98e81,245,314,69,1,4044742
44e206f20728b170,37,49,12,1,493837
4427fa3acead64c6,1260,1810,550,1,33170438
44dfff4e311c6903,307,372,65,1,4791949
44fa5bd87807f565,249,269,20,1,5243665
45068bd8b99f7ecb,23,31,8,1,674459
44f1397982a3ddbe,325,382,57,1,10430256
43cdffb10f6c1397,1978,2603,625,1,75297545
452c0a3368e4ab3a,95,137,42,1,2078381
4517930ff8c39784,347,430,83,1,12049793
45280d797c5b1e0b,272,301,29,1,9396869
45319ece49bd4cd0,261,305,44,1,3295025
4537517323203c4f,91,132,41,1,1888990
44ab7b7a16249a30,1513,1935,422,1,39578716
453f92f69687abf6,78,104,26,1,1690511
453ae0bcea155a45,283,345,62,1,5016176
45364e86fd442e55,238,322,84,1,9291126
454f2bc67bd49963,31,40,9,1,476606
44ed9e478f82bf35,904,1223,319,1,35410364
455b4ebf87fb0bb1,252,321,69,1,4666434
452b551a2d2b7b75,705,928,223,1,25510591
457ce2424ee429ea,141,150,9,1,4280736
43ce92a96ea754f0,3312,4535,1223,1,116605988
458a1b1507ea52e1,82,113,31,1,1192573
41f7362f79f4806d,18975,22727,3752,1,668682152
459bb98159787bfa,393,472,79,1,6004364
45a3c8e55a91810d,460,580,120,1,11727991
45946afd416a75d0,873,1252,379,1,25082463
445fbc4158d81fb7,3530,4835,1305,1,117938358
45bae851fd2efbf8,10,14,4,1,181484
45c951f0d943363b,128,154,26,1,2992707
45b8cbdee97d6d22,903,1144,241,1,20992669
45d07a646f5a5225,92,117,25,1,3158258
45409b442d95d956,2775,3960,1185,1,95317572
45f3b84170ce8810,313,345,32,1,9585516
46010837949be5bf,618,763,145,1,7962319
45ef5cecc5e5f458,1077,1376,299,1,18882178
46009e2529d0a6f7,449,583,134,1,10428118
45ea53716ff18895,1221,1612,391,1,31043702
4614c66f2fbace5d,15,22,7,1,364290
4616c0f8861616cd,288,336,48,1,2984204
46013f7f3d8fb764,1175,1662,487,1,37005746
462834f65f845582,141,194,53,1,4131943
461e51b73b7b2041,374,460,86,1,6280181
464961cf7034b9e6,7,7,0,0,120224
461404b7118bdfa5,972,1441,469,1,30185873
4666af56b5b36eac,100,131,31,1,2534929
464deebf3e7dfa73,293,355,62,1,4141333
4619dd01e6704f3c,1188,1655,467,1,36692199
465425b44fa11f2d,1159,1602,443,1,21113011
468df381f24889f6,26,32,6,1,848764
46845abc99500d41,321,371,50,1,4942106
468d06ed295a204a,126,176,50,1,3288697
4685b14007abe458,365,497,132,1,8092837
469503d35f41bf15,274,297,23,1,3140326
46a1019c081bb791,283,315,32,1,3803413
4646277a1818b4b9,2180,2940,760,1,65222437
46b93e05756a7b0d,34,49,15,1,882668
46bbedb3709dbd6c,182,187,5,1,1228369
466da8f6e7617a6d,1704,2391,687,1,40184147
46bad1972fe91913,199,214,15,1,2698193
460a9b26f826cb90,4299,5438,1139,1,111987815
438d37e0c0b07b27,8409,11246,2837,1,384007026
46c1ab34bf11f315,235,256,21,1,3950929
46c7383f17e3c36c,315,354,39,1,5531513
46e6c6a3de246286,321,376,55,1,3831282
46eb141728e52264,130,171,41,1,3096748
46f2519a85d8d150,307,346,39,1,2850191
46f9f881c0390a8e,70,100,30,1,2774146
47019690348deae1,29,39,10,1,827962
46fbb9196f2f414e,200,211,11,1,1879101
46fc5e6377abd590,190,264,74,1,6292839
47040a0eb0dec097,4,6,2,1,151371
4703be15d0e588a5,335,394,59,1,5144286
4702604d2abdec80,260,289,29,1,5395788
46fc0bc6cf7c8853,1221,1479,258,1,15876008
4732f0fea5349e26,330,403,73,1,4402201
46bef7b131a6dac0,2503,3436,933,1,75245005
4718a481f5a68cf9,531,664,133,1,17663472
474c7324b9c843e4,65,79,14,1,963478
474c72a1c160d37d,31,46,15,1,1249490
474276ecdaf2160c,323,399,76,1,3801533
472fa22bc43dc32d,606,821,215,1,18297238
476eec5a3a47203b,17,24,7,1,306469
4700e6f960cd60d7,1808,2380,572,1,43129275
47968db105c088bc,40,49,9,1,711173
47833b849c22d672,671,856,185,1,7491948
43642964cb563c50,6630,8381,1751,1,528487785
47a330ba8c182b47,200,211,11,1,1209659
47a55254bb2d3350,30,41,11,1,969894
47ac158ef1bc892e,258,278,20,1,3799960
4778e62fcdca24a8,1168,1624,456,1,36030141
47b7dcdfc8e73961,3,3,0,0,125154
47afcd4d10e81cf5,47,57,10,1,920248
47beab41d1e76c86,701,903,202,1,11114838
47aadce80e0d71f2,1318,1757,439,1,25468143
47ccc5bfd9857d80,4,6,2,1,131051
47d93b46cd413bd9,14,23,9,1,379868
47f14818cb1ae926,25,31,6,1,456694
47e950d3dd5df751,41,58,17,1,735498
47db9011c5996b6f,32,47,15,1,1149556
47d18a7e0e181a06,72,90,18,1,2150845
480d621ecd3574c7,83,110,27,1,1825713
47fbabf4c9189ea3,266,295,29,1,3652565
47e8d06c9ac9444b,329,392,63,1,5083445
4810b7505fc47e1c,217,235,18,1,1381221
481ecf82a0d295b4,325,354,29,1,4306075
482a34d5016a16d9,26,31,5,1,823782
482e100489fdab8d,118,148,30,1,3615427
482771e53d8e392c,968,1195,227,1,27266324
4830f97b07f58f34,246,274,28,1,4065990
4852436089634d4a,245,275,30,1,8057089
483dd0c62102cde8,900,1129,229,1,25175174
4869e1e0cf06f0ad,339,400,61,1,3916040
4855464b35215992,682,829,147,1,13586258
486e5868b05c7773,534,703,169,1,9477604
48791162f9f27059,239,257,18,1,2556875
4856282fc0e7f211,942,1162,220,1,25321835
485d6ef9a235c3cd,691,956,265,1,27856568
489d4a8967d981ea,2,3,1,1,75338
4871410e3ae34591,998,1334,336,1,29783380
48a4dbeb85659e19,87,119,32,1,1789858
48a263646bd4ef39,112,163,51,1,2305693
489a33d0823b62cf,1025,1462,437,1,28054346
48b63ff1256710cc,29,38,9,1,688945
48b834cd70781081,3,3,0,0,110770
48c6d10aeab567e9,6,7,1,1,143215
48c818e7c85b7eef,2,3,1,1,85984
48ccefd2d70e999d,20,27,7,1,932354
48ca8c6c75c06e03,293,359,66,1,7800327
482983c8762bd905,3595,4642,1047,1,115102619
48cda6a85188b59c,213,237,24,1,2573192
48b5b5e34be53ef3,973,1037,64,1,20242298
48daaeb914334e6e,152,171,19,1,2039515
48f50dd465119c82,204,277,73,1,5157290
48f09eb9a54f833a,491,607,116,1,5377686
490ead9d2bc55e1d,121,152,31,1,3980523
490eeba40be529e9,308,348,40,1,7060343
4919eef09b8a5447,102,134,32,1,1579516
4922c87c5ce87f1d,9,13,4,1,134856
492870fac1432fda,89,118,29,1,1775946
49228d2116e4bddb,832,1105,273,1,30197994
495b3efc3b410923,30,40,10,1,499641
4968c81859bfbc63,162,213,51,1,5855677
498427c971ef4e30,10,12,2,1,170848
4983a478022c88e1,6,12,6,1,245767
498164d7a42f9b8d,27,35,8,1,417757
497c355c99ab5447,618,800,182,1,19738229
4972ba2ed7851ec3,639,897,258,1,23713949
47ba1baec85e7420,6483,8515,2032,1,324849382
499540512d245568,66,89,23,1,1572070
49692b091b7f40d8,1738,2255,517,1,41489518
49a412b581538c83,205,217,12,1,3591144
49a17a303968a665,357,411,54,1,6513787
49b4893795ed8b78,59,80,21,1,856524
49979f73dfbfb1fb,620,777,157,1,7321476
498b8ebf0790c6a9,624,847,223,1,27780215
49c1d230f74e763a,123,174,51,1,1607238
49bd7c6b94c5f6f2,303,364,61,1,4845320
494ead19b1ebd451,2287,2945,658,1,55969735
49b0e7633b6de3bd,428,594,166,1,13002000
49bb96995890645a,449,622,173,1,13350161
49e9602bc7b021ee,44,52,8,1,1090718
49e3c8af04fb7f87,352,416,64,1,4588089
49ddc374fc429f8a,464,531,67,1,6884246
49ee69eb9959d7ca,92,119,27,1,1476013
49e96e22b4291b81,300,392,92,1,8404351
49abf066d811dc22,2350,2682,332,1,36823700
49888e56c5cb1e8f,2125,2858,733,1,53775033
49fea41c43ecb9c8,131,175,44,1,3715167
49d1b0945e6a1af6,1124,1614,490,1,27535049
49cc691c5e9aaaab,932,1242,310,1,32474776
49fafd96806941cf,98,131,33,1,3395117
49f592384f9d88e7,152,184,32,1,3801228
49f0cb2d891bf506,101,148,47,1,7830166
49ead32141d7dec7,731,1039,308,1,23806096
4a0210debaa31cea,240,332,92,1,9876482
4a113c2a2bbf4e57,34,49,15,1,507949
4a0efa9ca9eb798a,95,133,38,1,2142988
4a074e45673f8617,532,745,213,1,7809835
4964a75399acc8fd,3187,4258,1071,1,101563366
4a22ce56381e6f07,205,300,95,1,3428350
4a081cefa2a67325,1491,1873,382,1,22104167
49ec89c6f0da9993,1642,2213,571,1,33051947
4a4a6be8b01faab6,19,23,4,1,556959
4a2ad27e89e785f1,98,128,30,1,2074850
4a271a45fb282fc4,297,346,49,1,4026475
4a3094ebe344b3b9,752,929,177,1,9506304
4a64576c1199e7ac,282,343,61,1,4714326
4a74eefafe0ad2af,21,25,4,1,2042946
4a33321094a5e575,800,1091,291,1,27095982
4a6bb66876802271,54,64,10,1,1860041
4a72aba765fcc9a6,219,247,28,1,4320195
4a79341b08b61827,298,329,31,1,6103220
4a86ab7db2c3564b,263,304,41,1,3397243
4a7d2ff501f67067,493,639,146,1,7219201
4a6ba4b85140255d,891,1096,205,1,17470394
4a7b04ef89a02b1f,624,859,235,1,10917274
4a0f7c563c6564c5,2915,3877,962,1,87132994
4aac2b571eaed529,59,80,21,1,937736
4aa39bad58cd2c88,85,111,26,1,2154244
4ac51685bf90661c,4,7,3,1,87818
4a8ebfce53f1b6e9,253,283,30,1,3591771
4a9654c51106566d,669,806,137,1,8665789
4ad3816f9d01ad84,2,3,1,1,205222
4ad44fb7b4d47e9b,16,20,4,1,1441075
4adad9dd5b3c1cbe,38,49,11,1,1005410
4ae2891908303360,29,39,10,1,458175
4ad9f3537d25bdbb,298,345,47,1,6389112
4ae20f139d0e4cfe,28,38,10,1,669692
4ae61082f681a7be,193,199,6,1,1079334
4ae9c4deade0065d,31,49,18,1,1054800
4aef0ebe1480ad3a,198,206,8,1,2107474
4af04fb37fb0536e,85,117,32,1,1761104
4af7696ddf845077,213,288,75,1,2968223
4a17a52640654675,4648,6072,1424,1,140559610
4aec80351bb2d850,1031,1401,370,1,27566924
4af1f2778149d104,661,995,334,1,18635729
4a8c0fca6aa6429b,3313,4493,1180,1,101620293
4b26b6d9cbe82385,19,27,8,1,625511
4b40016a3d8c89aa,2,3,1,1,82711
4b4a26882f15bbbb,104,133,29,1,1426498
4b2d12b563f42b47,301,345,44,1,3529107
4b5c6ec180454672,210,221,11,1,1600361
4b25898b792fe7e1,182,234,52,1,4234975
4b21b6fefeba52c1,178,238,60,1,4384987
4b76a622924edeb5,34,42,8,1,406824
4b5d99e77a8be60c,34,46,12,1,585948
4b087597e99e1cc6,290,355,65,1,5462630
4b44735202bbe736,282,329,47,1,5867661
4b8d2e1f78e959c9,302,345,43,1,5133801
4afe330538552d56,536,702,166,1,12788830
4b9e514e9bdca912,18,27,9,1,1192839
4b81b199cf11ec18,759,944,185,1,19693191
4b95d960c086cbc3,1075,1365,290,1,23224912
4bb517902886e5ff,189,197,8,1,1712705
4bb17cccf7e36442,2460,3153,693,1,59367888
4b2fdb769f8fb8e4,3005,4243,1238,1,103934095
4b72b1de6e1174cf,3814,5041,1227,1,109337616
4bd431c0ba5bcc41,101,136,35,1,2097528
4bd6a969eb8a5e38,146,160,14,1,1733240
4bf35819b5d7f954,205,223,18,1,1967201
4bf9afd5aabfa9bf,64,79,15,1,1130895
432b09ed76fc3a64,49682,53447,3765,1,1371204346
4bd8965f9d5c302d,152,226,74,1,4084951
4c212c8f93f389c5,18,25,7,1,231485
4bbd26c7ea24e83d,272,295,23,1,3362618
4c18d3968c781bdb,295,343,48,1,2901195
4bd8e8907badec78,349,427,78,1,5566462
4bf1904d9b991f06,647,850,203,1,20874719
4c0abcd75cea0e5a,1362,1707,345,1,32621886
4c2a84c0bd9f04aa,183,187,4,1,2022681
4c453f5a2685afb6,90,114,24,1,3462690
4c2b6b739d3d3fa1,210,228,18,1,3686030
4c52b7cfd2e3d84d,85,112,27,1,2228755
4c5fb16e2839bafe,5,9,4,1,177513
4c50c5ac47ff3afd,488,600,112,1,14993051
4c55ee5fc59f1ce2,274,385,111,1,12248916
4c6c76bbff2cc324,148,218,70,1,3615076
4c725dfaf3ad7265,157,205,48,1,4632788
4c2e99db8af92bfe,618,819,201,1,26752391
4c855eedcd55b7b4,4,5,1,1,133352
4c2d4a616f9a4520,755,1056,301,1,28539367
4c60b2711d8ea886,794,1066,272,1,28568411
4ca7480d858c0b28,4,6,2,1,1630450
4cb93c785817c511,23,36,13,1,982491
4afa813e9884568f,6956,8910,1954,1,238614819
4cbc419035231c78,211,216,5,1,4316708
4c3f5101ccbb6001,1277,1646,369,1,48597507
4c75b04c2c61cece,963,1274,311,1,27391101
4c8e0b2e958abaec,1029,1439,410,1,26685815
4c5649647930cbb7,1495,1945,450,1,53815108
4ca54886d51f26eb,932,1223,291,1,24983536
4ccce34f553607a8,40,49,9,1,1437819
4cd05948b8896d70,196,202,6,1,3046610
4cbf8c864ed98ee0,95,121,26,1,4539253
4cd76abfc3f71940,240,261,21,1,4170510
4cec10607bbbed27,184,194,10,1,1046106
4cf7edfd500e88e1,307,364,57,1,3111991
4cfa02949b0b0b3f,104,129,25,1,2016274
4c6278be569e8a77,1711,2246,535,1,67546007
4d00be6d0f6e5939,129,189,60,1,2181116
4d29f1e739ba5049,15,21,6,1,394915
4d39a16478b0aba2,28,34,6,1,698318
4d199461abc0e2ce,494,627,133,1,9898673
4d0fbb12c5b792c2,1160,1476,316,1,21656678
4d41d2092139300c,338,413,75,1,4487707
4d46397ac9816fbf,313,438,125,1,8171595
4cbaf2e2482ea6f4,3519,4669,1150,1,89969919
4d59dc057385e480,89,119,30,1,1851118
4d0cccdd0bdb7f2e,2103,2698,595,1,42542796
4d6112dddef9a7de,42,53,11,1,533485
4d65cbcb5190c8db,26,35,9,1,360379
4d6467390453ccc1,195,222,27,1,1584494
4d6d23b792e83900,516,636,120,1,9322494
4d74eb2cf3ecdb5d,89,119,30,1,2278437
4d817961475b10c1,91,121,30,1,2470427
4d73828898b948c4,679,804,125,1,10129584
4d97f583c6a7a6ba,258,305,47,1,2298834
4d960825b4a6a816,191,197,6,1,2649489
429c8313eae2da98,5672,8545,2873,1,2176886565
4d9f0fd39895e1ff,298,364,66,1,6364888
4da8a32ce9f46d3e,455,631,176,1,7308170
4d87f9774d750c3e,922,1172,250,1,31814067
4db6cd4642042960,23,32,9,1,600748
4db1ee9d47ddc515,95,111,16,1,1828557
4dc7b5816bfa4b2a,18,24,6,1,591731
4dbc7aeab61f4546,239,338,99,1,3319616
4d857018fa81b9e3,1697,2242,545,1,41102098
4dd1825a6e72f544,98,128,30,1,1270927
4dc079a054b3c704,555,750,195,1,7674306
4d9efd17f6c82b7c,949,1236,287,1,37038721
4dd7fc0d3f4804c0,8,13,5,1,293694
4dedac09beb50a90,26,31,5,1,980125
4decc2f90e3bcf25,113,167,54,1,3623530
4de794ca525ac70b,361,414,53,1,5947743
4dab5dba326af9dc,2830,3614,784,1,55564187
4ae9ebf40e31c28f,15407,18086,2679,1,476711018
4dff449ed49ae874,257,284,27,1,4387383
4e04474c1e9a5bee,255,283,28,1,1863674
4e06cff250e1a1ad,231,290,59,1,3056903
4e00709cac9a17cf,554,697,143,1,6656638
4e23f3036d0999e1,325,412,87,1,7263211
4e2cbe1a62891100,188,194,6,1,2274975
4e30617b5e7f4b85,159,184,25,1,2669288
4e44468c3c9f83fc,761,1071,310,1,17355484
4e6efab66df8d6f6,36,42,6,1,1086837
4e712ef304816d32,11,13,2,1,333548
4e6f959c28e24093,194,202,8,1,1306220
4e626d27b06ed11c,204,212,8,1,2019115
4e5d4fb93eae1757,195,254,59,1,3846570
4e6c66344061f105,199,214,15,1,3571051
4e68b44deb1382dd,115,161,46,1,4056551
4e6a114eadfe7dff,258,289,31,1,6115658
4e59b36795d71c03,394,454,60,1,10529459
4e6f2f5f1874a36b,450,597,147,1,17962959
4c1af78715063800,11493,15685,4192,1,530224718
4e982838cd5ff899,9,13,4,1,395329
4e95d4e2cf85d9c2,29,39,10,1,818311
4e9345e7db1f1478,44,51,7,1,1125001
4e99779cbbf4e460,26,31,5,1,1025222
4e85e7a1ad8311e8,97,133,36,1,2388257
4e946cee475173ea,190,199,9,1,2409761
4ec2eda4d0689d9a,274,319,45,1,7804928
4eb87d776216027f,85,116,31,1,9234037
4ea0b1fde29bc2c3,265,320,55,1,10782409
4ecfd404db4b4d95,56,65,9,1,2820794
4ea1f59b32dc0668,314,347,33,1,13994231
4ec395802ea2bc19,190,199,9,1,3927732
4ed19609af829237,11,12,1,1,291556
4eeec14e9445cdcb,5,7,2,1,166124
4ecfabcf48b6a3c8,99,126,27,1,4783161
4eed4ad7b161dc5d,227,313,86,1,3000389
4ee0c4ba6ef3625b,226,243,17,1,3170209
4ea76902215585ef,368,423,55,1,17888280
4e84e60f1294e129,454,614,160,1,21542058
4ef3529691d53546,469,576,107,1,7641270
4e92d04531e8707a,570,784,214,1,28395776
4f20aef281ea8598,12,14,2,1,362015
4f269ef66fc42884,9,13,4,1,424147
4f2776ac35957873,7,9,2,1,217373
4f131013297a8b43,24,33,9,1,680402
4f127a19a038e107,93,127,34,1,1256884
4f12b51acff7383e,200,212,12,1,3014343
4ef28ae1c01ef7de,684,954,270,1,19614147
4f3448ce27cf072a,175,210,35,1,7020692
4f3a1f9fdd8d4b72,135,147,12,1,2320131
4f3a593ee33bb20c,88,119,31,1,1782016
4e7d54f81cdf8542,1539,1920,381,1,53000963
4f42a5b51350bf25,86,119,33,1,2585090
4f3ef6b7693dd443,243,272,29,1,4174605
4ea49015e5347f55,935,1286,351,1,59744502
4e4baf28e0783856,5485,7490,2005,1,210196809
4f4b08a5eebc4423,382,553,171,1,8439709
4f490ece795ed9fd,635,790,155,1,9659233
4f634e2ed0aa01bb,93,128,35,1,3292797
4f50b070809d694b,910,1220,310,1,23284271
4f7718bdb54f3caf,3,3,0,0,117058
4f73d59829b40fad,115,148,33,1,2606839
4f89600903b54f25,30,40,10,1,1210786
4f866680a00c7ee2,259,281,22,1,5593716
4f7e33ad772bafe7,737,968,231,1,19457609
4fac6a6cf00cd7a4,3,3,0,0,128636
4f856a961c9ab06f,1027,1311,284,1,33985011
4fac32e9ee800ec2,750,966,216,1,24187346
4fd7b81196e2eb16,5,6,1,1,211564
4fd1caa4093066d7,360,439,79,1,6224664
4fd3e02b1d168625,785,930,145,1,13680897
4ff3c5b260f8fe3a,2,3,1,1,104927
4fe91c88022c53ac,62,94,32,1,4253368
4feb59c5066ea46b,122,152,30,1,6722726
4ffb48a00ad6792a,61,78,17,1,2263833
4feae4cdaf075727,363,423,60,1,14148180
4ffbfee1bbcff0bd,96,135,39,1,5274242
4ffd1b7045dc48c0,190,198,8,1,4022677
4efa00991ed74578,4708,6295,1587,1,195983805
4feabaf1bdd1a453,1066,1342,276,1,30469203
50043bcf56f96296,450,525,75,1,11539650
4fff5ef6fcc24065,632,765,133,1,12061573
4fe7bc49b4fbeb69,1119,1601,482,1,45565023
4ba285afbc0f31cc,15605,19084,3479,1,840906475
5012f28529f8d875,450,549,99,1,15556267
5029faa41dfdc1af,86,108,22,1,2844924
502ba8a3215f8ffb,131,176,45,1,2993980
502e556eeebb5904,99,133,34,1,1684013
501e81ef6e0dd958,215,319,104,1,6237690
4fabcfb549ccc476,2582,3455,873,1,104212445
50157652cd6fda26,799,1035,236,1,17606963
503cf6ac5fefa014,104,141,37,1,1894817
501ee3d991cfeeb0,750,981,231,1,20507423
5048e3c4c78689e2,187,197,10,1,5500938
5057090e5b0ecd70,138,153,15,1,5806694
506f6e8224cbd534,99,119,20,1,5661601
506c7ce0a81e01cd,113,150,37,1,7073887
507faa1c4b485c04,97,113,16,1,4987519
506b872984c4c1ac,313,368,55,1,12194777
507cd40ca2557447,245,271,26,1,6270606
505b45f708b4849d,310,367,57,1,16548331
5091b50ce12a841c,267,300,33,1,4744578
5068fd9f7f953447,545,673,128,1,18845053
504fb8b648d10905,781,1009,228,1,20977404
507251e10534db7e,567,709,142,1,14855011
5044026abf056055,647,916,269,1,25998282
50649b50ec4b8cdd,802,1015,213,1,26178148
509a99a06ad44aeb,444,543,99,1,6557459
50a8bb7e93d9c4ef,166,235,69,1,3625453
50c0c61ae7b68d25,94,116,22,1,2009193
50d16fbd33db5502,72,111,39,1,2152091
50e786b334350987,304,345,41,1,6543920
50d52c4c969a8973,280,379,99,1,15748915
50f75d263f9b60ac,2,3,1,1,75620
50d1f93cf8d5110d,810,1035,225,1,29347272
51020c102939b684,11,14,3,1,245187
50e9c7ab8020fbb3,1069,1372,303,1,16836270
50da0346841e60e8,1069,1481,412,1,34084832
5104a5ccabfaa755,289,353,64,1,4673010
50d399ed6bce55c9,1157,1478,321,1,44460375
51051f17c6dc523b,394,525,131,1,13583568
510bff3b7ecd5d8e,8,13,5,1,196026
511658742168873b,20,23,3,1,375226
510e73d4dae3a8a1,225,283,58,1,4784944
51128eb755def288,254,283,29,1,5383130
51278c0d55054d70,102,125,23,1,1856861
51253eae235164df,81,108,27,1,1918552
5120b2ccdee25b15,213,254,41,1,2933462
513784807c66ed0d,24,35,11,1,654337
512068c908bbcdbb,791,1035,244,1,19845318
51498f95849e9a99,4,7,3,1,166457
51499b6e88fbafdb,9,14,5,1,232135
514914722fb6dbfe,33,48,15,1,853557
513ceb52751e4508,305,400,95,1,18565515
50aeff98bdd982ab,3098,4066,968,1,100757227
5153065d843de92a,25,39,14,1,701078
5156b8942b7d2f33,112,126,14,1,1272152
515e0673f0f23a12,200,251,51,1,6944964
5105c3833207515c,2072,2674,602,1,57311555
514c1ee3cdf96b40,1161,1637,476,1,41256163
51751c6875d758fc,265,292,27,1,5416360
516fcd4eae8a28de,424,601,177,1,10072460
518160539a05910d,15,22,7,1,408588
5185e828b8a52235,2,3,1,1,70582
517c1d5abda04867,153,217,64,1,4457049
5183828ac8b46caa,7,8,1,1,196647
51305063df6abd6a,1114,1498,384,1,88583361
5187176fd9f30b66,192,196,4,1,3744197
518a81a60ec064ef,132,151,19,1,5216795
51837c7aae27251d,406,459,53,1,15414209
518bc553c9a66a49,241,283,42,1,3667265
517ac31f84e103a1,776,1006,230,1,23735467
51a100cae115a8d4,118,138,20,1,2915729
51ac01ddc9f07032,3,3,0,0,125975
519e6eefab015230,393,532,139,1,9388911
51a476491f99860a,279,409,130,1,11525165
51ba96b16b366466,205,268,63,1,7590896
51c154220e792458,189,194,5,1,3797187
5032f16e7c9ad0f0,7360,9609,2249,1,300239126
518f553e5041f65d,1127,1608,481,1,39732702
51b17c567b4c60d7,628,764,136,1,18910379
51d4481fed8e6ee0,193,200,7,1,1965763
51d6f446377d5af1,9,12,3,1,254306
51cffdc2e143c164,464,652,188,1,9500306
51e3eabb3698c493,183,187,4,1,1367825
51fd59a9aea7cf13,22,27,5,1,468374
5203df4f24ec6ffd,89,116,27,1,2903861
51efe4f5080a2443,560,628,68,1,18228289
5202952c9f3a4a56,257,294,37,1,4274853
5207844d6520dd60,263,356,93,1,7915830
521cc64b85be29cd,10,13,3,1,405150
5200edafffac1f60,373,525,152,1,14791138
51dc64994dd2b88f,1549,2065,516,1,51878346
522112914b385e91,103,141,38,1,7099011
5224b8e86edf0c5d,2,3,1,1,105295
5227ea89116b334c,4,7,3,1,153337
522b24e2466d9a89,49,61,12,1,1479202
51f6147cb78d09f0,1388,1773,385,1,44562247
52332ef6b4d56b58,7,7,0,0,281208
522fb0a700b61503,159,224,65,1,4657834
522fb90218307fd5,170,218,48,1,5979501
523aca4cea3c4179,286,344,58,1,4867002
51fd1469cbfa6254,2086,2573,487,1,64721923
5259f5bd01555099,4,7,3,1,171798
524ef89d0d152f84,597,805,208,1,16116836
525fdb7ade02382f,62,78,16,1,1476714
52669670e634b576,192,212,20,1,7875054
526c2abbb50d740e,275,304,29,1,10147539
525d819bb9c76a9c,273,299,26,1,11091861
5281f6dc29950d55,14,20,6,1,440164
5271bacb3898085e,496,679,183,1,16914365
525d662364d5e1b6,805,1079,274,1,31545615
529544efa86d2000,77,113,36,1,1907500
5257242ccf1ac853,1849,2534,685,1,50591088
52a260e7198959f9,109,155,46,1,2808301
52aa1bd1db4df214,210,287,77,1,12603842
52bc20ada6c7e296,4,6,2,1,139334
52ac9a06a07de8a1,425,536,111,1,9188645
52c44f821c08d819,6,8,2,1,317008
52bfae2e2ecd1f3e,123,163,40,1,5211368
52bf237ae7f8e441,385,470,85,1,6129808
4e6701161f37786d,16750,22230,5480,1,911621986
528ba8ae6e8c0a7e,1700,2325,625,1,60532017
52d300a79fd6a4ed,288,319,31,1,3593743
52b3a325be6143d7,927,1250,323,1,35019106
52b5c67bc302e892,992,1381,389,1,39645454
52e942acd7539010,2,3,1,1,98146
52e8a2cc71000098,234,250,16,1,2710318
52ece0c850b07868,140,206,66,1,3314391
52f1274e6f8af5d8,331,380,49,1,9484425
53185fc885aa520b,108,154,46,1,5522167
531a844c55125444,145,201,56,1,9850740
5304837157963f63,325,381,56,1,9166866
52ebd54043fcb87d,1001,1290,289,1,40162105
5308eb997754f7b3,747,890,143,1,14808439
533589ddc26a68fe,104,129,25,1,1996825
533640f441717923,77,109,32,1,2615654
5338a7c3a23775e2,88,114,26,1,2894423
53316cc8bbe5fce9,71,95,24,1,2882531
533e63d5471010b9,283,345,62,1,5449311
535de80b3ddd8494,187,194,7,1,1646468
535571811158e200,527,655,128,1,10785007
52f0697bce5eae6f,2095,2827,732,1,77238714
536cd6c0a7e2f87f,194,274,80,1,9261488
535e3ed8d5291022,417,575,158,1,17189338
53859176949c1aa3,106,149,43,1,2287937
535ca151a73e46f5,1200,1577,377,1,37491744
536e4ee9b73b5de3,1411,1884,473,1,45961382
53a88298abec6e10,234,268,34,1,5026058
539ff71b642b2f8b,327,466,139,1,12627248
53b5679e7cc292c3,47,63,16,1,1359264
53accab3d870b5ae,131,173,42,1,3038179
53a290b38fe133d8,545,682,137,1,13158201
53a91acb4f7d20d9,592,757,165,1,19450930
53c6d0883b5e8785,208,217,9,1,2098727
53c3daaa9f1780b6,539,620,81,1,8976713
539265eae8ee436a,959,1254,295,1,42563051
53cb7b6a89690141,321,381,60,1,4618377
53cc215c4e60eeac,548,689,141,1,6083638
53d63fd7d48f09cb,271,300,29,1,2802386
53e9b1f4e035b896,50,65,15,1,1299315
531fb008bf19e48c,4039,5376,1337,1,191803053
53f25b9fbbbe999e,201,206,5,1,3503816
53eec3281f3c5b37,429,522,93,1,8786347
53f57d3088ca3ebc,180,248,68,1,4019548
5384d2cb917e64ea,3119,4109,990,1,123405191
53e9084641f771bb,636,844,208,1,27195350
53f44fa6b10760a9,511,685,174,1,19444225
53fb0560e92335f4,77,107,30,1,1675005
53fa664224c25a1e,492,614,122,1,10263009
53f718b171a1b000,629,874,245,1,17887560
5414624adf01c2e4,2,3,1,1,102631
5416b42beb1f3fe1,40,49,9,1,1173753
5423bd00e005513e,2,4,2,1,177702
541987e2b255f3f3,229,279,50,1,6911695
5418904ba083b53f,530,725,195,1,10231679
544097a8269ae716,6,7,1,1,137771
54357ae8bf76df6f,543,731,188,1,12585942
54441ab288a45bb3,65,79,14,1,1297963
543e48e5e997f398,273,353,80,1,8707536
5448e63317ac5253,41,51,10,1,2234004
5447b4a95d06e41d,108,134,26,1,4628502
544c207c2c9895b0,190,198,8,1,3072272
5444439d41349e5b,289,320,31,1,7874092
5453a51c5db3bdab,130,169,39,1,3227524
5458d603fd27771b,88,125,37,1,2410960
546119b276647858,80,114,34,1,2399166
54670aa3791b6cb8,265,301,36,1,3889461
546ecc24de25e19b,36,48,12,1,938504
54718e59a6205fdd,38,48,10,1,766014
547350928b29b93a,131,166,35,1,2910445
547688b344ac1445,202,211,9,1,1841958
5486d9f1580a5550,98,131,33,1,2869596
5488216b8a442210,462,567,105,1,9365883
5491b1a6c2d77d05,31,38,7,1,613331
549a52e36a4e9d77,786,1082,296,1,22963786
54b4e430f9d01bd6,183,187,4,1,1715315
54b2ebf81abcfd99,274,305,31,1,6235149
54a79d7f651002b2,600,772,172,1,19769773
54a9c2afc79e5fe2,283,337,54,1,8537090
54c2b81133bd68c3,191,197,6,1,3352863
54ca15ff28a12c40,238,268,30,1,6012189
54cde0582ba3c76b,250,269,19,1,2578203
54c82ad1375e6384,273,300,27,1,5395403
54d6523d0808d70e,9,11,2,1,199433
54e0bbbeeed1ba40,2,3,1,1,88088
54f29bfe7fb8728c,61,76,15,1,1243110
54f85f04acc01327,188,198,10,1,1911404
54fe2a419e812a4d,25,31,6,1,571299
54a8508493266ab3,2353,3106,753,1,70600214
54fb2f44111ba639,128,183,55,1,7124021
55159c2a03918bf2,3,4,1,1,189989
54c103fc3eaa1f34,1085,1473,388,1,69772442
551e3198bc99e04e,643,894,251,1,18833915
553d2bb3929db9e5,3,3,0,0,232365
553d6f1c18ca6e6a,37,48,11,1,1395092
552737d694a418d5,195,222,27,1,2496244
5533dd70f5d51a3c,143,196,53,1,3806545
555006630146b87a,29,40,11,1,742953
5522ac82f280eed3,807,1087,280,1,27131088
5549c469b8a10837,777,945,168,1,16887051
5537f7ee9a0c053a,1004,1384,380,1,29812366
5524e45b2d238ae2,1914,2362,448,1,48629826
556f405e45a1c3fb,209,232,23,1,2593250
557b5b1a3426fa0d,247,278,31,1,3454796
55837b83303306df,202,212,10,1,3922673
557ffbb7aea44a77,275,324,49,1,4136002
55825b1938da2184,307,340,33,1,6191981
556d6f095a99ef4f,342,394,52,1,9703644
556826969f5ef8b8,1037,1318,281,1,16377777
559f51753c186d88,3,3,0,0,152610
55932b8eb20c147b,679,882,203,1,17785707
55a1835fd55ef7b3,658,794,136,1,11440623
55aaea1dabd5b83e,687,906,219,1,16169120
55c9b32cba6311f6,26,33,7,1,693666
55b5d0079d753573,5,6,1,1,164885
55cee4e853582293,119,132,13,1,1462105
55d0055f3cd85269,68,87,19,1,1668349
55ae2cfbb24d5a72,208,228,20,1,2544894
55c86d25a874e604,237,258,21,1,2899306
55b33cd7eb0c724e,206,264,58,1,6578168
55eccc1f8a2c9ba1,162,217,55,1,4160484
55e1ae22c75942b9,283,347,64,1,7884270
55eb19bb252a8ef4,1088,1388,300,1,24031099
5602a332d7a0e4c3,263,291,28,1,2778369
560783aa37def954,115,126,11,1,1394007
56243efbb23e0052,2,3,1,1,100439
5621ea5bec7c52e0,36,54,18,1,918553
56096ac63528b6ba,259,283,24,1,3142314
5613c205538445dc,317,437,120,1,7241295
561da064c6c8c193,93,128,35,1,7977206
5624bb659d7fc419,452,636,184,1,11504463
5559f929603920b9,4193,5545,1352,1,150933329
562f17183918b2a3,436,520,84,1,12482946
56060e82394c1329,863,1167,304,1,36875188
564503913fb72ea3,320,383,63,1,10121475
563bf8f6f469b7df,703,903,200,1,15956187
56535f6ab1a56a8f,35,55,20,1,838945
5651ddf130b802b2,60,90,30,1,1759427
55a8857c43cd0a5b,3034,4000,966,1,110668249
565b6f7657204929,319,411,92,1,6469523
565cc58142083247,488,599,111,1,13642502
560198c90ff965b1,2428,3337,909,1,96852610
56616d063e39d73d,72,88,16,1,2204176
56485bde4492eade,1936,2626,690,1,56935442
566fadb649a9a7d7,110,156,46,1,2693152
5681d959a1db8e66,258,286,28,1,2513368
5674b90733e03abd,212,227,15,1,2605104
5689ed2ef0a1ce29,35,41,6,1,668097
5675a7f6d75d4ae8,264,300,36,1,6473340
567c39abb28bc40e,298,354,56,1,6849153
5665c9cfe1e3fb66,688,873,185,1,17829524
5693c30f3a52f95c,161,179,18,1,2748556
566565155bd46f7f,855,1118,263,1,19182210
5694a955f8a65d85,172,218,46,1,4936982
56a1b55f9a23dd5d,100,119,19,1,2095536
56a079f236666bef,154,210,56,1,2527194
5662b6d987b9f50b,1156,1615,459,1,38468196
56a12dd37d24be34,722,924,202,1,20331652
56ce70f0bacb1872,3,6,3,1,162981
56d313c4525eb3a6,22,35,13,1,611131
56a73b78de34b007,1257,1646,389,1,24758762
56ee22ae1d06192c,223,236,13,1,2496572
56e6f71458345295,297,340,43,1,6528270
56fb7f6a79f3f9eb,36,49,13,1,1161922
5700dba9fe31bd53,187,194,7,1,2909925
570ef74d3879f184,275,303,28,1,5518479
570fa025785d823f,255,284,29,1,6044472
5709bccc79a403bf,531,688,157,1,18047604
5720663b581d2e9d,256,339,83,1,7348362
570f3e4a120a6264,565,735,170,1,23281722
571fc384c2738f1a,515,643,128,1,8412052
5737e996cf066d15,3,3,0,0,100801
57270a946cd82fe9,334,399,65,1,5434202
57304f9e520db5f3,227,305,78,1,7440982
5731747d8898864e,749,999,250,1,12252407
56f4c6b21c9d8eb6,2374,3175,801,1,90412787
574a8c06bd144f69,863,1251,388,1,27567746
577b66a563b42caf,93,120,27,1,1574854
577b7eb1fb65b68c,94,128,34,1,2227545
5657907eac174e85,5710,7609,1899,1,244691040
578cd62fd3e17527,193,202,9,1,2679746
579306ae3269eef4,182,188,6,1,4499923
572424bb596c3f01,3328,4348,1020,1,96762397
57bad204110eb06a,81,110,29,1,1638244
57bb04a050153d18,161,204,43,1,4170654
57be43c19779644d,129,164,35,1,2246553
57c7937aa76f76b0,15,17,2,1,285886
57c565a65a76359b,199,212,13,1,1914388
578af3210f701b69,1593,2007,414,1,39569860
56df32106bd04a20,1817,2716,899,1,181917733
57d25c9234156065,89,128,39,1,1894116
57434163ba05dcfd,2301,2889,588,1,104538636
57d9d34c2fd79d28,84,119,35,1,2465149
57e4d5a24917a2ea,214,281,67,1,9752471
57e6710170eead1b,349,416,67,1,8449667
57e5ebb5e1320004,355,421,66,1,9531196
57df5e8a9d82439b,832,1098,266,1,25888007
58209526e3cf9bd4,195,206,11,1,2298396
58155f4a7f130958,326,390,64,1,5660669
5821f424893f7656,201,214,13,1,2225016
58133177c27e9e72,845,1122,277,1,23245682
5837e2c25778e7bd,235,260,25,1,3202296
583651505adb63b8,305,367,62,1,4886328
583ab8768eb1a26c,318,379,61,1,8819206
583fe23b15affcd6,3,6,3,1,141560
58448f89aebfb945,28,31,3,1,696628
584d970dc77de482,47,56,9,1,646049
5849c1da105e85b6,210,219,9,1,2538870
584d7197a53ff482,87,122,35,1,3022554
583ea27649da0c20,654,833,179,1,14261426
585978ddafe0dbae,98,128,30,1,2785263
586294674e8ec40b,3,6,3,1,147497
5867384bbdd25381,225,279,54,1,5207766
5859fbb45768a481,760,980,220,1,21453935
586d23b25bc23557,33,40,7,1,838514
586bc5fafe8ebfb4,1146,1640,494,1,27195511
587c266caf90a177,708,962,254,1,24675781
5899ec15a10e431b,44,62,18,1,1292538
589ae1c298cf354d,203,215,12,1,2218394
589ed3836169ffaa,248,330,82,1,5784022
5897e0199d80b1f3,268,325,57,1,9021602
58a6253605458157,434,632,198,1,14621798
588471943719a1bb,1859,2555,696,1,58089056
5886d6f62479905e,1995,2535,540,1,56688817
58ccb28db76d5e48,39,49,10,1,881695
58bb73fe53b03e72,98,125,27,1,2353153
58ce2b4d66baf803,252,283,31,1,3000430
58be60f1069ed573,191,196,5,1,3358877
58c3ccc60f37d776,383,471,88,1,7745326
58e11a3236247138,203,268,65,1,6216364
58fb85fa28e06017,88,119,31,1,2256535
58c399c5029c316a,1475,1911,436,1,48407349
591e0357c9ab216d,2,3,1,1,112687
5918234d368c9de9,139,184,45,1,5426667
59191b6743054a98,391,439,48,1,6838448
590c65eaa6635c0c,227,306,79,1,8090449
590cc4d80d2d148b,371,439,68,1,10300139
59269f2511127cbd,101,128,27,1,2390119
59264df1f417b2eb,174,240,66,1,4438714
5927e7653de6d49f,202,214,12,1,3099858
590b19abba33aa15,826,1080,254,1,19257407
590f163082368d6b,904,1115,211,1,32074915
595b4b0a657caf9c,17,24,7,1,487799
5954ca20b6a22a72,554,687,133,1,11877925
593ef1094a14ef7b,1101,1387,286,1,32773344
5900282d09543b42,3307,4225,918,1,96931649
5963404590d9fa87,817,1074,257,1,36194107
5969c0b2daa18483,439,549,110,1,8991570
589dd6e89fffd860,5913,7937,2024,1,227510923
59721f6ebdc6596d,41,49,8,1,931521
59abd6c0ef7e9c4d,15,22,7,1,797400
5972b0de4fd46b0e,81,105,24,1,1745473
5985b361e7dd1ac9,55,75,20,1,1493242
59bb543de504e70c,26,32,6,1,1266467
5999526e51371237,63,79,16,1,2130977
59ac9af1a97902d2,92,119,27,1,2168567
59bdf90b2e1a354f,184,199,15,1,2044821
59c49fe8ac246fa7,193,206,13,1,3608754
59abb5cfd443abd0,417,543,126,1,14455580
59626da7a15064e1,3012,3973,961,1,123958374
597ee7998e3fdcbc,608,813,205,1,24301085
59fa563b911f199b,6,7,1,1,314810
5a07abf5288484f4,14,16,2,1,292203
59dd294931dbeb5c,98,133,35,1,3145473
59f64d9d70451402,157,222,65,1,3782555
59f830e4473863ae,269,290,21,1,3467147
5a0aae666c3442bc,261,288,27,1,3445719
59d0054598074ee8,287,349,62,1,4367808
5a06f03d36230d79,250,372,122,1,7363193
597819cb717eb4e0,672,967,295,1,37617078
5a0241431499a59d,484,650,166,1,11879340
5a1f8428dea56355,66,93,27,1,1892252
5a39ca407d3cf67b,3,3,0,0,101889
5a0c690761a5416c,1128,1610,482,1,37941571
5a37520ebeb280db,238,348,110,1,5741276
5a4043c3900978b3,12,16,4,1,331960
5a37225fa0856e01,505,619,114,1,13882556
5a43a6f922590ed1,32,47,15,1,1337262
5a532db8e9bee379,298,341,43,1,4133760
5a55ba33ae02aa74,240,305,65,1,6527893
5a3ec4ab59161d83,1347,1798,451,1,42192099
5a6d03138ff26376,73,76,3,1,718723
5a77a584bb72bbb4,91,129,38,1,1906125
5a81af8363d336f5,288,313,25,1,4333453
5a8e1ef8e81452de,31,39,8,1,769738
5a9e14074464db8a,217,283,66,1,6575305
5a26a4ba0dad87e6,2084,2584,500,1,91770274
5a72843d9292083d,1488,1759,271,1,42974759
5aaff657965e6cef,28,44,16,1,817546
5aa1f23083e4fae1,255,283,28,1,4298095
5aafb4fb80f5f827,123,172,49,1,3681011
5ab8d8eee7b60339,3,3,0,0,83374
5ab62a6ba1c32f43,207,224,17,1,4874892
5aa08a63b9760c7a,625,869,244,1,22201351
5ab7aace2eeda3e2,322,396,74,1,6287465
5a9f91e2dbe263a4,840,1172,332,1,27284478
5a8b749ccf8845e2,1216,1749,533,1,45025267
5a64178d2781003d,2255,2867,612,1,83603230
5acca4e93fece1da,13,22,9,1,896483
5add30a02e5234f2,37,51,14,1,1226705
5ae0b87f6926fdb2,98,129,31,1,2219049
5aeaed29031708b7,366,415,49,1,6039528
5ac0c61fde6ac7cf,1092,1565,473,1,36200875
5af0bd51f40290ad,362,414,52,1,11514535
5af0e9a88ad95c31,435,534,99,1,14935003
59ba13ecfce6bb19,4939,6452,1513,1,230583898
5b0ec2645865c6db,478,576,98,1,14096223
5b225309baf77796,438,543,105,1,6337558
5b2b86cdce5b791d,257,277,20,1,2598616
5b312f19e4b2df12,12,20,8,1,393200
5b25c85d0d0e8d17,555,682,127,1,9836505
5b545c9021b848ef,36,49,13,1,767204
5b53f144d4dfc886,240,283,43,1,4303848
5b5a76540506a660,93,132,39,1,2717128
5b5d48752cf9727e,89,113,24,1,2854026
5b6542910f205bb4,315,373,58,1,10238586
5abe0cbda0a82705,3883,5067,1184,1,166951149
5b7e5ea5744206a1,7,13,6,1,226824
5b890a7ca5018a7a,101,150,49,1,1656283
5b6a883e508b6204,91,121,30,1,3515637
5b8757c7459ee8ec,197,246,49,1,4301713
5baa2ea86470b82c,9,14,5,1,365361
5b9f2aa48e28f96b,299,336,37,1,5544299
5b9ef512dff86a05,424,525,101,1,8601076
5bb03b5b308993b3,158,220,62,1,6334387
5baf1ef754ac0fed,237,303,66,1,9529174
5bc56dc524da13eb,27,35,8,1,817249
5bcc36c05f4a4509,215,225,10,1,2432491
5bcb50d2e75adc0c,65,92,27,1,3148823
5bc914512d6ccc57,195,206,11,1,3400487
5bdabeaf411b9ef8,111,159,48,1,4570743
5be0ed6626525acc,80,115,35,1,2714223
59611942039ef91b,12305,15252,2947,1,500132264
5c05190f84d82c0a,206,252,46,1,7233080
5c09f38d664b6382,197,207,10,1,3988342
5c11886f1f1bec6f,17,25,8,1,711074
5c066ccc11d49df7,283,345,62,1,8417906
5c121fd0bd97950a,86,121,35,1,3112290
5c142a439e0324ae,98,144,46,1,3995392
5c1a11899bd63b04,351,420,69,1,13536390
5c20f79c34686229,333,399,66,1,10816648
5c2a9d5af5a4a577,11,14,3,1,247098
5c2a181e66ca0331,36,48,12,1,859274
5c2d902d75987fe4,188,194,6,1,1827357
5c2ff41561f0b417,209,228,19,1,2586579
5c261cd34f237c6a,814,848,34,1,17429611
5c4d9dce9ce6630f,24,35,11,1,540145
5b5feb8d7171ee18,3896,5211,1315,1,215465178
5c60a8654d562261,63,79,16,1,1103386
5c5ccb247ea462be,103,160,57,1,2905347
5c56d5d95d457ec5,469,530,61,1,8169532
5c59898c5952c606,272,329,57,1,12123422
5c6a7877363936d5,94,122,28,1,2349514
5c6f1714d17edc8b,94,119,25,1,2156029
5c71e0aab43d7562,227,243,16,1,7622459
5c7123ae3bb153bd,506,707,201,1,15947256
5c832d0ab792baec,309,354,45,1,4526800
5c82f39cce122d60,1077,1362,285,1,31346002
5ca8cfdc40450ee5,436,623,187,1,8650178
5c9e17d49b3f2fa1,808,1083,275,1,26174989
5cac3cf3ac15362a,300,361,61,1,6368398
5ccd908b1b24a775,26,38,12,1,711327
5ccaf453c058a45a,466,642,176,1,11629695
5cc51e6bda5bdd30,763,949,186,1,16401127
5cda266b7b892a06,264,296,32,1,3863918
5cce19db8dee2142,1043,1272,229,1,21172087
5cdf7794f01fa571,288,329,41,1,7868299
5d0ba2ab705b9c23,277,313,36,1,4158284
5d126ba92c05f056,265,303,38,1,3667442
5d14a82c0132aaf9,225,283,58,1,8313484
5d211cd36416a3f8,486,583,97,1,9022008
5d14859d91591cd3,1061,1244,183,1,31498113
5d3230cd9007b0a3,25,35,10,1,599811
5d299c77113057a7,88,130,42,1,2110947
5d46d6ed6686bebd,282,319,37,1,4161869
5d4560e6c91f0046,246,331,85,1,14333843
5d1837da14ba19ce,1530,1906,376,1,46899767
5d2556c40d5355c9,651,933,282,1,26509667
5d4a7bcc9e082638,198,208,10,1,3373996
5d4850d3ef684614,792,1128,336,1,26434805
5d6858db1614dbce,306,398,92,1,11944361
5d7959b363408753,214,227,13,1,2331061
5d903a48cf0bbb5c,41,49,8,1,810394
5d7bc01a6c06b146,433,513,80,1,11042137
5d748fca3355b454,717,977,260,1,27979644
5d9c085c2725550e,90,116,26,1,2091528
5d99ded9570fb028,96,138,42,1,2217662
5da6e9151dac4e67,209,214,5,1,2075102
5da6b5f438163115,241,263,22,1,2867894
5da39254358f8e29,230,259,29,1,2763396
5d9fe3f7eee5af0e,233,299,66,1,5475229
5d20279f404e3fa9,3016,3791,775,1,106472620
5db8b47de37cc99c,255,282,27,1,8053264
5dc14952515573d3,26,35,9,1,594756
5dc84b7b8c7daec5,46,62,16,1,1645350
5dc58ee7401c09ac,329,385,56,1,6166360
5dcc050ce0aaa9d5,91,117,26,1,2774712
5dd223a2d2c66c7a,199,214,15,1,2303225
5dc7c30b0eb28c97,477,661,184,1,10782138
5dde22f272aea58e,138,153,15,1,1992460
5de3e15bcb8c75a6,136,147,11,1,2458704
5de702c62f739bd4,218,306,88,1,4539124
5df5c04bb5c39170,136,204,68,1,4215033
5e0bee7e2b890bc9,252,284,32,1,5591804
5e1e9dbb3d553987,246,359,113,1,6102386
5e262aa85e330bc3,46,54,8,1,772301
5e28cc64b071d4b1,38,49,11,1,813591
5e164d598f40cbe4,540,731,191,1,17867480
5e2747d650330b5c,80,114,34,1,2852606
5e3df60565803f86,100,134,34,1,2158743
5e3b2f54e6092a34,320,348,28,1,6665004
5e4e7fad71ec0047,42,51,9,1,1114969
5e45dd185fc7f9d1,213,300,87,1,5730867
5e5541d5608272a5,10,13,3,1,252915
5e5818018c05b612,17,24,7,1,510989
5e5e1ce10d56ae59,130,175,45,1,3019581
5e6746a066506897,257,284,27,1,3385457
5e6a34148300b51c,30,32,2,1,553658
5e72773d42b2cfc4,23,33,10,1,657408
5e73437531b63da5,64,93,29,1,1452571
5e70d0ed3793a898,151,191,40,1,4197113
5e6015ad792ca71f,1124,1420,296,1,30237759
5e7ca64b6686a1ab,103,140,37,1,2498181
5e6cb2caf657da86,719,899,180,1,18460674
5d9545e508a28f0d,1665,2572,907,1,243053477
5e9435628ed0bedf,201,214,13,1,2059295
5e9ce8b84401a8fc,24,35,11,1,679841
5e8a5b804735ad97,443,546,103,1,8769254
5e9b724ea51e56ca,154,200,46,1,3758283
5ea73b424487fbad,187,200,13,1,1899150
5e9eab095d01a71d,1132,1625,493,1,39880204
5ec83542290cb5b2,65,93,28,1,1762125
5ed4ffe5b225dcb2,67,92,25,1,1985773
5ed5c0138887b9e8,77,97,20,1,3311484
5ebf46db00c7b527,1125,1569,444,1,45229284
5ed7a0f6e8d9b0df,3,3,0,0,107384
5eecf69f80002975,66,79,13,1,2638860
5ed924f55aaf2131,192,201,9,1,4688817
5ef970cc6f081ae3,287,330,43,1,7365486
5efa9be2a5573820,276,364,88,1,13650548
5edd380b0a6a9b8c,700,962,262,1,27520450
5f2dbda8057fbbd6,201,215,14,1,3563936
5f15b79e38dc927b,451,579,128,1,14540389
5f412edc98d943b2,25,29,4,1,641137
5f392f40ffc89f81,118,123,5,1,1199882
5f3e79abc74b93b2,206,224,18,1,2529660
5f3bf01cd2785e3b,190,222,32,1,3053659
5ef6f7462855138b,1232,1730,498,1,50137801
5f46562828ce1b2b,81,109,28,1,1973175
5f3de80c63e40df6,351,439,88,1,6466653
5f424843de769ed3,303,338,35,1,7006023
5f2568a5adaff9d5,773,1087,314,1,28331704
5f0e88f7dc4ec2a0,1387,1890,503,1,56288248
5f431a9944e3d85c,811,1020,209,1,24913148
5effc58b01586b0c,1935,2620,685,1,65516946
5f575f6bd7b64fb0,342,405,63,1,12598929
5f591ee56c9de0f3,335,399,64,1,5245831
5f6b52f1bfbbf8cb,7,11,4,1,233440
5f665f8725c2546e,96,125,29,1,3726547
5f70f4a3b75acbee,90,121,31,1,1939693
5f2e7f35eed71f99,1179,1650,471,1,44314378
5f75cfa12e41018f,63,80,17,1,1150055
5f4c4a7ebb600ee3,979,1414,435,1,24248523
5f73721e6bb67dba,108,153,45,1,3420540
5f7bcd57431f160f,84,115,31,1,4307356
5f7f9cd2c5b1be88,10,14,4,1,485836
5f7ae6ba70529507,310,364,54,1,6961801
5f8523b269147704,328,400,72,1,4297289
5ee55a0a524f0f8f,2855,3686,831,1,111021101
5ed21dea596b0da8,3944,5038,1094,1,130494286
5f935406376bf5f4,99,143,44,1,1672812
5f8e6ec7ed7ab720,337,399,62,1,6066601
5f8b825f1d5696bd,493,663,170,1,16521153
5fabbf4cf5409647,178,251,73,1,4068648
5fa80349d3446897,240,322,82,1,5654202
5fb34dfcb92d4bc9,185,188,3,1,1994423
5fb159ef4c261702,311,358,47,1,5267066
5fb88daf7f52bd5a,47,69,22,1,1091462
5fad265549c6c01a,700,892,192,1,14779104
5fa4c8e5658851de,1007,1261,254,1,21672424
5fba30259236d401,965,1212,247,1,26577694
5fc334f5e1aca010,28,35,7,1,1069800
5fc7e58177eb7352,26,35,9,1,1208470
5fca75e152a9e241,101,136,35,1,2374042
5fe22cb5ffcc8959,19,27,8,1,369852
5fb55f5773ec2c9a,1115,1602,487,1,51055706
5fe74b51a6b36bd7,48,65,17,1,1205423
5ff4366070637ac8,3,3,0,0,79228
5feae4111e76edd0,521,652,131,1,10803697
5ff3675ce1e8cace,257,283,26,1,3429988
5feec76993966f5a,652,793,141,1,21235393
5fc7e2df0f0bbeaf,1741,2318,577,1,60763672
5f895713aef992d7,1448,1983,535,1,138514323
5fb61c33cbcc10e4,3266,4335,1069,1,143974042
603c423f5dd77eda,10,14,4,1,308689
603f9fbfe24ee5ef,80,112,32,1,1255199
60024b8f3a9de886,247,323,76,1,5674673
6025dc1801f8a4fb,417,530,113,1,8905668
603a6a22467785af,501,623,122,1,9367463
60103e81c133007d,767,985,218,1,21145516
6064b2e436230cdc,18,27,9,1,475996
60647ca6b7a17fa3,257,291,34,1,3841793
60655a13413d83cf,245,271,26,1,3784870
60625a50068e1b81,333,399,66,1,7799791
6084fbb0dc9a59ac,67,95,28,1,1393740
6093d3541b81e594,351,394,43,1,5534625
605e66b7c1585b23,1281,1708,427,1,49851040
60b1d5dc84daac6d,90,122,32,1,2144139
609abffb54a0164e,105,160,55,1,4855175
607d0cc1ecf00f1a,1634,2213,579,1,47344647
609dc8af0c9534bd,326,388,62,1,11059354
60ba6488408cfe07,266,301,35,1,5978050
60d3445fc5895b45,16,21,5,1,745193
60c38766d5fc28c0,432,521,89,1,9422351
60c4393671fbd3df,594,809,215,1,10177704
60bd14b758aff907,357,506,149,1,11918786
6098a3beacc8d34a,630,861,231,1,34951526
60e2bac5fee3eb41,3,6,3,1,171164
606559c0f5910a4c,2374,3140,766,1,101463273
60dcbdef0c688ca5,427,487,60,1,12318653
60faacf1f5be0ec4,5,7,2,1,222602
604f6b7ab8b9b101,3401,4520,1119,1,128600029
61083c64451b86eb,92,130,38,1,2673496
60f77e796cb653e9,396,487,91,1,7954008
610d3dda12017a33,102,136,34,1,2316601
60944ce495f6c051,1953,2563,610,1,77404763
6111ca007dc41486,63,80,17,1,1371966
60e188e4ba056d47,1086,1398,312,1,29009790
611485cdbd4aef71,155,227,72,1,6006409
60ee69de73e4d584,1707,2202,495,1,38277083
612c3b9c6915ece7,94,125,31,1,1409852
6130331653749303,272,315,43,1,2770405
6131211ce927cf10,290,328,38,1,3392023
61181d2f1400acf1,184,234,50,1,3793195
6139d6450e9290fe,464,665,201,1,13771850
61469ef526baa5d5,298,372,74,1,5374425
61546b62acf6988d,354,438,84,1,8450002
61763fe0272089be,3,3,0,0,76856
616f719ae72e24f4,47,57,10,1,782172
6168072ed83cd08e,332,399,67,1,7480678
61817b3e36169c7b,13,18,5,1,365148
6163a4059379372e,334,472,138,1,11138395
6112774adafb184d,3162,4105,943,1,83935300
6179cbdbce7200dc,565,705,140,1,7042719
616ba17ce5ca5f0e,1015,1302,287,1,22124009
618dc50a8fdefa3d,97,134,37,1,4584259
6197b635b9ac9c02,54,90,36,1,1503173
615a85dcbacb92b4,1432,2063,631,1,45525793
61945c2c8efc1304,626,790,164,1,10210825
61b667d123747202,18,31,13,1,309123
61b12852e5f97455,103,128,25,1,1597333
61b25ee702bc952f,258,291,33,1,6989252
61d2b1585cc8c3fb,55,76,21,1,1572371
61c9a04a878ea992,208,228,20,1,2376744
5ff0908eb75ac49d,11148,13562,2414,1,384407997
61c641fa709fda48,1107,1590,483,1,24218153
619ee4b3591a1ca5,3490,4801,1311,1,88403676
61fef2f9c7641043,27,35,8,1,983354
61fd428dd3dd9cc1,139,175,36,1,2991574
621a7b0b522a0d9d,40,56,16,1,2277740
62198760a33b8f43,154,209,55,1,7454898
620dafb34d3edf60,273,322,49,1,7396905
6214991c9a2a5bb0,534,647,113,1,11026329
6227dc41435f1084,269,299,30,1,2585825
61bf5de012551614,4340,4981,641,1,101996933
623172f1c073c3f3,94,127,33,1,1728608
623cbe36247b0e22,100,124,24,1,4025777
620a64657f1358b4,1468,2026,558,1,55165878
62418671e67d3cb0,318,388,70,1,5823888
624f455241bf503b,103,140,37,1,2249987
625fa90314d4dcb8,83,111,28,1,1958188
6269171bac7a77a0,26,31,5,1,602935
626fdbc6f73c3c21,193,199,6,1,2697797
6270b7f55544ca2e,98,134,36,1,1840259
6239243cbbcd3d6d,1554,2033,479,1,42261826
627f57f8291cdb25,41,50,9,1,1190804
627bf067da135b0a,257,290,33,1,4168249
628c2d6335327249,300,329,29,1,4830368
6281de8fd9796e3d,134,179,45,1,5486649
6279dcc1c2787c51,262,302,40,1,6246059
628eff3270b807a1,102,138,36,1,3317635
62942dcf15002156,94,120,26,1,3661221
627cd701add65b21,550,763,213,1,18931393
6275dab0f2438331,397,535,138,1,21138112
627af1da2149ed06,694,842,148,1,22856373
629ccaf23a8e1ee6,455,552,97,1,8423959
62aa2861c2d83d90,10,16,6,1,641623
62a5b1dac1156d6c,71,113,42,1,1818798
62b19056e3753a24,93,124,31,1,2259225
62b3814a0402c1d7,321,382,61,1,4860506
628cad7db969aedf,707,952,245,1,50448252
62a4e124cbb7301c,739,975,236,1,27459249
6275367ee98ec38f,1909,2376,467,1,68217649
62b3193b315ebf13,618,838,220,1,17795205
62a4b35930011dc4,885,1150,265,1,40045114
62a6c30e45a44b01,1175,1625,450,1,35186564
62df38cd1c3c97f4,102,153,51,1,3417764
62f338433cc511e4,42,49,7,1,1114420
62f0aa3e65e7eba6,207,224,17,1,3963657
6303e646bcd908eb,102,136,34,1,3531499
6306415a48571b41,250,285,35,1,3169859
62f7e355d7118543,637,809,172,1,19648953
630603ac4d89b835,595,736,141,1,21786630
631d3bf4cf61e0a7,6,6,0,0,181112
6314f5e693557285,23,32,9,1,779426
6312c37a9fdcb366,94,130,36,1,2145076
63227d026b56390b,76,103,27,1,1117180
62e40b1ed399c2d5,1270,1745,475,1,55063187
6327611e6575e6a8,307,364,57,1,4045817
6329181e6466a300,233,293,60,1,4036370
630e3cb6388a5b37,841,1188,347,1,22316723
630f45ebdfbf3c95,960,1225,265,1,25358864
6337d375bd513973,99,124,25,1,4014559
63126012c084fb6c,886,1230,344,1,29237413
633b0148c9958d51,323,390,67,1,8990459
632d4158a807eb32,711,902,191,1,20783706
6355e8f23d8dcb35,4,7,3,1,170529
6342eef7eec56c0f,40,49,9,1,1070006
63518a6988bd7bb7,266,298,32,1,1998648
634574733bba188f,360,410,50,1,2989070
636b3adda2737fa7,2,3,1,1,45313
6368f08128ac4df7,226,239,13,1,1375843
635ec790c553b9c0,345,405,60,1,5568589
634a53a5ca62590e,258,343,85,1,6906731
63057b3e92c860f5,2180,2884,704,1,72933535
637357d52deea193,42,49,7,1,585483
634965cf7d739b96,535,746,211,1,12398642
635accad2d0125ec,516,641,125,1,14357760
6374c94438d3f0a7,164,180,16,1,1344407
637c4fc350f8859d,30,40,10,1,2143818
637797d86c1cdc3c,250,281,31,1,6595969
6384e34e998fe7a2,170,189,19,1,3272240
638ae469a0978793,96,120,24,1,2005165
634b50a11c2e6e22,1317,1677,360,1,33168900
637f731d5afe4cf4,409,536,127,1,10089103
639b341f75e6d7d1,280,378,98,1,3632631
639deab22a2465a6,254,310,56,1,5614798
62afa4781d96e91c,4564,6039,1475,1,161401478
63863e0e4f763cc4,801,1037,236,1,19832059
63b454147fb423d9,95,132,37,1,2197170
63b79c4df702b6f3,265,292,27,1,4732539
63c333d085a86c01,106,134,28,1,2113210
63af0b6aed631fba,867,1117,250,1,22756419
63c4184756e8bb74,109,157,48,1,2972123
63386edf6999c92e,2742,3696,954,1,85472440
63c84fe5e7487830,9,13,4,1,241882
63d1c3ea817c0c02,74,99,25,1,1943061
63cbc0429a4de5ff,237,291,54,1,4915274
63d243d4c8d410a7,274,323,49,1,7639214
63dfd93a44c21498,24,34,10,1,631490
63c509eba443b54a,675,891,216,1,20436720
63df614f7d108d2b,104,154,50,1,2627930
640ccb64f4f998e7,264,289,25,1,3289219
64290e8ebf2646ab,53,70,17,1,1699774
63e6f742c861b3c6,2116,2795,679,1,79862161
643a35751c936530,411,496,85,1,11847236
6454d8cdae706743,61,79,18,1,1158969
644ef1da7dca29ec,138,203,65,1,3249186
6451092e0e4e4606,105,153,48,1,3637647
644b998c1a417a02,287,352,65,1,8366342
6459b2cf881cdddd,202,214,12,1,2155366
645a804c4f845836,83,113,30,1,1538932
640adf8ca4d1a48d,3431,4723,1292,1,121008819
6432bfb89e2890f6,2873,3823,950,1,91183240
646ed0ef2b6b9f38,187,194,7,1,1901627
649da244ab71bb62,9,12,3,1,335560
649b21a3b9cb214a,98,127,29,1,1955862
64d9815ce48df2ae,31,38,7,1,840743
64d62cec8df3bd46,264,300,36,1,5811776
64ec5db476a5c465,589,802,213,1,15933604
64c7c4e43dc3de68,452,633,181,1,17088093
64bbdf1570e517a0,355,436,81,1,17593053
6489942b0140b335,503,635,132,1,19262853
64e999bce8a047c3,665,826,161,1,18608563
64d5829c38e7a585,533,729,196,1,19972608
64efbeaee655de45,630,883,253,1,26930327
64c599968045e0c6,2034,2639,605,1,54486071
652e908c5faab99d,69,79,10,1,1113922
651e5668b30f5f4e,118,123,5,1,1557042
652388f3a7025315,112,153,41,1,2310266
652939e81da335b9,85,135,50,1,2403796
650689a98599b05b,145,201,56,1,3825709
6510d9ca3c654e7a,268,304,36,1,3759588
65411aba6cfbf199,116,123,7,1,786869
654aabbd99d17ae5,159,197,38,1,2503997
65681065ee005732,320,382,62,1,5028723
6537bcc69679897f,242,271,29,1,2956573
6573248f5047938e,20,24,4,1,336818
653b4b5022cfc31c,245,292,47,1,3396202
65800e6e7095d51b,75,76,1,1,462322
657c3a2d6706e230,105,134,29,1,1972385
6579df2a995f9631,206,228,22,1,2057582
6588dc7113bba125,39,49,10,1,476189
65722bff2e1ed321,799,1044,245,1,20118106
650495495a562e1b,1769,2296,527,1,53888939
65a1cebc67c8b852,145,211,66,1,3241060
6536ea0ad832c504,1200,1493,293,1,37291513
659e04d675046894,236,255,19,1,4732231
65a1527b4a2881a7,299,379,80,1,5494921
65adc34eff268f7e,325,443,118,1,6699676
65682dea4343e325,1810,2353,543,1,43566464
65b904276667cf8a,286,331,45,1,6757332
65da45858173aaa3,168,210,42,1,2140150
65978b51f9738f08,1141,1408,267,1,28527499
6499781fa80a0356,4176,5435,1259,1,150544216
65ae6ab02d7e90f7,938,1258,320,1,28094158
65ddcda2db0267e2,220,279,59,1,5756660
65f60e7a337e6205,200,214,14,1,2218347
65f52df883fc2b85,220,277,57,1,4292033
65d10329584664fc,947,1376,429,1,17567857
6586e13e682f9d1b,3013,4203,1190,1,92568954
6627254d508117a9,117,123,6,1,761140
66491af3cf18c6d7,38,49,11,1,1016508
6648d7ec70d448fc,65,100,35,1,2723204
663cdc5ca0b2f2ae,93,120,27,1,3631750
6657e100d933fb37,217,303,86,1,4599283
663837cc493c410e,459,624,165,1,13046509
6681b53617d2eba0,28,31,3,1,950042
6680abba4c0595b5,218,232,14,1,4708954
66762e3f2141ad17,273,304,31,1,5307170
668252d8e87eaef3,400,467,67,1,8888220
6671343723325b64,291,411,120,1,10827178
668c81533ced6b03,897,1254,357,1,23960206
66811e1d206b0be7,1150,1610,460,1,28703160
66b7d443368c6e5a,277,320,43,1,5757276
66bf31aedf08e52c,2,3,1,1,157213
66bddfe4d01e77b1,118,123,5,1,2904564
66ba6e7884e1b334,152,167,15,1,3748905
66c0600297e7966a,255,288,33,1,4128312
66c83df25b3efb60,6,7,1,1,188478
66c099d9afca7847,330,452,122,1,4571467
66c346dff3ba3da8,232,329,97,1,4919093
66ba5dd923cb9426,423,481,58,1,9902918
66d7a5a10305f145,38,49,11,1,678256
66d63431b3e560af,130,186,56,1,3095687
66e25e3641224ecc,13,16,3,1,262816
66eba94b21b27ed0,116,148,32,1,6711837
66d6ef64cdb2f0c6,763,1002,239,1,21453569
66f6d73a0a66628a,25,35,10,1,362595
6479a79ffcf29380,11673,13856,2183,1,352639834
6605d0808a5e70cc,4455,5793,1338,1,147258691
66f8c393d27a79e6,198,209,11,1,3005699
66ffd90297cb7f60,30,44,14,1,877839
670111f8729f7d42,103,136,33,1,2796304
66fc0f5b04365605,435,611,176,1,19189792
671dd7f75ee82a19,203,214,11,1,3054069
6717a2e2a08ab532,93,127,34,1,3580365
6726c8f283fce1ee,316,398,82,1,6161414
6711a80b6172c704,316,352,36,1,7278707
662375b62c3f0a8f,4937,6535,1598,1,159827174
67115f16840db978,869,1150,281,1,19890048
665e757e1cb0331a,3481,4804,1323,1,139400390
673319a593703d07,98,133,35,1,2920891
66fe364259a336fe,1800,2422,622,1,48469998
6728195532b163ff,1436,1804,368,1,31420259
652bf59f8db74cae,5041,6332,1291,1,397314021
6760a27a9cf8d844,17,26,9,1,381244
6743cb55a52863eb,91,130,39,1,2612712
674fa8b7f18bba83,262,283,21,1,3074872
674a5e01d5599f3c,136,200,64,1,4257140
675c0d2773ba1559,257,283,26,1,4596920
675354684f530dee,330,398,68,1,8695425
67680c75a013100f,322,391,69,1,8858379
673f3d1eef7dbe1c,412,591,179,1,16484690
674dbbbba82f09a4,1142,1560,418,1,32194608
67b28c1c85e48a5e,107,136,29,1,1337081
67acb75cfddbc7b7,220,253,33,1,2250259
67b2e89a528b918c,371,451,80,1,3796444
67bf1dcdef8f8aef,41,49,8,1,458514
6799c700fc660d37,770,927,157,1,13921504
6793f44d9c0b9b6a,499,631,132,1,13706756
67d263626503aa17,60,87,27,1,1809499
67cc711d62cac6d1,520,663,143,1,11165008
67ce7e47e8e78b70,441,619,178,1,17318158
67c047470b16eac4,1179,1652,473,1,25814996
67ef0b0c3b533bed,329,437,108,1,6567146
67f4d2a5d65faaf6,175,258,83,1,4068286
67e55ec4445f6f89,812,1132,320,1,12597605
6746e79ffb4d039d,3312,4284,972,1,97842048
64e79e4254a0ad38,10749,14596,3847,1,539679976
67fe8a13fe01ee0e,445,529,84,1,13970629
67f89747c889cd84,582,801,219,1,21315605
678885ee4fe8880c,3936,5110,1174,1,111067204
684004ec9d9ea839,42,51,9,1,793177
6813a0ec56b059bf,223,247,24,1,2540998
68159b1292384c7f,331,395,64,1,2978142
680644ea0206b7a5,104,146,42,1,4468993
684e07c2e6708a05,7,8,1,1,307346
681f28dc13f5eeab,389,489,100,1,7610836
6833966b97375980,295,348,53,1,6301418
681fdccfc37aff4b,1099,1348,249,1,18750731
686400451e77b01b,197,206,9,1,1655992
68719417cca63ecd,315,355,40,1,3913382
687c811a5a306076,90,131,41,1,1577994
682883e2269299b0,1051,1397,346,1,43438189
6876e9795730dacd,475,679,204,1,11506177
6886442873ac9f8c,285,311,26,1,2252256
687fc6b8d9469950,299,379,80,1,8235849
689f117cb0dc70b2,191,197,6,1,1727915
68aa30cb6dfd5d21,2,4,2,1,115913
68ac792f1bfa7818,25,33,8,1,742870
68a99dff754cdd78,35,48,13,1,1277635
64547f6fdb9aac6d,13899,18613,4714,1,737769626
68a4098f7cb6aeb5,431,497,66,1,9064384
68a5776c6ce32f13,599,767,168,1,14129252
68c4a194e232f0eb,834,1030,196,1,12182836
68cca2911883727b,593,788,195,1,18361965
673caddec570fda0,4828,6009,1181,1,293664505
68e9186fdc034bd0,280,329,49,1,3441363
68f73a8d15f6e85c,39,48,9,1,752371
68db00b45c16e2c3,514,691,177,1,7581430
687b1da635479098,2621,3404,783,1,73439921
67fadbfa300b82fe,6617,8624,2007,1,247938481
69188528cd98c26e,34,48,14,1,627572
6923d6f93f5e2e1a,5,7,2,1,102748
691c10ab9fb347da,196,207,11,1,2015581
69171c1d505cc2ec,189,272,83,1,3921757
6931bca79427e6c7,154,167,13,1,3917382
6937c1e374c18a5e,239,261,22,1,3932901
695beafc7d913161,6,6,0,0,148393
692971f432350c8c,270,311,41,1,8369445
691cc9910e7db936,476,558,82,1,11377458
6944d6fb89153a8d,268,302,34,1,7080651
6950cf747211873e,185,264,79,1,7515243
69916a31950244d5,777,1011,234,1,11175430
695e1428288fdd03,858,1130,272,1,22312717
6920b6d85ac9aba2,789,1077,288,1,32087890
691cbcbca3a535e6,1209,1714,505,1,36717020
69a277aaee416b4e,259,283,24,1,1671522
692b80ab97717298,1536,1916,380,1,46031728
69a7ba74698608ac,529,739,210,1,12056434
691883214f0245ec,2614,3368,754,1,79585418
690f23a091651e29,3668,5056,1388,1,148966551
698cd77f3b71e9bc,3554,4793,1239,1,117939254
68f9487e809b9119,11246,14920,3674,1,494588152
69b90efcf239841b,3,3,0,0,121077
69b8d16a6ce4de61,101,134,33,1,1525421
69d4962298ab6c45,190,199,9,1,1968439
69e0aebcd0c998ce,183,188,5,1,1056676
69d8f638b649c6ba,260,299,39,1,2935492
69d6d71b389face4,120,156,36,1,3542940
69bb3413eb6e117c,159,196,37,1,4189441
69f96d2b376840bf,78,119,41,1,1469842
69d15f6b2e5edb05,252,277,25,1,4405382
69a9d7d32e027319,222,272,50,1,4943297
69c66221e32ce87b,279,312,33,1,5122679
6a23108ac7bc02f8,64,86,22,1,1878948
6a2172761d97cc96,110,158,48,1,3082904
69ea2b47eb99b916,335,403,68,1,5582693
6a35c27b330d4ba1,222,311,89,1,9359071
6a0248009976a817,399,529,130,1,18294817
6a2b7680f41fe63a,357,430,73,1,16846151
6a4549809e0e4cc1,64,86,22,1,1362390
6a3664d58a24986f,679,836,157,1,18057283
6a541c927decb7a3,196,255,59,1,5134577
6a6e6628942ebef0,95,134,39,1,2154190
6a3c1af65ca61ed8,332,393,61,1,8990556
6a595d7b73ef261c,364,488,124,1,4881025
6a716867a07680d9,91,107,16,1,2508989
6a6ec080a8005e18,249,283,34,1,2808752
6a9305ea9b96c3c4,256,291,35,1,3147777
6a7ca8f9e438e952,438,531,93,1,6334056
6a9d6294fb7dd6d0,139,194,55,1,2462099
6a9f40f70b5a59b3,194,203,9,1,1837045
6a8e99f0f08db7fe,298,424,126,1,10529210
6a9fba4861d1b0e5,328,419,91,1,7270490
6abafd6a9bd5e499,6,6,0,0,162784
6ac437c7ead081ad,26,40,14,1,1117199
69b4f4018ab45f6b,1052,1458,406,1,52524683
6ad6ec6e91529f7e,79,128,49,1,4006233
6ad7c14692890f40,101,139,38,1,6254379
6adfde6cd6617fd3,188,194,6,1,3851788
6aa735426b55eae7,416,499,83,1,18544703
6ae25b781cec1814,251,275,24,1,2215698
6ae66632fb0fa232,100,132,32,1,2144060
6ae9232050e0c5cc,307,350,43,1,4039034
6aec8499d4fffe84,264,351,87,1,5541599
6aea839c2013355d,261,323,62,1,4285304
6a3566821223c771,2052,2682,630,1,61362747
6b0a373e6d7af374,81,115,34,1,1273045
6b16afa0c32561e3,25,32,7,1,412692
6a0871802d80deb7,1872,2501,629,1,67902423
6b172483364a4c70,16,27,11,1,327765
69b13b806c6f1b10,2118,2747,629,1,73784348
6b1c850946ddb011,258,277,19,1,2451113
6b2f9cb99c29b2e0,196,206,10,1,1789575
6afed304ff9eda60,567,763,196,1,8565254
6af1d2ffcb5c002a,744,1045,301,1,11339384
6b3bd7a57fd6a0e2,39,53,14,1,884080
6b5a3ba900a2572b,3,3,0,0,48526
6b5ffbeeec7e1b11,101,139,38,1,1389946
6b501c75bfb58d5d,272,297,25,1,2002498
6a31077455a437f3,2299,3001,702,1,59359129
6b28a2225dff253d,420,541,121,1,10086276
6af72207405515a9,702,863,161,1,17657871
6b789125a324c999,114,154,40,1,3631128
6b814657475e15b8,376,434,58,1,5110719
6b842673b18f2f54,353,442,89,1,5668955
6b5bed157302a81d,421,533,112,1,16376266
6b8cad72b7115c11,133,154,21,1,1461185
6b9d65ad06c152ab,5,7,2,1,78702
6ba154ef048d5845,64,79,15,1,1026328
6b92a6938c8075c4,315,435,120,1,4091396
6b722907636e6121,800,1012,212,1,19726801
6b92eaaed9670859,341,432,91,1,6384516
6bb7c011ae01ebba,114,141,27,1,2194408
6bb903bbbf13d50c,35,48,13,1,751538
6b67fd74c77b46fb,985,1251,266,1,25461231
6ba114649029e4a2,888,1111,223,1,13584514
6baf0d5f702c86b8,666,878,212,1,13242434
6b382cd23f12951d,1263,1697,434,1,38643408
6bc53badc1199412,442,593,151,1,16822692
6bed5fd1c439a119,223,298,75,1,7088116
6be129b05c6bdc1f,586,811,225,1,22098339
6be9d655d997ee62,587,783,196,1,19457948
6bfe68dc024cf5d9,16,27,11,1,409719
6bf79cfd2819b7b5,283,336,53,1,3822734
6c02956497371931,253,283,30,1,2880069
6c0828fa035629db,94,131,37,1,2043870
6be8ca5c1482ce1d,1125,1592,467,1,36250536
6c0855361b9142d2,495,604,109,1,10423953
6c1def72d6adaeec,77,121,44,1,3010900
6bf398e26b83744f,1239,1562,323,1,32463755
6c32c88333dfcb74,231,251,20,1,2147991
6c315b70e97f9126,681,805,124,1,10372948
6c2c174ec8bb5af6,567,703,136,1,11376037
6c364cae2ffba874,305,346,41,1,3485145
6c498d019a9e36fb,28,32,4,1,358889
6be319de469c13c4,1834,2494,660,1,44016925
6c5048bae753fde2,3,3,0,0,59990
6c4d1a3432f09bd6,426,510,84,1,4753852
6c513fc50ab806d3,180,229,49,1,3737852
6c45da9dc8f13384,821,1062,241,1,10298053
6c62d261699ca2e9,241,253,12,1,3591915
6c53965d3cc7f125,453,539,86,1,7102030
6c54895f913934e3,324,399,75,1,7198902
6c7cb04eb8b6bdcd,239,268,29,1,5207819
6c847007e959ba8e,267,293,26,1,7660785
6c926fd199e4ceca,114,153,39,1,2954834
6c94eb70a3fa956a,136,164,28,1,3633720
6c9e1b818861f903,402,562,160,1,9625925
6c9baff73abed056,563,717,154,1,10712658
6c46ca7587a23f40,1617,2288,671,1,44394654
6cbccab9078b53e1,320,404,84,1,5914760
6cc452c3f12f0679,81,112,31,1,1900648
6cae26ef99bd24d4,617,794,177,1,15066213
6bfdb74978299954,3043,4322,1279,1,106119778
6c6f64fb976cc0fc,1924,2512,588,1,59820982
6cdab0c7ec4b95e4,17,23,6,1,398257
6ab091746698e761,5551,6957,1406,1,192978239
6cd9d7694eb4cb9d,308,375,67,1,9460042
6cd7a29128c6c424,649,857,208,1,26082496
6cea35b35ec800ef,380,498,118,1,7548127
6d003d033f292a52,202,214,12,1,1271693
6cdb80cae72905fc,864,1124,260,1,18080336
6b76f9a7391ab012,5737,7562,1825,1,190378839
6ce81b7e58d5949f,761,1036,275,1,16837687
6d1def643b5080a6,188,199,11,1,1754658
6d19cc3281fb1297,297,332,35,1,2884258
6d1cfc8db80bbb98,276,361,85,1,7434802
69eb04d48ceba0a6,6210,8342,2132,1,317740216
6d466a510b545791,121,170,49,1,2632990
6d527fdf625d2ddb,248,276,28,1,2669460
6d4c7d4e699a89a6,357,439,82,1,4633773
6d50217ad82869e8,436,549,113,1,6995604
6d5422bc12c02e48,822,1050,228,1,10596132
6d70697c7f902f42,184,187,3,1,1972837
6d650442aeee9bf9,127,177,50,1,4256620
6d7065365af412f2,240,272,32,1,5224288
6d6d2830316f352d,293,337,44,1,7521878
6d708a7c99731a00,431,548,117,1,11977374
6d6cbb69cafb8004,487,602,115,1,13419421
6d93a7a43f292000,43,64,21,1,746559
6d87a138f8a5ec2a,341,413,72,1,5284605
6d9dbd890edff51f,6,9,3,1,127347
6bad5ebe0ec4cf82,6658,7741,1083,1,283421921
6d793b43e97a991f,1417,1783,366,1,22763034
6dade87715b9ef6d,27,35,8,1,432743
6d9ec1a553174021,608,751,143,1,7665909
6da9de44f6377b41,323,438,115,1,9182859
6dce9e3ff57e3796,2,3,1,1,99211
6dc57c981a7fc931,193,202,9,1,3984766
6dbb5524244d8b1e,193,201,8,1,3778526
6dd7db7897e06f18,9,13,4,1,143016
6a085651680625e2,9199,12328,3129,1,417107338
6d9cc00aeffe8b9e,1261,1703,442,1,31083992
6ddf2c70dc1b124f,24,35,11,1,432706
6db624fe91aeb977,845,1122,277,1,11246001
6d5d9be1739834f5,2957,3764,807,1,72166766
6df665a1fd62205e,4,6,2,1,922412
6de11c0eedc102a5,876,1251,375,1,23806227
6daddf5229b7c4f9,2025,2619,594,1,47876593
6e0677806302cc99,289,345,56,1,2652156
6deaa3e6192d442f,750,1048,298,1,24920558
6def497dc91c0581,675,911,236,1,20315580
6e0fd543f0993a61,189,194,5,1,1043396
6e192480d2899b51,332,434,102,1,5103945
6e21e5bb89ec09bf,84,115,31,1,2157778
6e1c85e377be2462,432,497,65,1,4153075
6e30aee997268171,195,201,6,1,1457878
6e278eafeaf2c102,92,130,38,1,2159262
6e392febee587c67,214,227,13,1,4229034
6e3c6615f484aebc,16,22,6,1,569183
6e3c3edde976c1a1,26,36,10,1,850712
6e3f95e8c1ba2e2d,10,16,6,1,532137
6e0df03b1e5cf4ee,1199,1677,478,1,33810936
6e240a342ffde5b0,919,1236,317,1,23567932
6e4ed5f3c18dfeda,7,7,0,0,118060
6e5358c5c4dc2500,92,131,39,1,1596695
6e52f31a45598f59,319,381,62,1,3367536
6d1bc1204a4de32e,5933,7748,1815,1,181344443
6e566e1de4117d0b,541,767,226,1,10168781
6e60009466edc796,180,225,45,1,1913657
6e67cb3e87b8d2e5,271,317,46,1,2868447
6e64faebbe04dace,289,344,55,1,3728179
6e51ab8052fe7c48,827,1127,300,1,28853951
6e744089e2bf0730,27,36,9,1,614266
6e79019b22dbebf2,259,291,32,1,2312456
6e5c584b4d7dfe0c,1334,1614,280,1,29449843
6915b77bdb5441b9,8941,11763,2822,1,1106908787
6e8f6d489a5093f7,128,136,8,1,982414
6e8d263af6760bfe,63,83,20,1,1284605
6e96243f0de7cd95,84,113,29,1,2107335
6e9879ae5a8d09b6,96,142,46,1,2312650
6e8b8384bf6aefa3,199,206,7,1,2558510
6e7f75d22cd56ed6,902,1181,279,1,17589152
6e694e3a092ffb8a,1542,2028,486,1,34770232
6eaf141ebb848f4f,405,498,93,1,12102795
6ea3642ec87821eb,743,943,200,1,20611833
6ebe5d4e7bf59c78,26,39,13,1,809133
6ebb828423f59ba9,191,198,7,1,2387626
6e6e24f87fc05bf3,2353,3048,695,1,52740742
6e844603a0bc2908,1875,2446,571,1,39580495
6ec4911447eed0be,84,110,26,1,2305018
6eba3592a0d637ca,438,607,169,1,7231928
6ec984cc83eddae8,324,386,62,1,6791921
6edb8f927918a685,198,206,8,1,1781479
6efa6948e6b00b6e,4,6,2,1,138781
6ef9fd86188ae1c0,69,101,32,1,1190287
6efaea24d7e41e0b,208,216,8,1,1591228
6efac4ff5bc6fa72,208,224,16,1,2309094
6eddf7f36604cf3c,956,1334,378,1,24886304
6f06a1c0cd230c41,280,316,36,1,3800409
6f03490c6b1877b4,395,502,107,1,5447116
6eeffff7a0ce20f6,905,1154,249,1,18012244
6ece72946009d6f8,1555,1995,440,1,36696929
6f0c73f52d16285f,87,119,32,1,3202152
6f170c80764d836b,116,163,47,1,1598276
6f16b57675bb25e0,336,395,59,1,3670495
6f2f95090d69e647,198,209,11,1,1903930
6f361259f8c8d07b,274,305,31,1,3347481
6f59a95fe1e6208f,99,134,35,1,2367236
6f42d36b9b61c4e5,333,403,70,1,7200318
6f37f794f4c85dde,341,417,76,1,8408968
6f49ab75d2f7d0cc,310,393,83,1,11828409
6f66ce78075d4c45,304,367,63,1,11671582
6f3efff30fa86b32,668,947,279,1,22962345
6f52fae91a480980,653,897,244,1,25104805
6f3b52eff1c8284f,649,831,182,1,26601970
6f7887723540c2aa,452,639,187,1,14279739
6f8484da52aaa9b8,288,367,79,1,3875081
6f3fe6a54acc73ea,630,850,220,1,27531945
6f9079427e702366,35,48,13,1,839566
6f8cd4cf7e9c9829,220,300,80,1,2911734
6f1adc16cbe715aa,1141,1612,471,1,32431136
6f99618fbd6ad14e,210,271,61,1,2924455
6f9424353b0ed36b,322,462,140,1,8044504
6fde5b6c6d009588,40,51,11,1,967490
6fc5174c75544a43,249,279,30,1,1898340
6fe2adf37824b36f,95,135,40,1,1178776
6fce3b45663c8e12,293,351,58,1,2798146
6fc51fd7e71878ae,226,279,53,1,3787769
6fce4b734c8797ec,113,146,33,1,3000990
6fe6b0cf1225220b,331,393,62,1,3277010
6fe1e7ef42587da6,311,371,60,1,4933607
6ff75d29a361dd75,44,51,7,1,749864
6fe7686ab22d3179,210,227,17,1,4004883
6ffcb268544fc538,63,79,16,1,2124114
6ff9dce7a5006a02,114,153,39,1,2708348
6fe72ce5a2a043ee,355,399,44,1,6601972
6fd27d6505714ed5,494,683,189,1,12031242
702877c1a69c33d1,97,135,38,1,2089153
70004974150e5d2a,156,191,35,1,3648754
6fd4ffdabe7526ce,516,710,194,1,13970624
7059cad22422d39e,33,40,7,1,741880
6fe94cae8068b43b,548,696,148,1,14640955
702772656791822a,354,424,70,1,11276006
6fc5bac035ad2f74,673,882,209,1,22695156
70608d751b1a8470,213,228,15,1,7067658
706b1df734476129,45,52,7,1,2233833
6fe69c28aed31a39,993,1190,197,1,21158526
70778eef65bcc853,97,129,32,1,3690372
708ba26a12d0b29a,205,218,13,1,6479775
7094ba98c7e594eb,6,6,0,0,51505
708e76d48d60441e,141,196,55,1,6367518
70520bb866745861,419,553,134,1,19178180
708316fbbc49ffd4,270,324,54,1,9743480
7047db858c725dd1,666,822,156,1,20781227
7096e184b86ad38c,28,40,12,1,392518
7089ac52f7fa1da8,484,576,92,1,10772944
703be1276f5deb7e,693,956,263,1,24678188
709731548d2686e5,111,144,33,1,2308353
709d00c764c233b4,370,435,65,1,5515507
70920c82362bc2ae,1144,1615,471,1,19433624
709e69b3630ffdd5,663,932,269,1,12349078
708a03153700a896,957,1333,376,1,37282886
70a99eedda9e290d,89,120,31,1,3938710
70aabe19380ccf15,129,183,54,1,6668715
70ab3a8af9269416,377,444,67,1,11583594
70b962e0fb5ae4d6,44,52,8,1,1028081
70b4c845bfe4dc85,67,97,30,1,1621006
70c6192ea46dcac1,187,222,35,1,3078162
70ce6106588d2418,31,42,11,1,591288
70d3d6286dd69652,64,79,15,1,766006
70c9299f04e8da81,285,323,38,1,5967057
70ba699814a34612,256,337,81,1,6151393
70d9dbd0615f6eba,194,199,5,1,978226
6fcd4168ceb5cd60,2791,3681,890,1,89909718
70d74749ff901d66,184,187,3,1,1840209
70d279a3fd7638b2,741,929,188,1,21464593
70c8db94678afa74,886,1312,426,1,26085397
70ed4d5c722e44bd,7,11,4,1,228746
70ea02a9309877ee,174,223,49,1,2415448
71047c36612d78a5,243,274,31,1,5492648
70f1d8983503deaf,879,1195,316,1,24813657
70a4eb840b954cb6,1198,1630,432,1,97013966
70ad6ad748f77dee,2511,3177,666,1,74002401
70e00cd007894b65,1609,2043,434,1,39938913
7132ead6f5547205,1484,2085,601,1,32897164
6f17bd7ebd695bca,5599,7075,1476,1,459921963
7140c449b8aa7f6b,5,6,1,1,166642
71585167487be4e8,16,21,5,1,354616
714f9ff9ac6d6dbf,68,79,11,1,2579582
715895cd931c2393,82,113,31,1,3605068
717360640e41e640,194,220,26,1,4122900
715fb44b1979e2bc,245,283,38,1,7329895
717fd61a58590d28,6,7,1,1,149622
717191f32559b6c1,10,13,3,1,8858711
718582829158a0cd,83,119,36,1,4977510
71a2787cf0134b7f,2,3,1,1,77772
7151386fc9c46b50,304,334,30,1,13166908
716350b174a8e0ce,200,255,55,1,13308821
715808276face047,246,297,51,1,9943328
7176e73322574074,250,284,34,1,8694522
71b59873acefe82a,31,40,9,1,585235
71ae5fa82cda41e2,102,136,34,1,2312299
713a8daf2a476654,372,532,160,1,16310447
71826ba7ec54d609,317,354,37,1,8329836
71ad9023bdce7b07,268,317,49,1,4192622
71c1e37c1c92c384,179,187,8,1,2111178
71b564a6be3b77f9,314,366,52,1,4769729
71ba2849a6ff20a6,293,343,50,1,4655571
71bdb3fab9ba216b,286,339,53,1,4767518
71cb5764b4c6bb46,226,322,96,1,4363274
71da0ab782555d98,274,302,28,1,3395706
71a0712f380d22a0,773,1011,238,1,20134450
714b67875151ea7a,992,1314,322,1,36492522
71b43259d344fbe4,879,1324,445,1,55769379
71d5864ff84b0b7c,2271,2978,707,1,61690743
71e1e55d67aeac5e,43,58,15,1,866872
722eee735648ab58,27,32,5,1,1109544
722643ba3abc47e0,66,79,13,1,1873921
72097748c5401e54,133,179,46,1,2097163
7241b02feb02c281,185,189,4,1,2786601
7210d40061f8af82,132,180,48,1,3348047
725c1d1056299327,27,39,12,1,632880
72721715543835e2,39,49,10,1,824118
7237ac3a014e8dd6,433,506,73,1,5763545
7232e49da7823d96,259,288,29,1,6015067
729ab476413252c6,4,7,3,1,134809
71ef05ff4306be1e,245,334,89,1,7392799
72a7332d3c6ec585,6,9,3,1,178262
7256405787ced0e8,307,421,114,1,7243218
728bc6052a32861d,301,358,57,1,5513602
7295d4558f3949e6,444,514,70,1,5165949
72498fbf2e327e01,443,566,123,1,18450743
7258013959ef6d32,545,771,226,1,21922433
72b1f23f9408f920,338,406,68,1,6710157
72ba04d79ba4febd,249,269,20,1,3068955
72bc29926e72e3b0,221,233,12,1,2569220
72f158cc1543fd2e,252,286,34,1,2200197
697a716dc38e5395,58006,60954,2948,1,1360590613
7309a7c5adda27b5,101,131,30,1,1330533
72d451eed48ab881,312,444,132,1,5081243
730c4f86d74655de,103,135,32,1,1313172
73145b19f68a62c8,95,131,36,1,1750043
7311d192221525b7,382,477,95,1,3933684
7319ba3ece8678c2,206,294,88,1,2889229
72e10a7a98de25cb,1444,1977,533,1,22262174
7325a7fae7512174,268,299,31,1,3479101
732d647816c20862,183,208,25,1,3631718
731dbb048a32421b,1170,1563,393,1,36580485
7345bd8cacf0d22a,646,792,146,1,8362548
73832519fee68277,83,103,20,1,1129894
736569eb9a05ed8f,92,132,40,1,2151000
7353136e3653534b,211,224,13,1,2110046
73694c9343f3a01f,214,231,17,1,4446223
73648c6807af5cdb,335,399,64,1,5264204
739eb2ce3d23d786,91,116,25,1,2005469
73852c76b2f2987e,364,443,79,1,6586431
734c49b0ad1c361d,458,628,170,1,10502405
73a33523a5df7eeb,2,3,1,1,157603
72d1134dc79bf823,4480,6022,1542,1,124887155
73ae880e4aa0b063,67,94,27,1,2797769
73a2041b931eda34,461,637,176,1,14201053
73bed34fb5a01b31,91,116,25,1,1150852
73c9402a7cf80484,291,321,30,1,2317413
718453eeca67c99b,7634,10043,2409,1,374024777
73dcda126b78b910,44,51,7,1,437352
73f3cd8c69e24a04,29,39,10,1,706458
73d8303015c07e86,1090,1392,302,1,26553006
740116a34c97c5c0,123,158,35,1,2257894
73f1cf4ae4228e27,456,633,177,1,11106668
74162b7d12cc7ad8,122,169,47,1,3591311
73f94f10c1ca2017,656,925,269,1,18069025
73ea55df1a29eaf1,1942,2196,254,1,37108411
7426861837d7bf54,114,164,50,1,5171929
74186a43a5c06223,489,621,132,1,11366219
7435feff8a56fe22,47,63,16,1,2497840
744d2d756d92cdb5,95,123,28,1,2217546
747e268df3e78023,27,43,16,1,688793
745c2c33fe914ed3,93,122,29,1,2264333
7455ecd9e4615184,209,225,16,1,2264673
749386367505c520,5,6,1,1,355206
74b78e2ed2e9dbe2,5,6,1,1,173714
74b52a4cd79abba5,183,187,4,1,3745189
74c0ab33bf5b7118,330,408,78,1,5242377
74c533c90cd5dfd9,329,391,62,1,3638016
74ad2fe01ee27545,409,619,210,1,19691156
74afe92a3acd76f8,450,631,181,1,10577526
74cbd33d9bee57f5,406,452,46,1,5108438
74d1797336895c74,285,336,51,1,4507055
74479b8134eaed4b,2917,3680,763,1,70598809
74d0a2d508af8d87,723,934,211,1,19131862
7508f9e832c10f11,42,51,9,1,752821
7501a04dac89e895,196,202,6,1,1733014
7516aa49eacbc359,296,419,123,1,6540274
7505123718c189f9,380,515,135,1,11697398
7345af4cf7fd9ac9,7805,10155,2350,1,298897049
7124dd3af0d56b18,19587,23102,3515,1,617358964
74d67e3652524d93,1630,2214,584,1,54382925
74855e6cbfd5c41a,3355,4637,1282,1,114527221
74efd96badcd0dee,2409,3278,869,1,63493605
74f1c598fc997674,2810,3591,781,1,69734768
71cc1293db66134e,18926,22192,3266,1,628468113
74dd14e9e124e501,4676,6162,1486,1,184187137
6f9df012b65448d6,17916,24227,6311,1,1167203937
75301e98d68167f5,189,196,7,1,1833573
75301d5a1683f15e,209,228,19,1,2798523
753009ac674b19c2,268,294,26,1,6389147
75503d882dd95b45,320,384,64,1,6580433
754657a99eb58edd,337,396,59,1,6710790
7549a6d5e7be8753,251,286,35,1,6732146
756d1f88632afdce,43,57,14,1,1205871
7570a25f336c26b2,12,13,1,1,166695
752830861278d7ca,584,717,133,1,12832070
7570322af6604cfa,150,167,17,1,4661219
7583cf181c370f40,3,3,0,0,143939
758149d8bf10c85b,101,124,23,1,4468999
7585d02f76d95be2,37,45,8,1,583274
7540fb547f4828da,526,686,160,1,20640307
75850977e316fdaa,200,206,6,1,1897615
7568565e2548758d,357,442,85,1,15001451
758cb9291053a99a,200,212,12,1,2212334
7595691eafcf1874,92,124,32,1,3002194
757fcffbd3b501c3,596,816,220,1,15123863
75311d8827d891b2,912,1261,349,1,30340263
756dd760551d8f98,560,822,262,1,23349272
75990b2a3a58cd15,437,560,123,1,8051505
75b9342ff243e273,13,21,8,1,286200
75a0ab6940cf4bbc,337,389,52,1,7733898
75b71913b587a8e7,275,313,38,1,3713824
75aca754526733f1,198,280,82,1,4388390
75bbadebca61a78d,222,240,18,1,2619554
75dafaf1b4001cc2,3,3,0,0,40662
755b6d642223825c,1171,1464,293,1,32518576
75da2a9f72206ab0,136,153,17,1,1143631
75d10a19af85f15b,243,272,29,1,2664269
75e2a5ec10ef7adf,103,131,28,1,1554020
75e4a3dbe8522153,41,49,8,1,673283
75b6f88220a65ae9,270,389,119,1,7327528
75bf1282458ee54e,85,127,42,1,2366906
75cdd583a4a2bfbb,329,399,70,1,4461606
752fd015bb81b539,1154,1632,478,1,39801658
75ff8110ce70dcd2,37,51,14,1,593761
758d20a877bba334,841,1200,359,1,22639433
75ef4c5b6bf6909a,258,277,19,1,5780673
761516d03b33e281,270,304,34,1,7811835
75db832a56e4f578,472,600,128,1,14315964
763941ea7439765b,86,119,33,1,1729260
762c044c918d6984,253,283,30,1,6234665
7611aeaa114f2599,344,430,86,1,10719294
76560763344293ed,193,197,4,1,1849993
7612b1226f01bd43,325,454,129,1,7398099
75f4c17c27edbcdc,484,631,147,1,16562334
764d602d28283b3a,325,386,61,1,4404737
7674472a91e0141b,210,254,44,1,3932982
75e73290af8fe8b2,1177,1622,445,1,25868416
756b68bb54fb39b3,2239,2932,693,1,53574972
75fb067459c91b53,944,1254,310,1,31783382
752a35f355ec2090,2478,3279,801,1,87640172
7553d71f6b3f5452,3153,4122,969,1,122055666
76ae0fce64426808,3,3,0,0,83939
768fe017e07ada4d,14,22,8,1,595677
768c847a37406835,84,110,26,1,1765554
76b4a4380875a7dd,89,117,28,1,1809633
76973e5ad7f966a9,309,377,68,1,3909187
767659c47139344c,393,506,113,1,4945617
76c965256288beae,257,295,38,1,5161289
769c2a05e6719524,296,340,44,1,6290993
76865386ff035059,361,447,86,1,6575936
76df92b435643688,319,377,58,1,7428409
76db21c5570b309d,430,603,173,1,9853251
76d52b4eec0da3b4,946,1259,313,1,32539451
76faa13c4a79cc29,118,178,60,1,4054638
770539117fd7877b,96,134,38,1,2062250
77058b6dee54a0d3,117,157,40,1,1993525
7706635efd1899ad,254,281,27,1,3436792
771837215936631f,4,7,3,1,141183
7714451edece466b,266,301,35,1,8844196
77239e952d5b0dc0,7,7,0,0,131672
7730f1fc0c507d57,156,211,55,1,3646038
772f0ec42c6c2f0b,451,562,111,1,8836134
77381bb36208af95,288,323,35,1,6052535
76e201df845f3261,1589,2106,517,1,54848333
7739e4b3c93736bb,110,143,33,1,4298221
77625da73e517bda,198,206,8,1,2131678
7759089c0b38507e,280,320,40,1,4502241
77739bba49879ae2,37,49,12,1,842754
776c2aa03575810c,373,411,38,1,8401990
7771303dd67e6ef4,318,417,99,1,7692276
7756aa6be63f8831,849,1188,339,1,36780950
777cfa072cc75a30,447,613,166,1,17754549
77922a7cded5b83e,11,13,2,1,239988
7790d8d652a8e275,59,91,32,1,2148431
77b9ab0647722836,2,3,1,1,165570
77acd2c9af6fb771,246,277,31,1,5698154
77b091beef5100c7,319,389,70,1,6260435
77a14b46ca2d84cb,821,1007,186,1,22686366
77c767fea11290c3,82,100,18,1,1445594
77d2c254c5d60130,4,7,3,1,122902
77362ea0f5293dfd,2382,3354,972,1,107444939
77aa25bc6e70b50e,901,1123,222,1,27058411
77cab29af05eaf30,404,473,69,1,5075460
77aee836ec440ad2,959,1204,245,1,20037049
77db0c643b03837c,202,209,7,1,1866687
77e12951407583f0,262,283,21,1,4009833
77aa5bb216332c30,1138,1585,447,1,30831480
77e8db9e332b0b90,19,24,5,1,2286499
77f5777e20a00c0e,249,309,60,1,6042885
78014f877f57752e,6,6,0,0,173720
7808a56da119f4ba,1,1,0,0,111519
7803a31752e4c30c,119,156,37,1,3844184
781020ab60e19bd7,91,117,26,1,1380024
7801d142e9831b12,718,926,208,1,11294927
780944262ea4a9c4,286,321,35,1,5619341
78020b064c0c7d58,465,625,160,1,10981537
77e17f02fa3520bb,1432,1847,415,1,45606590
782eceabf15a814d,2,3,1,1,110272
782e25eca5bd6266,2,3,1,1,118281
7848e6a8aac7a34d,4,6,2,1,156901
784b8d10e440fcd8,152,217,65,1,7136466
783cde95884472fe,918,1262,344,1,26600969
7859f6e3c372b5f0,200,211,11,1,2346796
786ad36201069899,94,131,37,1,2931129
7667cdf059652a23,8753,11663,2910,1,357943719
787ec8720be0992d,220,237,17,1,2393483
787fbc94f7434173,281,331,50,1,3974633
78176e13c6647c22,2917,3868,951,1,74516755
785064e96f81538c,1984,2593,609,1,50683782
787bde6bbe3807aa,766,1003,237,1,18207916
78a50be6428d799c,19,33,14,1,576895
78b303b5395fa30b,15,20,5,1,875895
78a9c37cad6413aa,275,301,26,1,10379819
78b705fc1b530a02,186,194,8,1,1712405
787abeadececb9d6,1040,1398,358,1,37538570
78b09e8f5b1e5c9a,254,286,32,1,5233548
78a4893a84d1948b,532,611,79,1,13198919
78b7af7282781c84,271,317,46,1,2722261
78accc4e03f96edd,435,518,83,1,8522030
7897ac7ebbe8bcfd,1598,2067,469,1,36038551
78cb8b30b615b935,107,133,26,1,2004832
78caf93504c9bb70,291,353,62,1,4302703
78ca7a8bbcac96a0,230,308,78,1,5153102
78d1d025fb08bbb8,121,123,2,1,1595862
78e2a2103193d8e5,16,24,8,1,569505
78d92fcb58fbe302,506,602,96,1,8539100
78e844cbc8d51311,95,132,37,1,2267855
78d6beba2b2dd8d0,701,962,261,1,16948411
78cfb3c7a68e324b,1244,1627,383,1,35645208
78face33719a5264,124,174,50,1,1988221
78d3dffc6ffb78fa,1147,1535,388,1,39448992
7904cb203a41d946,288,315,27,1,3210975
78ff164084f47578,487,599,112,1,8941464
78fc9c56143e4d95,622,829,207,1,10622573
78c99a37998c79fa,2106,2755,649,1,59706057
7904ec5f2daccc43,12,14,2,1,215779
79167734dc8435af,41,52,11,1,3667184
792eea95251c65dc,44,64,20,1,3946674
792ef327500ecbad,395,512,117,1,9760557
791b3d8c5c1d4ba0,234,329,95,1,11487150
7920326737e9c4ca,337,456,119,1,12038254
793f7d9172426cb4,109,151,42,1,3483546
79468630dfd63cc5,191,221,30,1,3217814
794b47ecf0224d87,348,488,140,1,9916364
79600c93224fccb3,6,7,1,1,194946
795f7ec5d926e05a,302,339,37,1,5769775
79609330589624ec,675,843,168,1,8479864
7915e0b883097e53,1833,2511,678,1,55261547
7999c3244ec6dfa5,3,4,1,1,155009
798876cf09dbac4f,610,796,186,1,16702704
798aa290f6433b9d,642,835,193,1,23087008
79700dbdbcbae2be,1254,1640,386,1,40670338
79b495898795afd5,3,3,0,0,150270
79c041812abfbdb3,8,14,6,1,438485
79c629924013eeb4,91,116,25,1,3638601
79bacb47d911b500,293,394,101,1,10732245
79c88e5ce2113b63,275,380,105,1,6898616
790a61bd5b323538,4218,5575,1357,1,136973209
79da76d4ede9fe33,184,187,3,1,994937
79f8a06457992652,96,132,36,1,1451749
79fa2925af3dcca6,99,129,30,1,1165482
79ddfb03257f2eeb,128,170,42,1,5826817
79cd7ef58b420534,1115,1573,458,1,40238381
79e63c4bf1931811,280,352,72,1,11636327
7a203c00cc51ec03,85,118,33,1,3297709
7a135a129c513463,125,187,62,1,5349450
7a230355bd442667,126,166,40,1,1705637
79dcce3ff5153cdd,690,914,224,1,17482596
79dfe3d2aa2b1309,421,581,160,1,17763271
7a29e42e53357166,92,125,33,1,2648298
79a083fe2a023f3b,2380,3106,726,1,74866941
79d571b3b63b3c91,310,436,126,1,24272960
7a2fa038374f1542,95,136,41,1,2151278
79fb092b6c85b9ec,963,1211,248,1,22448440
7a35c1b5329460d8,330,392,62,1,5066264
79f08edf93179658,1688,2140,452,1,45063991
79f976ec49cacda4,1336,1789,453,1,48386577
7a4e8b09ea782c08,117,124,7,1,1156301
7a4918cde80452b6,255,288,33,1,3202498
7a4a12a5bb8a711d,315,349,34,1,6454794
7a608a0ec1215272,41,58,17,1,578169
7a5cc051a7a90d48,109,133,24,1,1249038
7a594bf5b64be36a,966,1320,354,1,20334692
7a71b6cecfa88d31,221,232,11,1,2629089
7a513c39fb6dbc71,1657,2133,476,1,50729386
7a99dc8160bd4f7f,100,137,37,1,2154736
7a7e8a598df79673,786,1072,286,1,27316450
7a81d7e4753484ca,1099,1479,380,1,19566780
7a94e5662491aaf7,787,1031,244,1,19806358
7a8e089c8c868bcb,1218,1724,506,1,25215418
7ab97d131f29fa64,185,188,3,1,2421144
7ac4c50dac66479a,102,139,37,1,3058929
7abdd3377a0b015a,638,767,129,1,6672742
79cfa5f3203aeaa0,4225,5612,1387,1,166634714
7ad0fb5431503b82,81,114,33,1,2462810
7acae73fbb370883,347,412,65,1,5489616
7ad549425a175785,88,116,28,1,2030996
7ad155dcf28e9d62,593,842,249,1,15900317
7adf50cf4ca1fec5,310,365,55,1,4281620
78ffb0160612194f,6052,7619,1567,1,374175583
7afc305a994abcd8,78,111,33,1,2646810
7ade8dc3d2dca447,1080,1536,456,1,21245816
7b0f33ebe78cae90,2,3,1,1,135446
7b1235f330a46384,7,7,0,0,220793
7afd63f32aaf3c07,680,910,230,1,21460746
7af2d21f49bf5b21,1136,1626,490,1,32474993
7b30a6e34dd0daef,190,198,8,1,1503473
7b12b1391fa3fe3d,854,1158,304,1,23654251
7b467f8ef24f1d6e,48,63,15,1,587832
7b46993d9ff15f19,249,284,35,1,2672811
7b63cb40c847e67a,189,197,8,1,1509666
7b5e3ff8f9527272,161,214,53,1,3554735
7b54260625c299b8,216,279,63,1,6295288
7b6c9c39cfa16598,135,193,58,1,3195988
7b8e2e69bebefa13,385,478,93,1,5306165
7b9b068cbfcdf3b5,264,297,33,1,2703681
7baa8bdd5cc0042c,439,604,165,1,6811378
7bb1a7f4d4ee9f98,296,340,44,1,7896518
7bbbf0bc2e61ae87,10,12,2,1,399797
7b323ada9b6a8726,2547,3133,586,1,91728525
7bc87d63999524f1,24,32,8,1,471617
7bbc3d61a1cc0574,37,49,12,1,1092146
7bc05f9a8edea2c3,85,110,25,1,1836190
7bc00e990b94eb89,278,305,27,1,5617775
7bd43f8ca085274c,272,388,116,1,7337017
7bdbec5c63e12fc2,347,424,77,1,6067069
7be829daad1f46d3,7,7,0,0,102718
7bd753e9697d251d,531,741,210,1,12863482
7bffb59af15abda1,262,298,36,1,5495056
7c0438f96427164b,317,361,44,1,4698497
7c0e5d015b581730,188,199,11,1,1335606
7c063c33ad01a20e,418,476,58,1,9185067
7bea751c4bf05fcf,716,1002,286,1,27747220
7badbe51632fde63,2665,3383,718,1,63756340
7c1e76d54314c00a,78,101,23,1,1286486
7c22c4b22d34857d,295,345,50,1,8466330
7c2dc046f98b5a5e,29,39,10,1,2188251
7c18914687d95834,855,1040,185,1,24677873
7c4406f7a00649d1,56,90,34,1,1801400
7c432b0f0e255a9b,247,358,111,1,7094352
7c4f120bbd4b0a48,6,7,1,1,145568
7c66050aac75b216,196,205,9,1,3082161
7c5e9cf8b4a73350,447,512,65,1,7539116
7c83523956da963d,23,35,12,1,1057833
7c95cae258800f39,38,53,15,1,928757
7c8d6167b8ba5baf,297,361,64,1,5079689
7c9d0596082888b9,182,187,5,1,1750435
7c97370f10d072cc,304,363,59,1,3833561
7cb6adca3eb22969,24,31,7,1,666896
7cc53d62012606de,23,35,12,1,607724
7cd0311a42fc3a71,134,185,51,1,1979362
7cbd761895b1bab2,96,132,36,1,2765743
7d187b7f24a2baaf,6,7,1,1,272911
7d046eaf67ac303e,10,16,6,1,1103979
7d18505032a0a153,79,101,22,1,3536726
7cff971711c95521,282,318,36,1,7628458
7cfbd947af6d6b06,291,347,56,1,11039768
7cb8fed229cca207,2510,3135,625,1,77707614
7ceb610cd4512dcc,543,689,146,1,21459378
7cd4a154f73fdd22,1155,1334,179,1,32851101
7cd28d150619984b,1133,1599,466,1,35723599
7cd7362a0c52e669,684,921,237,1,58840748
7ce229d11520f61e,2393,3042,649,1,82031150
7d2615c7fa4eb81a,181,188,7,1,1388639
7d625e98dcea4e62,9,11,2,1,139799
7d53d2d8b468a9ae,40,58,18,1,1879236
7d4e606f5448afc2,201,211,10,1,3407285
7d6bbbeb63c0f8c1,95,119,24,1,2466726
7d50d4c3bdf226af,368,440,72,1,5595985
7d5377c36b5f5ba9,235,331,96,1,5775565
7d76028cd3cbf133,116,165,49,1,2750239
7d7e9cba7c7dddf8,94,131,37,1,2009176
7d5d18fd6386323b,274,358,84,1,9375236
7d74f3445ecd87d1,258,298,40,1,5812648
7db3f08da35eabe2,4,6,2,1,161009
7d63695bf3b9b1c9,523,706,183,1,10086698
7d77e98e6f87ec94,164,227,63,1,4765680
7d2ca5ebfad094e3,415,596,181,1,12018942
7d3e6b042555cedc,564,673,109,1,11697966
7dd50642ac5dbc03,38,49,11,1,845042
7de19f3f2476f45a,40,49,9,1,825084
7dcb69f8e8de36e8,198,214,16,1,3605968
7d827c42a3e40bf3,364,446,82,1,6583686
7dfa29ecbc4718c2,3,3,0,0,66008
7de21f34659e65fe,111,149,38,1,2424487
7e027942f974e5d4,8,11,3,1,250002
7df628ae76857e7a,250,277,27,1,3111899
7decb36af1aaf38c,387,479,92,1,5245147
7d89c954458cbe85,651,812,161,1,20116103
7e02be79928815cf,283,338,55,1,11934960
7e0e7c132fb69f8d,207,224,17,1,3617657
7e0113efa7ade581,490,607,117,1,16411650
7dbe0cfe2f54197e,496,683,187,1,29832136
7ddd9cd6eb7356fe,603,886,283,1,28334038
7e06f2c6ba3c7159,401,467,66,1,9419887
7e19ce530e99934c,224,266,42,1,2639896
7e23c2a49e20ec99,132,147,15,1,1491315
7e4d79a56118a8d5,43,57,14,1,761884
7dfe77dfe4d861ab,825,1008,183,1,31097854
7e423613adbadac4,263,303,40,1,5287699
7d35a372021156aa,1463,1819,356,1,45622689
7e4ad925f1b7f9e2,163,224,61,1,3262787
7e575e58147384b7,88,113,25,1,1574341
7e5112e40541ef41,187,257,70,1,6197365
7cc93c53b5d8ead0,7137,9271,2134,1,258023740
7e112d3ad5dfc965,1311,1834,523,1,39356920
7e6cbcbabad57372,111,153,42,1,2364324
7e7c33bcca739000,222,294,72,1,4524737
7e85940b349133b5,270,326,56,1,7754174
7e98e2c2891d5723,240,261,21,1,5327789
7dfc8afdf8dac27d,2612,3350,738,1,98277244
7dced7a25aafb1e8,3165,4388,1223,1,120310587
7ebd648dd683873a,91,120,29,1,1725196
7eb0ad1b27350395,874,1202,328,1,24332685
7ec1d6c8f300a8e1,262,298,36,1,4859799
7ec707d7a5594cf4,120,144,24,1,2494366
7ec0af45312caa56,206,268,62,1,10782627
7eac54db704c8533,1168,1634,466,1,31627646
7ec8f14d4fe150b7,246,266,20,1,5552457
7ed025091ee79226,92,120,28,1,4189634
7ecae36f73ce1cf0,219,326,107,1,13248911
7ec5daa408d84eeb,653,841,188,1,23904822
7ed149ea05b9aeda,482,669,187,1,12476874
7ef17e5024094b3e,93,120,27,1,1402605
7ee39c56d50eda6e,360,429,69,1,9398231
7edf8bc4a453eb9b,458,632,174,1,12376246
7efb3ec7ecc819ac,395,522,127,1,5609994
7ef54f9bc22893e3,348,447,99,1,11353688
7f135c3c40aa23a1,39,49,10,1,720623
7f0811e26cbb9a45,397,518,121,1,5227699
7f0a09054f351797,240,342,102,1,3493309
7f14d22c80184028,464,642,178,1,16968449
7f26f5c22c6eafaf,343,511,168,1,12792434
7f36be495ddd1b44,265,294,29,1,2822009
7f2b5aef65210245,1102,1422,320,1,19127138
7f3cc940c5250c86,2,3,1,1,139741
7f4702c0571c1f73,4,6,2,1,142447
7f3df7c1caeba57b,20,27,7,1,320787
7f61970610f0c61e,2,3,1,1,50780
7f5292f4112f8b6d,48,57,9,1,1207504
7f6c4c3973dd3674,260,291,31,1,2665475
7f743e23b7940331,184,187,3,1,2173541
7f86ea4389809087,188,197,9,1,2406740
7f715b6fec253754,299,352,53,1,5465535
7f43ba05caa26957,121,139,18,1,7371897
7f61315e3f5925d5,292,341,49,1,7314167
7f74f17ce5b3ca2b,472,615,143,1,8721305
7f91f9527a303be6,204,217,13,1,3903888
7f70bb5c8656b251,393,479,86,1,13637726
7f5e91b2aedec575,519,715,196,1,19525645
7fada70210725851,3,3,0,0,155179
7fa94bcc6725e631,197,208,11,1,5762897
7f92c998000ff4f5,263,298,35,1,9243746
7fb34deb7b3f8be4,35,44,9,1,1677183
7fa3f05a9d5d879b,336,408,72,1,9585927
7fad322feb060b2b,70,91,21,1,3179060
7f8d75881a5d61c8,823,1047,224,1,28857566
7f8ee126c1230423,893,1196,303,1,30792095
7fd53d7badf3c286,448,556,108,1,11849022
7fe693f66108e04f,86,121,35,1,2772404
7fb3fd682ef48191,669,889,220,1,21430086
7fea78fb0d4a8d24,158,223,65,1,4634701
7f4cc556773b1d81,1533,2089,556,1,54069170
7f5e21cb4f8b895a,1942,2608,666,1,63468796
7f88657b43eb5212,1887,2483,596,1,57123285
7fee4f032e0e257e,657,938,281,1,25566099
8000000f2bce323c,2,3,1,1,99947
80000000a0a4069f,3,3,0,0,94106
80000008cdce7aaa,2,3,1,1,110512
8000000984a4e491,3,5,2,1,105497
7feda7290e149658,1131,1328,197,1,33700857
7ff9432ee380f40a,311,343,32,1,5099093
7ffb3337ba4c53b0,423,535,112,1,12867067
7fb24308196f8fd3,2718,3609,891,1,106623948
7ff0ba6c8a324654,2414,3317,903,1,63921344
8000001bf596ffc2,4,5,1,1,208199
800000206fb6a595,2,3,1,1,201153
8000001cf9b87b57,3,4,1,1,182884
8000003d3054c459,4,5,1,1,207069
80000035ed2a71e7,4,5,1,1,248854
8000003cdd5f24d0,4,5,1,1,134441
8000004c03d94798,2,5,3,1,107678
80000050e132c6f4,2,3,1,1,71776
80000043340ad70d,3,4,1,1,153099
8000004d9731290e,4,5,1,1,124529
800000511ed3f69d,3,3,0,0,73270
8000001db4d8e15e,7,13,6,1,429297
80000059b1677670,3,3,0,0,71620
8000000e48d601f8,9,14,5,1,574820
80000056ed7265d4,2,3,1,1,141628
800000449d4f2b9d,9,13,4,1,357602
8000005fbc8caadd,3,4,1,1,141795
800000695f316ef5,2,3,1,1,143588
8000001310f3906f,9,13,4,1,666509
8000008119f0631d,3,3,0,0,94270
800000747d42f994,3,4,1,1,120768
800000793facda7a,3,5,2,1,113017
80000088ab532dd1,3,3,0,0,118281
8000006ea59250e2,2,3,1,1,283268
8000008928078e6f,2,3,1,1,83136
8000009d75d0781f,2,3,1,1,76566
8000008c7c061b75,2,3,1,1,155669
800000a95ad6ba41,2,3,1,1,93321
800000a50e48c774,5,5,0,0,141300
800000ac69d308a8,6,13,7,1,203019
800000acf51b752a,4,5,1,1,162544
800000cc6b088c6c,3,4,1,1,154833
800000c4c0f7a956,3,4,1,1,170326
800000b12ed79104,11,13,2,1,253322
800000ce858bd396,3,3,0,0,86902
800000d28ee30047,3,3,0,0,80747
800000d148caeba7,3,4,1,1,193545
800000d488b70a5e,4,4,0,0,116142
800000b08b4dd800,9,15,6,1,464548
800000ce0842f1df,10,13,3,1,247437
800000d3244fa45d,11,14,3,1,409362
8000019d896c1b66,7,9,2,1,226570
8000021e0866b1c1,57,82,25,1,3440143
800001e70dd1b3b7,64,93,29,1,3459082
800000555ec713d2,168,232,64,1,6489810
800002a9f36a9e57,6,9,3,1,146594
800002eefb0809f4,70,100,30,1,2095359
8000016937f7fe17,440,534,94,1,8094036
80000582a79c6399,35,40,5,1,428095
8000022273a4ef96,231,284,53,1,9262898
800005bca32cc1c4,127,164,37,1,1730846
8000036c80adcf40,149,208,59,1,4620361
800001296469f4af,691,910,219,1,15110717
8000024afd53f78a,412,567,155,1,14939397
8000095841d5047b,227,320,93,1,7150022
80000b7435b83bb7,9,13,4,1,228215
800006bf8d8b212a,446,558,112,1,13376588
800000547028ada9,627,819,192,1,25857805
80000895220c3315,892,1224,332,1,13964709
8000117ddce5df26,10,13,3,1,417728
80000d8d30f88945,67,94,27,1,2191212
80000bbc72209b5b,205,304,99,1,6574718
80000b40c06fb9fb,417,534,117,1,9612581
80001201503028f6,489,688,199,1,10387979
800017e78ac3d27b,6,9,3,1,338105
8000024ce040c14f,1117,1495,378,1,40518911
80001ab6617ff34b,36,53,17,1,2896568
800012b82b310ca0,681,902,221,1,24522925
80000a7cec78e2a6,815,1117,302,1,33368360
80001a0ce759fe65,242,291,49,1,4129228
80000099ebee18a6,1702,2110,408,1,51189048
80001635b8105a83,425,600,175,1,14931900
80001e436b74d644,15,21,6,1,243394
800021329024a4a7,64,93,29,1,1962068
800022c3a081b637,226,329,103,1,5563502
80001d936fbd7963,795,1093,298,1,12081251
80002c1cf1ae65c8,6,11,5,1,333094
8000276b29f3934b,210,305,95,1,5889977
80002fb18ab894eb,32,41,9,1,828678
80002f91ead8a3f9,286,385,99,1,7213824
8000272e712b2969,836,1060,224,1,18959126
80002db98e8ac4dd,708,956,248,1,19167545
8000364166cbbdfa,8,11,3,1,457691
8000303986f76432,435,590,155,1,14968504
800020837a28345a,1125,1498,373,1,40894533
80002fb8a7a9cb9e,761,972,211,1,21873629
80004f17fda5e6f9,6,9,3,1,124927
80004d970d723342,14,18,4,1,257596
8000462fc0870b8e,864,1112,248,1,11385552
80003f5fe2518fcc,1150,1605,455,1,16575114
80004021559fc128,1069,1391,322,1,17256334
80005a7e4a05df1c,9,13,4,1,171496
8000535ed272e360,573,801,228,1,17432316
80007045ef276775,25,35,10,1,651111
800072fdee0ed4d9,112,143,31,1,2101063
8000557665093bd3,664,934,270,1,26027918
80005fd665305d66,420,569,149,1,27790475
800075b8c375ae6e,798,1044,246,1,18734690
80009b19a71fe556,7,9,2,1,123334
8000b145924cb3bc,327,463,136,1,6226646
8000b37c71323316,559,769,210,1,18026949
8000aed86c1899c4,1165,1511,346,1,28739470
8000d9221da1bb9a,641,898,257,1,19022873
8000f93585c4da87,951,1212,261,1,16044021
800140cf55452ce1,13,14,1,1,262990
80011324adc82273,819,1097,278,1,13452465
800116ddf2080afa,383,548,165,1,10497981
8000c7d5e7b72bfd,1019,1204,185,1,24653128
8000ff4b048560a7,1019,1437,418,1,21883273
80015171a74d47e3,122,152,30,1,2791602
8001766f68dcbcb7,93,127,34,1,3137017
8001e5ea9504321f,5,5,0,0,77910
8001c6935c63e4bc,41,49,8,1,1304513
8001ccebcfb00a41,102,133,31,1,2681477
8001fccea0abca89,19,22,3,1,620008
7d095ffcdbf0a44e,22339,26512,4173,1,847703636
8001f5356fa98518,993,1343,350,1,30215510
80030747a02a80e6,226,333,107,1,6046128
8003dbf0b392d8d6,221,301,80,1,5135355
8003ac939d8add32,443,563,120,1,9879537
800346d6b9f09f7a,680,891,211,1,19550166
80032429abfd4f58,996,1275,279,1,21761432
80053798d4d7835e,29,34,5,1,372987
80013fef4c2f54cb,2369,3215,846,1,85003699
8005c5cba1a1b4e4,52,76,24,1,1509610
8005299c0c7c0746,420,570,150,1,10873902
800481c0e75ea2d5,484,658,174,1,15470832
8004a1ebcf575bf0,698,906,208,1,16068608
80074c4b9de094d3,4,5,1,1,82070
80016330ea9764b4,2684,3648,964,1,91947114
800804038859893a,33,42,9,1,455220
8000ba1b49e03845,4287,5646,1359,1,172152577
800255752dffdfb6,3512,4793,1281,1,91187762
800c98f96b92376e,2,3,1,1,113895
800b57b3d17ee65f,6,14,8,1,383024
800cc115fab28078,28,38,10,1,610292
8008a22dbc120fda,83,121,38,1,1958816
800d245212a2b8a1,34,42,8,1,717249
800c91cb089760c2,251,321,70,1,5706105
800a7cd31b4dd251,418,544,126,1,11487257
800f48a011b09df5,36,49,13,1,880908
800b39df4f1eb656,690,865,175,1,20739009
7ffb93909a27d89a,9827,13288,3461,1,479672294
800acda9e9adfe54,969,1231,262,1,26491713
80117320b553456f,241,321,80,1,5277917
800fbd3d0f389117,953,1331,378,1,23162914
8012e46b28b4f54c,11,12,1,1,233252
8014da171e00ca02,3,3,0,0,117080
8014f780415d5d0f,7,7,0,0,120000
80135d657955637e,95,143,48,1,2121438
80125bf382b169ab,99,135,36,1,3151198
801a32d1ee8fe941,3,3,0,0,42460
80172f39a122811b,268,365,97,1,6352687
8013a77762549b51,472,616,144,1,9606823
80146a0b3b1cefe6,1140,1614,474,1,25374723
74ffb761ea088250,26972,34667,7695,1,2777093762
8017a121196ced80,1154,1489,335,1,28390532
80183c1d194ede58,1445,1825,380,1,29131139
7f295248c8a26e5a,13432,18106,4674,1,718722061
801b4f0493566a6c,282,340,58,1,6403007
801156148c0105c0,2470,3245,775,1,51805849
801d210c7187f2ad,56,76,20,1,683448
801e39d8ad6ebccd,34,48,14,1,762486
8023365893e89d2e,41,49,8,1,464795
80200963e557418f,211,228,17,1,5442892
8008132e40a0238d,3484,4829,1345,1,121012869
80291fb09414ab9e,25,32,7,1,774610
8028adeea0b4d89f,183,197,14,1,1531391
802b14ce4e4c8b61,302,348,46,1,3713717
801f8f1758904cff,1209,1575,366,1,25111035
8030b04ad0b2030a,152,188,36,1,7020772
803291ff73239f74,345,401,56,1,10034911
8032b9442b62cdcf,494,684,190,1,12602014
80339ee75b2f122e,310,372,62,1,7932921
80258e65e7ae986c,1755,2319,564,1,46070156
802f5e70727666ad,1097,1414,317,1,25492616
802fabd9cef519eb,1192,1680,488,1,30447241
801e459f35ac1506,2092,2656,564,1,71859053
80459f46194b19d7,75,96,21,1,2599155
8050940cc237a18e,45,55,10,1,768691
805671acfd2c4411,20,24,4,1,386549
80507ce4123b9cb8,119,123,4,1,1494567
804c397f9c4801a7,164,223,59,1,2723776
8052150c5ec5872d,197,271,74,1,5485468
80598bc0a239d7be,26,38,12,1,369571
803e136b7ca01cf1,471,622,151,1,10037015
80469609d2fa94ce,880,1169,289,1,11904557
804a1230d263c097,408,544,136,1,12780700
805e6fa999ab830f,3,3,0,0,59052
803feff48a9aa6b7,1030,1353,323,1,22842389
805c1e6a6bed9682,409,430,21,1,2653324
804c016d19fc2757,760,1000,240,1,20883278
806635b82ab34a50,15,22,7,1,503878
801b180a1522677e,3741,5000,1259,1,114730679
8064d49a7df1bd97,315,387,72,1,4561811
8047635fac6fb659,1488,2041,553,1,35789492
805a3fa64ffeea7f,837,1091,254,1,24480949
806d3abae348d6bf,268,291,23,1,3833339
806a1cf19e5f179c,286,344,58,1,9196081
8059a2327cf9f68d,1167,1565,398,1,34981683
8069a5261ead96c4,891,1139,248,1,13364952
80739d10980261d6,28,32,4,1,550325
807129f5ed2c5e9b,638,797,159,1,22481791
803b28f15949a080,3164,4484,1320,1,98059114
80740009d65b7e87,913,1191,278,1,32182407
8072ade9052f5d3d,925,1270,345,1,36627724
8075711e224afafd,94,120,26,1,4478991
80896eac11ea09b4,115,161,46,1,4368237
809047675222d5b0,277,298,21,1,2072004
808579f7d7d9998a,256,289,33,1,7233165
8092f43b83eb430a,153,220,67,1,4483258
80899d838100cfba,608,796,188,1,13223309
8096b5456bab59d9,5,6,1,1,153077
8083b7b813628d04,1016,1326,310,1,18397482
80843ccd55b76008,719,992,273,1,22287905
806d751c127cd664,1962,2657,695,1,57832666
809bf2b0cb57891e,88,119,31,1,4123589
808449d8fa3443d6,877,1134,257,1,32020160
80942b95479640f7,509,619,110,1,16525919
80971d5b2dc8e909,653,863,210,1,15756324
807b9cdfea117a79,1350,1737,387,1,41690586
80794ae642cf2a67,2136,2826,690,1,53452393
80ad01405a80e975,235,285,50,1,3955786
80aa7aeafa6444b3,774,996,222,1,15418275
807d0059a2cbba3d,1296,1747,451,1,84644790
80b8a747775e7f14,263,285,22,1,2900254
80b15f4bb2a530d4,613,882,269,1,23112103
80b9971a428e35a7,14,17,3,1,347751
80badbd655047ddd,4,7,3,1,130165
80bb05e17df7da03,79,121,42,1,2325824
80c4ac4361092cfb,3,3,0,0,73885
80c6101f80bab3fd,117,180,63,1,2734390
80c1cf50b840a4fd,744,975,231,1,21921214
80d1370e64177146,358,425,67,1,7799259
80d950ac53e3974b,328,386,58,1,4888309
80dcea9aca0db182,194,202,8,1,1787104
80e69c28f59de368,353,490,137,1,6747024
80f7eac043ccca09,45,51,6,1,1103215
80f9a86d19f31430,82,112,30,1,3862186
80f971922304f3c1,126,192,66,1,9441037
80ffe3f43aeaf8f2,42,49,7,1,1246647
80ea81814e38e6c4,1138,1446,308,1,31730780
80f34552acb68b67,906,1208,302,1,31616943
811172c71fa39536,8,12,4,1,456907
8117163f4576198f,9,14,5,1,393070
80e3f03b65833636,1299,1984,685,1,90961401
811f112bf9be88f6,201,214,13,1,5681614
811b74b3f4581bd3,285,343,58,1,6917297
81257ddb0a016862,155,196,41,1,3774536
812925215bec59b1,31,40,9,1,950533
812790288acce4b4,265,344,79,1,5643194
813383f0fa60d887,43,58,15,1,1159805
8117c2f832e3f22c,876,1079,203,1,32422002
81371cdf7e83d1ed,107,134,27,1,4335940
81054ec79837bc8b,2239,3015,776,1,85529413
812b813d629394ed,737,994,257,1,21550354
812c532b90613788,768,986,218,1,22589191
81421bf815cebe10,341,378,37,1,4718697
807451ffc8497892,4904,6092,1188,1,346838451
8151cab68dc9f6c5,117,153,36,1,1305212
8155dee8fbadaf18,3,3,0,0,92063
81450a40441a15cf,1132,1471,339,1,31415830
8159430c539896ff,315,374,59,1,9283054
815c2e74e625babb,329,376,47,1,5058816
8117219a20a22847,3696,4902,1206,1,98339222
8161ea065b0c0b3e,17,29,12,1,562842
81664f5692db5010,183,187,4,1,2878695
816d22ea80da7554,5,6,1,1,931794
81730f50b606f4ee,202,273,71,1,5296352
8160b6bd2724d7c1,1101,1581,480,1,35847582
8161d6721f2627e2,1287,1628,341,1,38642962
816f7aee0859a843,1081,1356,275,1,21847216
8184ab924059c6fc,288,350,62,1,6831356
818d0e3dbcae7e8c,13,15,2,1,162509
816f3376ab61bcdc,1015,1285,270,1,36922130
818be7832fc7b0aa,262,305,43,1,2564412
818d17333f7667b7,107,158,51,1,2476702
818f62662f97ee5d,105,158,53,1,4300031
8197d6086a63fa24,103,134,31,1,2048028
8193476fa2bb52b5,456,553,97,1,9072380
8185ff660fa881bb,981,1258,277,1,21157629
8184173b2a4a70ea,924,1250,326,1,23426806
81a16f6cf13b5daf,208,227,19,1,1321132
81a08bddf92898f1,265,297,32,1,3197607
81a7c5eea85ff616,49,57,8,1,1479495
819e6841ab92a6ef,417,612,195,1,14208813
81aa47156af48d05,322,382,60,1,2977141
819eb5f2a0820044,1039,1348,309,1,17708919
81b7847acf758eb4,48,68,20,1,639231
81aab8052d706790,651,787,136,1,12492273
81b28bb3302960af,469,655,186,1,8881510
81a6a5fe85a22302,704,969,265,1,29480842
81bef4b0f9e6eb32,274,326,52,1,7528837
81c0172cfdce95b5,238,339,101,1,4206872
81ce773095c678eb,361,454,93,1,5613935
81cdfec82b9b643b,480,612,132,1,8264986
81d6ecfc7476b088,46,63,17,1,982307
81c9d461e167742e,724,1035,311,1,23236083
81dd3dc3438aa7e8,100,134,34,1,3486550
81e45ac408a7498b,55,70,15,1,1107266
81e6dccfaf590c88,85,115,30,1,1307047
81d92c9d18f42f8c,632,881,249,1,10156810
81d4944d97f37394,724,926,202,1,19467161
81ef862e6f65dd4a,20,28,8,1,553334
81fca88bb4bfa7df,95,120,25,1,3196833
820a041a44b50342,44,54,10,1,564670
81ffa45cf61393e0,189,194,5,1,1920317
820ba4379154b575,152,224,72,1,2647115
822294a44229eb21,103,139,36,1,2447568
821acca9a8c2e4d6,410,519,109,1,8895681
8226a1cc8c1a14f7,43,64,21,1,1479075
81fdb23e6bf49fe4,1234,1665,431,1,29712780
82288b7e7753da2f,256,295,39,1,3756266
8223cdf4af71eeba,495,604,109,1,12297352
822cdbc722ac7710,42,52,10,1,1572504
822fd46af11d16af,117,157,40,1,2206788
824184337f51526a,261,282,21,1,3347563
8247a11534d69b7b,282,331,49,1,4481463
824575b324c3d04f,684,866,182,1,18418311
8273b66d0a965682,12,20,8,1,1451013
827788fcba1f1a20,4,6,2,1,171742
82759ba8c45e5b00,332,372,40,1,3485903
825922b3bf177e93,636,921,285,1,16708217
82803337731a98dd,5,10,5,1,291529
828e2bd5f783d845,4,7,3,1,155649
826455162f99ece0,1058,1374,316,1,27650717
827444f598b9274c,534,727,193,1,38842166
8296135ce0500848,197,208,11,1,1920214
82565448c20142bb,1247,1609,362,1,44514535
8280c64d5d3c921d,785,997,212,1,22072775
828731e00a58edc7,888,1055,167,1,24279785
829a1ffc8061350f,96,138,42,1,2473805
827e4c68f21b3fc4,1227,1602,375,1,34027975
82bd656eb1804070,11,14,3,1,231764
82b4e25002b6b1d3,58,83,25,1,1698421
82b98686806d242a,262,297,35,1,2250269
82c25cecd14987a8,71,92,21,1,2257596
82b26cd983d10726,307,341,34,1,7391526
82b9307622546cfa,394,473,79,1,13744093
829e2e9817b8773e,1530,2051,521,1,43470730
82cef0fbcb7d06ea,476,585,109,1,4803964
82b62a684170b0bf,690,879,189,1,22887421
82a5630651619294,1106,1471,365,1,47921555
82dc2339f33743fb,15,24,9,1,430650
82d7f7d774fbaff0,89,119,30,1,4086495
82d6c6e3b55c1893,118,154,36,1,4143900
82dd70a387be5f4a,387,437,50,1,12445149
82d6ee5d23b7a570,407,531,124,1,13301193
8248e48b5b3d16a8,5723,7470,1747,1,160104907
82ae01091a64cff2,1884,2460,576,1,68713540
82f8fe040a0f7ba3,159,192,33,1,4348891
830a9d7485d3d006,219,284,65,1,4714549
82cdb56437510513,2186,2786,600,1,76813606
831222d25daf0ab3,159,205,46,1,3501307
830d9b0f18aa98a7,273,372,99,1,12575803
8310b9f2ab2be829,396,451,55,1,6023638
8315ecd51cf58a3f,288,338,50,1,5900145
830f2c5e0ed32415,749,1001,252,1,19883878
8318acb92ad2b5d9,428,612,184,1,7492228
82fac214403876d8,971,1310,339,1,36902047
830f467ae5f2a166,921,1197,276,1,28751924
830b131645798c89,1051,1361,310,1,37283737
832b5378d3c6af99,77,104,27,1,1328711
8324a07396e64afa,784,1009,225,1,17531440
83474266fe212dc1,3,6,3,1,141143
8325da938b6dccd6,1160,1520,360,1,33016664
834c6ce5ef0a56e7,81,116,35,1,2335546
8336ea75bceb5c4d,957,1250,293,1,25784127
8343bcb446006fdd,885,1139,254,1,21240269
8349df976c8d5e0c,789,1005,216,1,20106472
834d9dcdead8616b,814,1093,279,1,23790653
833fde205350f267,1255,1589,334,1,47890923
8358a18d74492445,424,629,205,1,14738623
83555b2f33865c8a,1033,1351,318,1,15992095
8351ea6c5949a2f7,1219,1581,362,1,32135755
835c758bc668a703,947,1235,288,1,21224644
8371f31a3c9739b8,15,20,5,1,456110
83770e3c53c6b287,307,336,29,1,8184577
838c875b9924c4f6,309,369,60,1,11661275
8380c082e89c4ad7,798,1159,361,1,29902473
8386d5afa6c1ff6b,728,956,228,1,25572098
8397db9c55924820,260,296,36,1,3522421
838813e5d4fc6d17,801,1074,273,1,26793943
838f3e5cfd2c88bd,622,821,199,1,22927358
839bdba688cc4c8f,661,835,174,1,14253908
839644f28e3cb352,1041,1327,286,1,23794561
83a20b9e21dbf497,251,277,26,1,3356773
8399934885b1f373,2236,2870,634,1,75768301
83c16670f4e820ee,5,6,1,1,176566
83a65b3b8e827252,89,124,35,1,2497815
83df7a4200b58815,64,79,15,1,2010925
83b0783efcdb7860,81,109,28,1,2654084
83e4ccce9beb6fa6,181,187,6,1,2071251
83fa1d4a2a31ffa4,121,123,2,1,1139908
83b5cadc0e5ab482,126,166,40,1,4232460
83dedb5e2fdc65cd,101,133,32,1,3796861
83eb3fac4b771b61,450,547,97,1,10043390
840366f04a22ae2b,203,212,9,1,3576577
82ef134f18cd5ec7,4097,5978,1881,1,323658036
840209f11da0d98e,282,321,39,1,11095907
83cc9071d8cc8bd9,675,936,261,1,28325314
840626d12b97a74e,251,319,68,1,16444416
840877147e2119c0,188,197,9,1,2067498
83d6d97cb6e6f8b0,785,1043,258,1,35537459
8408e75a57258a2a,564,620,56,1,9667468
84199d5173578b54,345,408,63,1,6012936
840716d27ebf8d91,735,937,202,1,19572181
840d143dd65d95b8,1061,1374,313,1,27184540
84059be8dc987fb6,1404,1752,348,1,31743133
83e54db1a50452d5,792,1062,270,1,63888796
84102b976b2813af,846,1063,217,1,26518257
83eb3592a793f5af,1565,2095,530,1,64194567
842769c1f544192f,7,9,2,1,320299
84678221739500f0,5,6,1,1,146646
84537c93f1d963c1,203,217,14,1,4374999
8420a39256880070,303,334,31,1,9530568
8457abdacb41096a,224,254,30,1,8859572
846f5bd645c566cc,215,226,11,1,5999579
84748ca1da3bbb7c,10,13,3,1,359411
847849229a4c2247,26,35,9,1,1421475
84340a61619c98bb,629,885,256,1,22058541
844cb157253b3aa6,775,992,217,1,24979781
841e409b2b1aaa54,996,1297,301,1,33332484
84815dd256e1649d,190,265,75,1,4442900
8485574f455642e5,183,187,4,1,1335059
8467b0d66c6b8866,1454,1824,370,1,36773758
847868575de70c2e,1034,1320,286,1,18002063
848d6d5ec6e5d807,189,198,9,1,1231570
8472aa4fcd39ebc8,1117,1423,306,1,25087300
849e600349f76678,17,23,6,1,1275677
8470a9327d8ef465,973,1197,224,1,35414180
849185e0dae2c1a7,326,396,70,1,12170524
84a0483cebde58f0,206,223,17,1,5900388
84a44afdbd943593,26,32,6,1,609222
844cfa24fb8d5f83,1318,1695,377,1,51875067
84a497198d37541b,16,22,6,1,477358
8436123e6a71223f,1271,1651,380,1,60404021
848d22d778104092,1163,1666,503,1,26967933
84b697ea9b28d10a,130,154,24,1,1515272
849ffff84821af08,726,938,212,1,25910159
84aa4783d1a1599d,1000,1386,386,1,16473904
8499d54c4b4457ad,720,917,197,1,30433842
84be7b1db0beaa88,3,3,0,0,70253
846f0827f181de71,1396,1789,393,1,63954185
84baefd4a9d76544,296,326,30,1,2917647
84be9b05a8bb065e,256,297,41,1,6139757
84c7b21e54c822da,204,259,55,1,4842996
84d824a8f93942da,19,20,1,1,414493
84db04d1ee090ff5,66,93,27,1,1828008
84d4beaf50112828,238,305,67,1,12194356
84bbdf7a5739f5a5,887,1157,270,1,31231150
843abdf205c69cc7,2570,3331,761,1,103681015
84cc54e783152d11,755,973,218,1,28594355
84e0b6d88e7a2603,93,119,26,1,2385294
84eedbb9e054e2e2,49,63,14,1,1324045
84ad35073aae0003,1346,1735,389,1,45531136
8507e5ce3290d0d1,29,38,9,1,622536
84f83c666ac8b706,180,187,7,1,1583078
84e44d2c16b8785e,200,209,9,1,2468000
850abf4ad71d1f76,155,190,35,1,2212659
85096229d67b92e0,259,286,27,1,4028018
847e9bc2e26d4728,2577,3365,788,1,86351314
850dba1734d32cf3,285,329,44,1,5779687
84ded68812ad569a,966,1289,323,1,32763248
8531449c5aa56154,271,307,36,1,9384822
85117aa5a58bcbe1,461,634,173,1,16324322
8539d38c96b754ae,347,421,74,1,5343746
850bf0527472b74a,1080,1313,233,1,28064928
850d61b3714f4ccd,833,1063,230,1,30984122
854144a0b14510d4,210,269,59,1,4328640
854dae2e28f5a708,2,3,1,1,52152
855051d77e392f0c,71,99,28,1,1259237
8552a12484474c35,5,5,0,0,54012
8524e6cfacf820f5,1076,1296,220,1,33103070
8556ee70317a3f29,25,35,10,1,3621794
85331b8b6e541619,895,1159,264,1,25661553
853293a9798311b1,1130,1460,330,1,29698823
853b27e79c16e7fe,1030,1300,270,1,26316083
853d5769b0b3b7bc,786,1112,326,1,25572223
85624e08fa2c4069,249,271,22,1,3669976
856952e6a7762a91,244,272,28,1,2857270
855b3a82bfa6bc9a,426,510,84,1,10526240
856eaba331d0d28e,5,6,1,1,114790
849f57a434506410,3152,4203,1051,1,111887728
857919d95271019e,22,38,16,1,781599
857fb24d53ab18f8,4,6,2,1,126097
8580055ff0ca7487,146,158,12,1,1325849
8580bea0b62c248a,68,79,11,1,753136
856c2f100b8df105,320,391,71,1,5385471
85564d788605c839,805,1047,242,1,19617216
839c427124f4b40a,10353,13733,3380,1,556636875
858b5885724bc6c2,270,297,27,1,2235379
857ff98fa8098de2,288,320,32,1,4419590
856a7f85a010f8ee,806,1043,237,1,21299186
8555a1229abba51f,1186,1694,508,1,47053882
85a1b166281d4012,546,702,156,1,20887803
85978f309082a10e,918,1202,284,1,21285004
8568d0e871387eeb,1132,1468,336,1,35311714
85a8d27687962df5,796,1035,239,1,18002171
85c1338ee75be990,39,49,10,1,582305
85c1832adb957f42,179,228,49,1,3353300
85c7a8828fb55115,5,7,2,1,97817
85b23744afd3eed3,736,947,211,1,15915281
85d832fef232d6fc,328,391,63,1,6431721
85bbd6085c491f93,886,1148,262,1,19116840
85dc59cc0d0aa406,29,32,3,1,713955
85b620a602c650f2,996,1377,381,1,25834436
85968113bf802cb1,1384,1845,461,1,54109085
85a667207de2ed85,1424,1856,432,1,49330798
85d4fc996135dc77,423,605,182,1,16495624
85e7b3257c98be44,138,188,50,1,4300866
85e405092468641d,359,448,89,1,12546257
85e8002abff52629,492,700,208,1,6879722
85e408e984826691,788,1003,215,1,9969687
85e15c3523b995c1,864,1136,272,1,17457048
85f69002c782619e,333,404,71,1,5748982
85e8572c7699441a,873,1143,270,1,15027487
85fef6458d1c7b95,616,846,230,1,20916551
84d97b1f94f78a7f,4457,5942,1485,1,173126031
86021e6871a34ad3,778,1043,265,1,25462799
860fa0293b85d866,178,221,43,1,2083544
85b98f9783d815f3,2290,3133,843,1,69436042
85eea1dbd0665df7,1322,1729,407,1,40941543
8608228c7bfa0e48,817,1078,261,1,12087612
8620c93d660ae75b,398,564,166,1,14076251
861fb6fbf350f76b,720,946,226,1,18179696
8614d199bc98bb43,1095,1540,445,1,33486131
86354a8ba3af3bcb,34,44,10,1,2269358
8631a8762963328c,261,292,31,1,5524488
8637556a02a8f64c,270,303,33,1,5798607
8628fefb1f4c633e,1130,1490,360,1,30460488
862c9e112212f9b0,799,1044,245,1,26886376
862ec210159dd62f,1130,1512,382,1,26480885
8604bc6604ed5d4c,2069,2661,592,1,71028651
864fec20a2b49b5d,18,27,9,1,405733
8652e1684eea55f7,149,189,40,1,1573117
863fa1545eca7ff5,816,1157,341,1,17293245
8630a5f8b47924c4,1157,1525,368,1,33651453
8654a48696ae504a,314,384,70,1,6504633
858c10f32bef4123,5375,6757,1382,1,183354312
865b6e3a8f6ca304,264,374,110,1,12374009
865e0f6830454bf2,354,439,85,1,11739092
8654367f7ed4e0fc,846,1104,258,1,22697430
866b0b608413feaa,21,24,3,1,475969
86713a6579962b99,20,33,13,1,504569
866b59ac4c2fd88f,88,118,30,1,1511686
865730fe18f05aa3,1126,1568,442,1,27861033
866ad321680b7aa3,352,412,60,1,6216833
867f1ecd082502c0,29,31,2,1,405369
86830db64806206a,81,128,47,1,2445388
8685ce7418758c45,79,111,32,1,2988205
8677569aa6c4a96a,802,1043,241,1,22239906
8694d271844b316f,20,27,7,1,280645
869eb925de5d9602,24,38,14,1,636796
8663b81cf03448e1,1481,1927,446,1,42136956
8671a875d7d40401,1321,1695,374,1,37786756
86af64543fa6d762,97,131,34,1,2012600
86b13af2d0201882,73,105,32,1,1145108
869028fb3f056e71,1666,2114,448,1,27392109
868fa54969dbcca9,1134,1528,394,1,30760262
86b86a579325d225,4,7,3,1,151236
86bdde0e90df876f,67,93,26,1,1546170
86955046476b1cf7,1323,1733,410,1,36933537
86c906c6b7affe7f,192,198,6,1,1092334
86c48d5ceef91dce,127,194,67,1,2813546
86b287fc17c2ec7b,856,1151,295,1,15360155
86e13f19ee9e99fc,222,255,33,1,2040833
86e949bc557fe2a0,144,197,53,1,2731123
86eb919e07bbf79e,128,179,51,1,2878212
86c34f77e5f7bb36,925,1258,333,1,31807966
86e72b8a4e7de26b,380,473,93,1,7537000
86caf13f8368981b,1431,1816,385,1,32028964
86f04543b688fc3a,331,402,71,1,4503295
86e0f64cd78e64d0,834,1061,227,1,16106471
86f08147943c7361,406,461,55,1,8977228
86f20e710bd8953b,262,307,45,1,5353945
86f03ff57df61230,686,974,288,1,11145696
86eaa68205336c7f,1140,1529,389,1,26226308
86f3a1691a53cf88,262,302,40,1,4171283
870f1e903f352458,6,6,0,0,56543
871001e4e611a134,81,109,28,1,1272886
870cfaa7cdbb6d9b,351,420,69,1,6541877
84aa4364a32677b5,11662,15510,3848,1,562191753
8706e449f90fc472,853,1080,227,1,28469436
871ba05ce4c4ec18,40,49,9,1,547219
86f6afe640b2a11c,1062,1370,308,1,33788065
870b1296586fd65e,1033,1343,310,1,33163478
8732e14443188593,7,10,3,1,104887
87302f07f1897cd4,42,52,10,1,987345
8739914622402ab4,74,83,9,1,893977
871901d2c392ca30,843,1080,237,1,29098576
87408f3fd57047d7,99,146,47,1,2550054
86f38c55d1fb6b88,1233,1611,378,1,41798322
8721e4f2827fd7ae,935,1203,268,1,15191121
873051581509bd4b,849,1104,255,1,11027998
87650aa0e23c05ed,5,6,1,1,631579
86f5276bae061e09,2414,3106,692,1,65653892
8749a21009a3eca7,255,289,34,1,8177296
8777c5650ae4d142,109,160,51,1,3263673
8778a967f46a8a7e,116,159,43,1,3880675
8753a6f9241deffc,621,798,177,1,23429229
87120f3afac45f70,3148,3997,849,1,90225393
874c9bce8c3d9509,1110,1437,327,1,32348227
877c180a133b1e66,225,332,107,1,5355994
87847a58b3a19ab6,299,356,57,1,8995532
8769c9d7c0425266,1362,1758,396,1,44137638
879223857c2882ba,103,134,31,1,2269839
8793ad7a4ccd7035,89,121,32,1,1099613
87968503bbc20860,209,225,16,1,1455698
87934e575a43e54f,266,303,37,1,3180032
87796e0f3cae4c86,1614,2012,398,1,36369478
87a433582a96a312,253,365,112,1,5399478
87a2cbe9b7ad1c5f,777,1041,264,1,9836995
87a19b6c36d2d7a1,588,868,280,1,19889674
87c337da9a840eca,356,418,62,1,6377578
87ac40caa9185dd4,1106,1461,355,1,33245699
87b38119d3ac4eed,819,1097,278,1,21210726
87c3af5a096d71e3,208,217,9,1,2426549
86fa79e18b8c3a93,4576,5987,1411,1,187791018
87c2dbc05dabfe79,742,948,206,1,17677707
87d77c341f787eea,258,355,97,1,8228943
87de31fbfcf8c851,64,79,15,1,1734328
87e0f52651a176c9,171,221,50,1,3450540
87eb76e8f9da4f72,104,135,31,1,1996810
87b7c6672aaea6d5,2099,2756,657,1,54274274
87f0b50545154252,130,172,42,1,2391417
87e1886e2149616c,929,1182,253,1,16271546
87ebd11ac92c8f11,666,871,205,1,16903771
880085731279fbeb,86,116,30,1,5232133
87e857c371c6e305,902,1215,313,1,28601204
87feb71f3f96fc3c,621,785,164,1,10298723
87f818f759d57852,786,1011,225,1,18349816
88013b0485995b5b,788,1054,266,1,11127152
87f02be33ddc7d19,905,1173,268,1,27556148
8497a04b85f83827,14039,19232,5193,1,822143588
8804199d6dc0c30e,723,954,231,1,14327153
87fd6f3832837ff8,1039,1361,322,1,31786878
881a6607ebd6c15b,11,16,5,1,1587941
8808a56c79f3188e,959,1352,393,1,31956559
881605591d15c51c,1174,1534,360,1,16509510
8814244525dcea98,1698,2378,680,1,30235219
87406f4d858b119e,6934,9428,2494,1,244471809
8839e4deef6a72a1,566,716,150,1,18927200
884ab6060fe38c9a,74,107,33,1,1843139
885b68a44901a697,103,133,30,1,2160893
885129fb9330f40b,565,716,151,1,7496692
882b427fce03c19e,1307,1744,437,1,33210843
88491b4a950122cd,936,1164,228,1,19235064
88459b4f676cb308,1064,1341,277,1,19413224
88749eff9f9d5e85,184,194,10,1,1783478
8850b3e2e808ecf9,1094,1433,339,1,33977629
8844def57a666277,1207,1570,363,1,35565977
886c6caa24aba6f4,779,998,219,1,9221214
8885790f433d16d4,5,6,1,1,72253
887089ae01b058c9,993,1281,288,1,16801371
887d73d517dbd798,659,891,232,1,8899304
88733b702cafb229,1150,1505,355,1,18956802
88798ac62996e3ce,704,899,195,1,18671970
883ecc61e5983d1a,1942,2611,669,1,61661850
889825d2045d908c,44,52,8,1,771075
889f21a99fc9472b,64,100,36,1,1845435
88a425bfd04b7fce,279,323,44,1,5143369
88b2eac0cd118dac,7,12,5,1,146678
887926a742d9dcd3,1862,2433,571,1,44681330
88bb4e9a4c63cce4,62,79,17,1,3199425
88b71290ffb67941,154,168,14,1,4575112
88be1708cc19b419,255,280,25,1,2078842
88a031f1635568ba,809,1076,267,1,29220429
88957b8563759ff3,1207,1719,512,1,40891860
88cd7a5d44c446ac,139,169,30,1,1349287
86d7e8389b2f1ce3,9928,13355,3427,1,477481951
88c1516c6b08d4b8,836,1074,238,1,18681661
88d83b577f99dae0,55,71,16,1,964162
88de6c48479d88a6,510,682,172,1,6225658
88e2eac03e6f332c,337,407,70,1,8132344
88ecb415a90cdd44,804,1059,255,1,18156483
890c4d28a5727f86,37,48,11,1,1719575
88f37e764fd41b22,882,1172,290,1,36750065
890e84720d76a5ec,267,297,30,1,3655832
89080deaa327084a,734,968,234,1,27861879
892a1ce9a5e51492,440,608,168,1,9635770
890d40e5ea3d184b,1505,1958,453,1,29476171
893c54c960ff6f94,322,404,82,1,4676014
894a3b10aa63edd8,39,51,12,1,709574
894b886390f05f69,224,257,33,1,2917139
894d66b44fdf543c,186,194,8,1,3683957
894f1fbb20300f24,252,300,48,1,6917614
8950b3956ed49821,652,864,212,1,13737437
895bfef12388681f,260,284,24,1,3723518
895d6256504edee6,242,268,26,1,3166197
8951b0da0a15abbf,883,1118,235,1,17094541
8931631aed91ca5d,1141,1502,361,1,50626199
896a44fcaaacdfae,4,6,2,1,234931
898e219661bad94f,42,52,10,1,884718
897a5fffd7809068,429,561,132,1,10623635
8988b35a77cf4e05,252,290,38,1,3383292
899a25ad79df5043,3,4,1,1,116960
898399cb2d319300,1134,1592,458,1,36419607
89ad89dd879a22b5,136,147,11,1,1598594
89915a6e91883cd8,1118,1510,392,1,29967672
89b4101aa5873b03,9,16,7,1,317970
8994946b49b56fb8,965,1428,463,1,20868363
89c1709da8227d2f,36,48,12,1,738069
89cadfb3469fe4b2,14,17,3,1,306988
89ce1b80d9be3ea5,74,100,26,1,1597215
89a011bcd65f582e,1257,1668,411,1,41328558
89bfdcb333468820,741,957,216,1,25325006
89dd27be7610d142,253,335,82,1,6063375
89e1db84e638142d,152,161,9,1,1880511
89bc6ad4958c6e5b,1523,1941,418,1,53864392
89e0dc4f72b578d7,812,1036,224,1,26551697
89e3dbc15529031c,234,259,25,1,3415341
89e7a380edcd0e5f,132,159,27,1,3769913
89e5de368df0486f,322,401,79,1,5488048
89fb866cca4f1ebd,89,116,27,1,2085291
89e8c1be00a37ab5,1053,1346,293,1,24023397
8a054249ef9d1efd,303,334,31,1,4526104
8a08c586f3ad93a5,198,214,16,1,2408517
8a0cff609d7f0331,208,224,16,1,1840272
8a0a3f027b7197b4,957,1251,294,1,20726086
8a131179b2009833,752,987,235,1,17914224
8a25bcb1fa835f4e,260,289,29,1,2178580
8a25b440e97f6a3a,628,782,154,1,22319203
8a3b1596b9b1b343,3,3,0,0,100611
8a36f0ce429a4b3f,341,520,179,1,7989746
8a17840e4b984179,1035,1348,313,1,36534350
8a46da4b8e371385,2,3,1,1,68487
8a4913ce9637d665,35,40,5,1,747672
89e1329d86a123d2,3712,4781,1069,1,120745963
8a522c43ec3c5a6b,304,344,40,1,10473785
8a59f81f834bfee7,115,156,41,1,2316067
8a48d8151e6d3d72,861,1081,220,1,26734339
8a5336bab7917fee,411,576,165,1,12214249
8a56e3efeecd2253,328,411,83,1,11100615
8a50acb25e2b2932,971,1286,315,1,32225175
8a665a3b1672c0dd,347,423,76,1,7883842
8a782a62b514d3ce,538,677,139,1,7794285
8a628dd89c8ba850,1180,1506,326,1,32288423
89e182c723dc6059,2794,3999,1205,1,225358724
8a697ce8f4b6fcda,1853,2487,634,1,51741116
8aa62ef750ab3550,190,197,7,1,4143604
8ab9844b6728fb43,196,206,10,1,4550577
8ab7918bffbf5965,215,237,22,1,5201934
8ac3ea173fe7868b,106,136,30,1,2329476
8ab51ff7bfd098cf,1058,1396,338,1,27945069
8ac72a21e60c45ad,269,295,26,1,3444018
8acfc3653176f1df,2,3,1,1,97432
8ad131a9c5959336,5,6,1,1,141129
8ad66fd59f035a8d,3,4,1,1,134368
8ad09e92d843528e,65,79,14,1,1257721
8ad6bb1fd0c1f90f,46,57,11,1,1461291
8ae43c2b3666377d,10,16,6,1,460090
8ad9474d2606dd5e,250,353,103,1,12353360
8aee2d76107da330,85,115,30,1,3263793
8acbb6610420994d,1040,1324,284,1,33981275
8adce5051423aea1,809,1074,265,1,20725198
8ae6bf7fa229e874,1104,1453,349,1,21353153
8ace51af86cf0e2f,1206,1658,452,1,44425453
8b00b20ec7782169,247,343,96,1,5419416
8b17f64491ff8d4d,30,39,9,1,648020
8afeef1f3da78f95,1122,1462,340,1,28196336
8b1a95704d2b6d58,244,311,67,1,6304042
8b15be397b6e49f2,1156,1451,295,1,33372240
8b27ed3092ed6de7,39,48,9,1,773149
8b3813fa11e19779,45,49,4,1,1111976
8b31bde99a5a326f,530,641,111,1,8998733
8b1be1f8b38cc1fe,1257,1680,423,1,45655741
8b3c2e3c0eda7945,978,1298,320,1,17778474
8b543012c8fc11ce,119,123,4,1,755607
8b53deb608343947,690,877,187,1,21864551
8b6f1161d03035e1,3,3,0,0,93541
8b4725390524c825,872,1170,298,1,37717586
8b6ab829a9d7bbf2,185,187,2,1,1737747
8b69a7df9cf784ed,131,169,38,1,5037539
8b6c4f55ed887eb3,200,214,14,1,2200049
8b6f6dd17ae74935,93,127,34,1,3872965
8b6511a4536345ca,483,639,156,1,12634090
8b7326ba177f0846,98,134,36,1,2382581
8b22d878c5cacbfe,2578,3401,823,1,80453247
8b6ab78080404e63,472,648,176,1,17807785
8b8274065b676359,73,75,2,1,1184669
8b86fd4a9595c143,3,3,0,0,88545
8b59bd9967baf662,1299,1641,342,1,36525217
8b9ce37881ae2e4f,25,31,6,1,1441880
8b9cba8b6d3c2e7b,124,168,44,1,3183891
8b91613f7b22065b,745,1046,301,1,21525674
8b71eda5fd7b6146,2009,2616,607,1,58945722
8b9b2abf6848306d,711,941,230,1,23761912
8ba8625f538f31c8,198,210,12,1,3556488
8bb0cb4d739effe6,130,168,38,1,4973658
8ba7cadd1167fb60,566,722,156,1,9729654
8bd15298139ec1d4,265,292,27,1,5757081
8bd12bee272b2500,286,333,47,1,3226345
8ba3faa376571e56,756,962,206,1,15050084
8becc891d16b997a,1,1,0,0,50251
8ba7fd4337b0fce2,913,1192,279,1,17422968
8bb5d6b6ccc18816,606,804,198,1,18994595
8bcd7da0388ee4aa,817,1082,265,1,20178854
8bb54110a7c74f16,912,1208,296,1,27930786
8bfa2cf9afd23ae8,336,449,113,1,12481349
8bcfb2e6e7e69bfa,817,1022,205,1,32611107
8c090bed06ffbd4f,33,48,15,1,1722620
8bfe8aaf295a469e,257,317,60,1,10521863
8bb10c9703426b97,960,1428,468,1,52573063
8c11abc0a09b22de,25,38,13,1,825033
8be6215c45f2f038,1210,1592,382,1,40727801
8ba6145ac78e8e26,1126,1457,331,1,56111436
8c133f22b4f16e46,131,147,16,1,1596177
8bfc43367951f649,978,1288,310,1,30423236
8c14ff1289450b3e,818,1074,256,1,11529402
8bff890cac200251,1172,1675,503,1,32005031
8c0cc766bdf8e6a3,903,1197,294,1,24884254
8c29a1106ab6eaa8,113,136,23,1,4922884
8c18b8124ea2d87a,869,1117,248,1,23292714
8c10919d9b03c225,1084,1404,320,1,35490745
8c3f36b39a1e48ce,102,126,24,1,1570118
8c2fb4d8a53f9a7b,496,642,146,1,9640417
8c4280c176b30f0c,296,336,40,1,2306922
8c25b6656da2dea4,1288,1639,351,1,28067304
8c55faabc4c82aa9,89,119,30,1,2635043
8c519a778ec4f11d,202,223,21,1,2796743
8c50890bf31695fc,512,639,127,1,15219143
8c61975220127371,26,36,10,1,1119608
8bd0930fdabeaea2,3337,4452,1115,1,129511640
8c6ba1996b0a9352,108,145,37,1,2231413
8c47a1d7463b9ff7,840,1105,265,1,33168225
8c6fe6eb7ba80e97,274,296,22,1,3537118
8c43a23eb0fbf77d,2174,2706,532,1,65120782
8c892ea5080e3c08,10,13,3,1,868723
8c8c10064d01dd41,191,197,6,1,2849406
8c94fcc1b1a0acae,210,300,90,1,4961834
8c8565b242401323,912,1210,298,1,17033968
8c8da0a4ed7e6377,348,421,73,1,8181884
8c9c9bfa87c757fa,390,538,148,1,10300451
8c471360437b84ef,2469,3413,944,1,78017525
8c85e869098f7725,119,167,48,1,2454960
8c821df357120213,1485,1923,438,1,33676329
8cb7a00d98cee73d,129,165,36,1,4475529
8cc2d5f6c8278a61,94,133,39,1,1386342
8cc2a4578287fdfe,292,352,60,1,4158277
8cc2cf4aee8f730c,174,252,78,1,4903504
8c877a021e356bb4,2595,2873,278,1,41529733
8cbf18cc69ba5816,389,570,181,1,11315608
8cc78b3480b5f9bf,242,370,128,1,5433559
8cd9347ab202e090,68,94,26,1,1266014
8cc6bffdb0651229,849,1086,237,1,14246892
8cc44a9deb7c12a5,1276,1610,334,1,27034785
8ccc3a7a0c8718a6,900,1298,398,1,22752014
8ceb89e734d862a5,212,228,16,1,1444924
8cecb1897653de3a,78,115,37,1,2109615
8ca000071268868e,1757,2330,573,1,61442272
8ce7edfd52bfd88a,267,356,89,1,4156237
8ceedb8f5050bc03,156,221,65,1,3587784
8cf9c958918013d3,63,90,27,1,1256031
8cfd7c54798760fc,126,153,27,1,1669189
8cfea0bfd4a17ac2,171,193,22,1,2860199
8cf3737a1ba39559,564,681,117,1,6835262
8cff826ba2c50f77,609,804,195,1,9633041
8d0cfc6064f83120,124,172,48,1,3341481
8d12c927a88c2bd1,350,386,36,1,5540104
8cca6cba84454883,1101,1487,386,1,68937506
8d1e61a7bc2e8d13,99,146,47,1,2295173
8d0a4dc5619d742f,815,1042,227,1,24234507
8cfd2104058e425d,1122,1530,408,1,51700175
8d25a263e0aa5806,106,131,25,1,1580644
8d464eb3b146b133,31,35,4,1,644335
8d44abd3dc0714c7,64,93,29,1,1421871
8d2887fb93cc1f74,160,189,29,1,3143900
8d26534d82a3edc1,318,382,64,1,3536828
8d49b38d10b65753,433,529,96,1,13232999
8d2afdb5ae05caf2,407,497,90,1,19176296
8d33b50c2223fdd9,752,957,205,1,20654794
8d297e0abed7b85f,706,931,225,1,21651512
8d3a509f49264ca0,1381,1805,424,1,31004736
8d52c0679bfac446,248,284,36,1,2686697
8d5d2fd8d0d5cf43,370,444,74,1,4326830
8d7641d34efbd78b,118,151,33,1,1836549
8d64304f24ccd2d0,1287,1689,402,1,27172754
8d8243ce4a929413,197,212,15,1,5325036
8d4b9d9c722995ed,2459,3203,744,1,50071091
8d9006ffcb50a4c9,181,187,6,1,1855466
8d915fe16428272d,66,94,28,1,2134894
8d8d236795b59d3d,294,363,69,1,9172412
8d93ff6ec0895b34,557,684,127,1,9494018
8dabf6cef980453e,86,119,33,1,2167074
8dae23ce8a57daad,140,200,60,1,3502784
8d96def32c657bd7,268,296,28,1,4643271
8db2ee21fc68864f,100,134,34,1,4527963
8db89d3960ff9974,84,109,25,1,4797727
8b9c848352d005f1,9938,12912,2974,1,461982076
8dc172f7b6759590,90,135,45,1,2392115
8d8809606fb8d9e2,1387,1794,407,1,39341177
8dad61fff469e096,614,794,180,1,13979915
8d951d7f92bcce97,1449,1796,347,1,28714381
8dd37f6078ac403a,251,353,102,1,4782773
8dc884e2f120c55c,587,828,241,1,13571329
8deace1bc1408647,3,3,0,0,188560
8deee297d5d47581,118,123,5,1,1073621
8e024e3dc90b5381,42,49,7,1,686281
8dfa8d4ce8f75b8d,578,800,222,1,13279434
8e077e486cbfa304,249,272,23,1,3132411
8e0f0d8978e73355,227,254,27,1,2737725
8e11ec127ab05de6,39,51,12,1,1217310
8e11c9c779485df8,210,228,18,1,2034974
8d181fc634670de6,5422,7148,1726,1,184110792
8e15a6da9f637412,156,192,36,1,3091558
8d8a48a7d4e87934,1360,1839,479,1,108314750
8e1f568731579f5c,209,254,45,1,8665248
8e2e2885db6d0fef,304,386,82,1,6117509
8e3233584b6d57fe,640,864,224,1,13675857
8e55c913dfd935ae,2,3,1,1,57084
8e5b7db5074e1efb,245,275,30,1,3237133
8e5d5b9cb323d2e8,92,129,37,1,3658109
8e60d62809324b5c,50,65,15,1,937591
8e65379011d835c0,18,27,9,1,435629
8e6570975991a97b,263,296,33,1,3329655
8e7587ef6d73460d,100,132,32,1,2101681
8e75f38e13e8c85e,209,232,23,1,4489970
8e98fef8a87a56ef,6,8,2,1,284515
8e985671a28127a9,29,40,11,1,960442
8e874acd944f3509,194,201,7,1,2243932
8e62221c4c7091f9,1824,2347,523,1,53392238
8e83d8970a795df2,546,617,71,1,14547733
8eb517e434c641e0,19,27,8,1,1036729
8e9073e974b028f9,853,1123,270,1,29414562
8e7d904a467474e5,1221,1447,226,1,31133940
8e875e8772141cf8,982,1262,280,1,32266259
8eb015ccb3bef55b,517,723,206,1,20832123
8ec365049da9fe43,188,197,9,1,1910323
8ee9408e83dac3b9,47,58,11,1,958813
8ed8ded1bc232928,89,117,28,1,1586549
8eef58f098d2d66c,2,3,1,1,59225
8ec0c8b8e8bde004,963,1254,291,1,27027032
8eced58a58c76ac8,555,703,148,1,10616163
8ef28cbc4dead015,128,159,31,1,2843858
8ec3366a17ecf918,913,1239,326,1,43510343
8f03c0a2ec8db671,263,295,32,1,2975362
8f048d841bdadb96,306,348,42,1,8392813
8f0e9a9cf4d2868d,103,155,52,1,1712251
8f13506f339616c8,76,103,27,1,1289950
8f15b502c7c5be1f,199,214,15,1,1854756
8f15f3306d60ad19,96,125,29,1,1986456
8f22e47cdf723145,89,123,34,1,2080983
8f29d051210eb02c,65,87,22,1,3273669
8f304ceebe890e76,103,130,27,1,3110494
8f2a33105a07946a,314,373,59,1,13524310
8f395f36f825d688,2,3,1,1,100126
8f3fac0516c0e440,528,590,62,1,13426871
8f59871a9a27600e,107,146,39,1,3136268
8f60ac82357a260d,136,151,15,1,1601339
8ec1cddffd564cc1,3772,5032,1260,1,162684140
8f60961844a05953,250,268,18,1,3302720
8f61aca6cab24fff,230,348,118,1,7427794
8f2e9f577367653e,1105,1678,573,1,66247000
8e6ff88617012339,5213,6675,1462,1,221161470
8f5d0e9e7cfd55d9,389,559,170,1,14494809
8f7a99f14e3f3312,11,13,2,1,240384
8f462c48ea9344c7,1159,1488,329,1,44082525
8f80e63596e0d44f,307,339,32,1,3549124
8f788ae482f4426f,446,596,150,1,11997370
8f9a162f0a0ee448,3,3,0,0,85156
8f9a2d3d6e30ae67,259,280,21,1,3379270
8f8abdf575f1eb60,445,632,187,1,14390991
8fa3904332c5360e,120,167,47,1,2544394
8f310afb1697f9ec,3202,4146,944,1,92785883
8fbf428c209169ce,221,233,12,1,2523275
8fc2810e2e165120,204,224,20,1,2512774
8fd72124cabfd7c1,13,13,0,0,144947
8fc3f7f40ff51c72,420,498,78,1,7475065
8fe099822188108b,34,44,10,1,625541
8fd658d5b7d421ba,295,325,30,1,3794938
8fe5ef4fbc582f54,39,48,9,1,746207
8fe09c0e6efb4e26,192,202,10,1,1928020
8fea7129f9b1abe5,44,64,20,1,1049480
8fef1a60404d7cac,260,280,20,1,3896813
8ffd9a4cebc7de48,103,143,40,1,2357518
8ff18abbac570705,470,628,158,1,11959183
9008d28b74a435c1,178,227,49,1,4260219
8ff6188aeb36cd42,687,872,185,1,19878127
90103832c21b1d5f,92,131,39,1,1870186
90235ded643d7a10,41,51,10,1,747626
9030b5d182f72843,68,91,23,1,1834207
9034060a18fddc36,150,183,33,1,2951472
9048e3e9208a9675,83,118,35,1,1813015
904369efcee73e6c,249,377,128,1,9089795
9006c478e4138c74,2616,2889,273,1,50668165
90548953f2117bf1,84,116,32,1,3021291
906b60570e0d6976,318,432,114,1,9523270
9056d2b56865c193,461,557,96,1,13035500
907da8a2137216ca,2,3,1,1,171031
9038fd9b7876ad33,791,1104,313,1,31769819
90858f9d0c09c4ab,184,187,3,1,1209494
90358a0bbc727b0f,1113,1567,454,1,38649936
902999040b7e2c8d,1580,1991,411,1,55521799
907819fdbf27d7ba,576,724,148,1,16405364
9093100954c1c8ef,328,422,94,1,8045419
904ac87b088ded63,1554,1972,418,1,46905597
9088a9b1f6c87838,497,654,157,1,18607616
908dcc8cc53256be,836,1127,291,1,26023157
9088d89283fd06bc,946,1208,262,1,29355329
90acfdadde23c5c7,4,6,2,1,163390
90a397c89021ba0d,27,35,8,1,590319
909cce976bcff4ee,77,112,35,1,1545609
90a9520802d04380,53,67,14,1,1623499
90bba536f7f33e58,82,113,31,1,2033625
90c191c7084374c0,211,228,17,1,2319320
90de650a43d6ff46,7,7,0,0,106019
90a235912ca84f1c,399,451,52,1,4877737
90e9e67d3d68f415,123,148,25,1,3377444
90f0e17206421f43,32,44,12,1,836641
90b2d06a23c8bcdf,843,1022,179,1,25150521
90ad61cde7a67969,1535,1999,464,1,28757284
90e5aebe2beba077,1211,1405,194,1,42213425
90ef189697eb1795,1277,1653,376,1,39876224
911e1624c7c4ed34,186,194,8,1,1856527
91293a5cbd57e723,30,39,9,1,708211
91395ca4f3e06822,200,207,7,1,1923524
914d80e67dae53c4,38,48,10,1,1724330
914bdea041f6268e,39,48,9,1,2033352
90964e7b168b5ddd,3471,4460,989,1,101986515
9149fb46dad18693,470,513,43,1,15796441
915f494f9579546a,38,51,13,1,1182773
9158e9798da7e374,265,341,76,1,8296496
91741ecff24e2d84,150,211,61,1,5964964
9112e5a2100a2ef2,1447,1971,524,1,65350070
91811e735fd9d7ee,104,138,34,1,2140792
9158b4e855420501,620,908,288,1,16467507
918e6b9a127d78fd,101,153,52,1,2621770
91868f4796064fed,436,596,160,1,10889356
919a915ba53fdcff,338,426,88,1,8872949
911e38812b3ff421,2462,3319,857,1,86294488
91a9f4ed49e5a114,202,229,27,1,5453034
91a6ea79ca9e566b,291,340,49,1,8550993
91b02cd708f0f729,111,167,56,1,2850293
91b10a3a08c72a99,84,109,25,1,3008619
91bef6775c94247c,4,6,2,1,198235
91b8bba9bf291fce,149,167,18,1,2435842
91bb42820b1b65b1,118,152,34,1,3858439
91cea0de5f8c9b5b,195,263,68,1,6453415
91d45fd137f467d9,187,246,59,1,4042681
91e8f2558eceb22f,96,128,32,1,2280029
91e651ad6b64f0af,166,213,47,1,4059874
91f083dac25756d6,37,48,11,1,855697
920e7b4a071d3563,154,167,13,1,2158007
9208d572f44073fe,105,131,26,1,2450786
91e1671bf3239b97,1164,1569,405,1,43686252
920102e535e9ba2f,107,143,36,1,3203486
9224bcba4b9bf657,489,623,134,1,6543937
923f0774b94b0749,99,123,24,1,1441722
92358bc68589ccf6,340,395,55,1,5101461
9228ab9f4f59246c,423,559,136,1,10305018
92447cf186b6b9f4,200,211,11,1,2026111
91f3cd2066736420,1545,2094,549,1,58071316
91f5e361dea9dedf,2556,3416,860,1,66832811
9265693235c63c36,27,35,8,1,669224
9256d08e50f494d2,270,305,35,1,4345526
9261860c13ea5f93,212,224,12,1,4066171
9295e757bd9e53ce,2,3,1,1,238829
92826a10f49f36f7,9,11,2,1,454987
92960a1e068ab34c,37,44,7,1,1343826
92976ed493b2af42,5,6,1,1,195056
9274e13cb6d59120,91,125,34,1,3632210
92b7ed7ce3cf882c,43,50,7,1,1208322
9286b1fec390cd77,109,144,35,1,5343037
92a842c08545c472,199,209,10,1,4901078
92aad7072d13db2e,72,97,25,1,4781650
92be937d53459a96,23,38,15,1,1344647
929f3a9d439d1a90,85,123,38,1,6140303
92e1fd944aa1ab14,5,7,2,1,348548
92a0f74bea4fedfd,469,587,118,1,18109908
92f3acccce710b79,29,39,10,1,715365
92f3ec1e748782e8,181,187,6,1,1692177
92dd3317c0893f55,135,197,62,1,3638661
92d63fb1ec4f2b81,262,299,37,1,3878375
927a5a37644cfa96,743,963,220,1,24285038
92efdaeb953c2570,299,372,73,1,6839933
92f5aabb384bcd13,201,251,50,1,3883085
92f64c7865209a19,515,648,133,1,7326688
9303e33c3f9b1575,101,126,25,1,2691056
92ff6777df2087c3,142,185,43,1,3422539
92bc9fd1460f2404,896,1178,282,1,30421887
92f63d9e4e699971,764,992,228,1,11485907
92fd9838a9216f1a,804,1031,227,1,10298794
92b014e8b73f5d57,1366,1844,478,1,40630212
933f64f8dd09334f,112,174,62,1,3115292
93475e0591965148,96,129,33,1,1477659
9349e4f2f3d37cc2,30,44,14,1,726892
934b36c594c6c6cf,36,47,11,1,857559
9321aa3dc913b85e,857,1124,267,1,17202283
934f38202a69c606,241,272,31,1,4816133
936120993daa95c6,95,136,41,1,1578505
93588bcac4cbba9d,285,312,27,1,5440288
9253e12ff2407d08,3848,5076,1228,1,148483975
931ccdd75269742d,2297,2980,683,1,50086128
93772294325ed923,13,27,14,1,363442
93762cf29c7c7aec,42,49,7,1,659623
9381c4b0c05f3e23,5,6,1,1,123266
92ccc07147127c38,4008,5321,1313,1,119365053
9386d536c3b46a49,28,31,3,1,887466
9383c327acdd866f,346,431,85,1,11134206
93803e56e6d013e5,425,559,134,1,15852653
9392051c6bcd5ad9,605,766,161,1,10174551
93a1af8600e3baed,100,134,34,1,2479062
93a88f24767eeefa,15,22,7,1,370968
93a4f9c72fb24b33,185,188,3,1,1614711
93ae6a7a98540ce5,39,49,10,1,594085
93afbd6e7b5c5b02,167,217,50,1,3806502
93af1ec78531d2ab,297,350,53,1,5216169
93caa29bced8967a,2,3,1,1,138044
93bde868227fe5ee,39,49,10,1,716665
924e69d9a822f2c2,8176,10090,1914,1,245566484
93c86583bf69d002,247,279,32,1,5737957
93bc6ab13968b7b7,517,753,236,1,7868287
93fcfa8aed07024f,92,131,39,1,1832684
940761623d385db9,5,9,4,1,334047
941acea9f7413d9f,86,111,25,1,1285009
94194d57b2cca1ba,97,135,38,1,2634570
94334d2402f1b7a1,453,543,90,1,11660489
94409c02b94e3425,415,499,84,1,6884412
9432f8b576ce365c,628,803,175,1,16525663
93d6bd5c67bdc183,2096,2840,744,1,58593025
93b46914817a16ab,3525,4663,1138,1,111601518
9452e611e359c8f8,2,3,1,1,479292
9472557a77b53e50,14,15,1,1,556645
9498840429d63e69,13,20,7,1,508051
9463b43ab1bb2e7d,236,322,86,1,5840065
947b949c8cab444e,93,128,35,1,3261207
94a4486411737cef,178,242,64,1,6879470
949bc7667e0392dc,307,359,52,1,9162615
945ee7e2bbb9ee70,450,503,53,1,13816405
94ac694a853a4469,204,214,10,1,1363594
94ae40dd70d8eaa5,75,100,25,1,2832583
94ac724515f33375,155,221,66,1,3078962
94a1dcea5ac176fa,397,491,94,1,12732272
94d1db2ed05c6fee,3,3,0,0,91128
94d608a2ca83763d,2,3,1,1,85969
94ce6e0f4516afac,166,180,14,1,1642941
94e7cc9615eb4cb8,14,19,5,1,499813
948946f4558fb1f4,550,764,214,1,18096634
948a2bd369219718,728,922,194,1,20187000
94aeaaa8cb5f4b2d,884,1169,285,1,12311851
947f1667aeddf2c6,949,1244,295,1,26071037
9502d3b489129074,183,187,4,1,1665557
94f35e70465191c1,212,277,65,1,4306710
9474282bb9f7bfbf,939,1186,247,1,26948729
94f7135c059bfbac,658,776,118,1,6102492
94c8a64763c57613,923,1208,285,1,18962637
9518e75bf7f2ab21,114,149,35,1,3582643
9525216069b36b82,3,3,0,0,86079
951a0ec98ee0c943,97,134,37,1,2856149
951a2a04aa6c1a14,335,418,83,1,3654273
94e72f09295db12e,1450,1847,397,1,43620201
94603e79196c8da7,2534,3420,886,1,73069499
954609649737095e,94,124,30,1,1186653
954ae064a1c2db1d,9,12,3,1,208801
9550b795dd68eac5,5,6,1,1,65749
95260483d42c982b,1243,1732,489,1,18744410
95544b6b8d69a1e4,5,7,2,1,118094
9516c8732beb68d5,1068,1468,400,1,25662436
95321ad93c7e4785,763,970,207,1,23754822
954b406710165ce4,310,472,162,1,17151468
95686f304ee1f291,72,102,30,1,1000691
95644a8e5fcfa0a0,259,284,25,1,3302138
9571ff9c53ab370e,125,165,40,1,2304923
955e6b35b0f07e84,1021,1271,250,1,11844079
956d906c6c6ff956,806,1061,255,1,12427416
9577c39be3f4f461,17,25,8,1,306380
9576a5fd676abf9f,5,6,1,1,236012
95848f717dc413de,26,31,5,1,1074971
95785ccb5cbc026d,104,134,30,1,4073867
95893f5998e390f8,40,49,9,1,1280027
957ba7f7b971f015,112,167,55,1,4041855
95a56cda065b88f8,4,6,2,1,173491
95a3e8b8afbbc622,2,3,1,1,77104
95772bc0cd2bb974,94,129,35,1,4480701
957a232f1576904d,80,119,39,1,4161714
95ae64aede88f096,5,10,5,1,264580
957dd323b55f71bd,95,120,25,1,7050318
952c9fc9748304e7,1192,1595,403,1,74309932
9592c0cfb9390f99,255,280,25,1,5235318
957a9974a865cd08,476,588,112,1,12753639
95b84636d6627775,276,328,52,1,2918472
95c267ce87d6a68a,88,121,33,1,1915724
95c3981ae07a32e8,479,644,165,1,6104237
95c8ca1b43bc2df2,479,582,103,1,6446331
95dee76a8c7f8305,51,63,12,1,1340130
95e2211feffc44fc,4,6,2,1,99534
925b2f377dfba9d0,10405,13728,3323,1,531989899
95ec7bd8ebbb5419,208,228,20,1,2365349
95f010d82bec701a,4,6,2,1,114097
95f5b6a6238de6a0,182,187,5,1,1646228
95cf52b5b4b87192,1008,1326,318,1,19950100
95f9c80bff9255ea,205,214,9,1,2131052
95f3fc9736f7574e,323,399,76,1,5332441
95eedab5f7507ddf,440,544,104,1,11200862
95f88ee9f0c921e6,610,775,165,1,19852408
96146142ea9f910c,19,27,8,1,449785
960a5e49b68ee5ce,32,42,10,1,880259
9607951221baa0e6,60,88,28,1,1857522
95fab2fcdbcee3e7,105,153,48,1,3429859
960b240d77af6edf,309,338,29,1,4279625
960ab518c6abcf9b,460,584,124,1,5881911
961a700cea94bade,325,392,67,1,4977509
95fa59908575576f,1184,1678,494,1,23274152
963a01b8ea820133,33,44,11,1,575915
9634f9437ca7ca45,131,147,16,1,982005
956d45f06ce17750,2990,4186,1196,1,109045113
96322672d7698cd0,1253,1774,521,1,29743547
964acd1760408581,902,1214,312,1,15111712
95f48c79bbfa00ac,2547,3365,818,1,60420867
965a7631a9f5fe93,204,214,10,1,1406747
9656af3f89a21c8c,190,255,65,1,2748342
96516615e3a81112,295,386,91,1,6841999
965819b4b04fed01,357,437,80,1,6606610
96765a414a2f606b,214,231,17,1,1535834
966cf49cf31ef415,194,206,12,1,2119120
966b95fcdf8394ac,102,125,23,1,3325220
967c07ab7d698ed4,237,293,56,1,4226157
966f705d57627ea7,512,647,135,1,8551616
969da5df5ac41cc3,37,49,12,1,1113166
96a43b11c14d9080,29,33,4,1,720794
96abda79d5a281af,100,135,35,1,2800902
96aeab3a1a2c8918,117,161,44,1,7407286
96b7ea67d4890578,110,145,35,1,5215770
967780bf22062535,767,949,182,1,31956959
96bce1a6bb32ae68,27,32,5,1,717757
96937916abeda6c7,890,1227,337,1,25143287
96b48cdc9e166cad,446,590,144,1,13031047
96c7925e73f9abd5,55,67,12,1,1379594
96cc81e543f4cb33,93,120,27,1,3843830
96d6db9a5e480b0d,276,297,21,1,5550247
96dd2fabd2d47cc2,638,805,167,1,19821830
96f06a537cfeded1,33,48,15,1,577631
96e5cd33a6e6f48c,191,199,8,1,1114963
96debb3e02ac9a11,761,963,202,1,23292536
96da17069cdbb01d,884,1189,305,1,25835036
96538523d856476f,3854,5176,1322,1,102149197
9712dffdd72db957,153,169,16,1,1155596
9713fdc889e824fe,270,294,24,1,3160268
971fd1e2667c8997,267,300,33,1,5814735
97327f8e213ef1c0,83,123,40,1,2047083
964c6b6c642411a8,4201,5572,1371,1,159219396
9731678de132876e,458,559,101,1,7236491
9701ba10e800cc94,1073,1441,368,1,19468079
9727c5e72bbc9912,1165,1627,462,1,28939123
974b75e56d4028d8,41,54,13,1,1019806
974d1031afed52d2,258,288,30,1,4169259
973927ca47272416,1107,1441,334,1,23865092
9751373d351b4697,94,130,36,1,2449848
973d4aab9a3eaa5c,779,985,206,1,16539270
944343710357f131,10708,14273,3565,1,484860410
9760e348e30e8607,393,489,96,1,10104659
976e383666cfe94f,76,109,33,1,1223492
977297e3254587d0,329,396,67,1,9043515
9793dda181feb0f8,42,58,16,1,1052080
97976cd5b2f74dec,3,3,0,0,54496
978a43b876c59186,260,299,39,1,3215713
976a37204237eb10,607,768,161,1,19451692
97032056df157648,3193,4113,920,1,98242890
96dc886be198729e,3911,5176,1265,1,138855535
9778f86b97e4aafd,1104,1575,471,1,18771064
979e630eb1fe1c10,27,38,11,1,3717534
974f68470a0d252e,2330,3004,674,1,52979462
97ac08d36879311e,101,136,35,1,2581478
97a1e32d3070ee81,234,307,73,1,6300256
9781f419f0920c98,870,1241,371,1,25181090
97a4163aa680434d,471,575,104,1,6083318
97c51bdc4bb64bfa,89,120,31,1,1422999
97c9f4ffb25c3495,5,7,2,1,97458
97ce6a8404edb523,6,7,1,1,81056
97d78fe9f8d2c80e,87,116,29,1,1993133
97d70edf9d0c6921,100,139,39,1,3913519
97dbf18006f5a15f,26,35,9,1,327558
97a77b7b663937ff,1103,1379,276,1,26135431
97dcac5285b23651,317,367,50,1,5558305
97df821311188337,87,119,32,1,3394760
97d72cad6b3fe7ab,943,1254,311,1,15468271
97e9df3b5cd85ff8,466,591,125,1,5953069
98066764ad5e93a8,285,324,39,1,3122451
981048385d674779,234,292,58,1,7240312
84061809de61a8cf,35868,48396,12528,1,4730266832
98229dde65f99068,101,131,30,1,2133282
982b2e0d21c14454,398,536,138,1,7223108
983ff6f3c02ca42f,159,223,64,1,2464710
9841f95277a278a3,208,217,9,1,2250491
9843588fa4d94920,605,743,138,1,8620072
984f462d3e56e738,270,305,35,1,3309049
986d8620699b0bd8,183,187,4,1,1421846
986d9a96f6241f8f,124,132,8,1,1831111
98792f8eb811fdcc,252,283,31,1,7732038
9880443293605567,61,90,29,1,1264478
9885f2475a4cafd3,48,63,15,1,1003735
985952aee2ee2782,2048,2680,632,1,44814199
9885b09ac78469a1,640,910,270,1,11916508
989a9533b245bd1a,5,7,2,1,374389
988bcfa07da21d4e,825,1007,182,1,19282402
9896270b45b98073,312,399,87,1,11002545
989dc2c74b468895,367,448,81,1,6338599
984bbb48ce821088,2372,3139,767,1,68021580
98bd67ff70a266f0,488,660,172,1,11002997
98c5768fdd4cc6ff,97,129,32,1,5787249
98c75c905b1db549,173,217,44,1,8250453
98c55f2a533cf36e,224,279,55,1,8047257
98cbfa53a94d55f3,211,219,8,1,3241229
98dcd498ba325232,62,90,28,1,2221326
98d98cc0b06d9136,286,338,52,1,2961951
98d628a3b4125f22,159,190,31,1,4141375
98dc1ba800d13d17,176,217,41,1,3293950
98e77a31a48a32ad,284,322,38,1,4831518
98ef79e57ac886c6,215,228,13,1,2511859
98c716675309ac5f,1187,1569,382,1,27413147
98f5bb6114730dfe,538,670,132,1,12985075
98ce990658825944,995,1401,406,1,29531446
98d4eb2e5f244175,879,1191,312,1,31255139
9900df6ae631b0ca,5,6,1,1,127407
98fe1d5259a3e6c1,83,119,36,1,2168460
98fff02e299f5ed5,691,818,127,1,6942866
992e00fb6aac3652,35,48,13,1,841230
993538b27b4fc201,342,415,73,1,7104775
993b1906ad3aa391,321,391,70,1,6786049
990702d6a4da8cb8,1047,1490,443,1,32439024
9955f598ce5a9cc2,47,51,4,1,644929
99520e1b020464d1,185,187,2,1,1591976
99439ba768e2afa8,357,434,77,1,5599052
99455fd69fee8726,270,300,30,1,3738699
994bc0c30db49783,233,254,21,1,2309441
9952af474426949b,104,130,26,1,3481418
9943c77cd77382b5,348,434,86,1,12187092
9946e6f4dfa3acba,665,801,136,1,11884291
98bfc7be899852f1,2392,3274,882,1,93601417
98f7af223dc179f1,2251,2968,717,1,63824206
98f8a4c3857ee983,2964,3792,828,1,107869760
9978fd74239fc602,2,3,1,1,131857
9991c96bbe3656cc,2,3,1,1,802187
9971ee007b55e96f,20,29,9,1,5388011
99a19c3f05d591fe,7,13,6,1,924709
999dd21b8bc5e14e,46,60,14,1,1813596
998b3eef2ddd3d08,97,128,31,1,5345825
99a1dcf18adb7e3c,25,36,11,1,1014823
9983923006f81ad4,115,151,36,1,8712939
99a86928f23e9920,98,145,47,1,1899942
999d1c53c6580832,334,380,46,1,7582079
99b11824c522fb01,38,44,6,1,833997
99b0381c32c01671,197,206,9,1,1811567
9986a810c65b8c93,335,389,54,1,8417802
99bccb0ca28cf598,27,35,8,1,480638
99a97382db7fd128,294,339,45,1,2735019
99d24b42beedc02f,120,123,3,1,624465
99c6534f9a977220,87,120,33,1,1312625
99bdb088cbae3590,195,207,12,1,3202229
99d386e9f434fee9,161,219,58,1,3332672
99e7786c130ee035,66,103,37,1,931299
9982dbd23f970637,397,554,157,1,14306763
9984adb358481ae1,526,632,106,1,11596493
99e74a4faff04adb,255,290,35,1,3599817
998441c1f302b70b,934,1218,284,1,26024677
996a57fee98575d3,1016,1359,343,1,42912409
99b602ea131ada4d,1366,1727,361,1,43510260
9a04bc1871ce0c48,115,151,36,1,3368624
99ff94bcd2eca153,249,316,67,1,4028144
9a0d2dcea3ea1028,185,187,2,1,2106366
9a0da63f9dac87ff,90,116,26,1,2592995
9a0e159a547be03a,94,130,36,1,1963660
99f431341bba96fc,1036,1450,414,1,28605819
9a0dd900ac2b1c4b,340,406,66,1,4198003
99692c816eff9083,2244,2935,691,1,73253595
99fb85b9231351e0,1115,1420,305,1,25889617
9a2d2ef073b60bfd,4,7,3,1,215528
9a56bddebf7fda83,5,7,2,1,159538
9a464a32b99267bb,25,35,10,1,604093
9a26ff7d955c1109,91,127,36,1,3504895
9a882a6980827f91,42,53,11,1,967561
9a88d31fc47e371e,71,99,28,1,6291855
9a65ea011212e7b3,249,302,53,1,11876905
9a6d3df26f6289b2,296,337,41,1,12091674
9a946c60d4bc0ff2,96,143,47,1,3993511
9a9b7c119b13cd8c,182,187,5,1,4084783
9aa3aad02d1f8b99,6,7,1,1,144570
9a93c8458d7a4436,106,154,48,1,8345159
9aa0a93f00d5ef97,90,120,30,1,1611995
9a310c9193a6368c,485,546,61,1,20261241
9ab2aff4b433912b,151,167,16,1,1347137
9abb004727cfb1b9,37,50,13,1,487406
9aa78e1380c80bec,252,282,30,1,3586148
9abca1f210c05954,198,209,11,1,1299570
9a405ea22f50990e,475,616,141,1,23249378
9a759d3d208fc11f,607,796,189,1,23521957
9adbc447a4f13f79,215,243,28,1,2774250
9abf9e4f946f64c5,269,313,44,1,5953443
9ab5600a97e9645a,270,388,118,1,10613640
9aaa7fae180b7fe0,331,402,71,1,12499266
9ad73ef9ba96f07b,570,715,145,1,9925369
9ae65a5c6ad808a0,272,323,51,1,6122008
9af8cc6c5ddf2a56,200,211,11,1,1959374
9af29a565582b56e,207,280,73,1,2697472
9b027c1816b67118,16,20,4,1,325426
9b179601e0cfa731,133,180,47,1,1450945
9ae9c89f100c3baa,425,506,81,1,8605885
9a6508765370e38e,899,1061,162,1,42349810
9b1ce6a2a3bbcbc9,315,340,25,1,9734842
9b2b0daa6419f5b5,199,208,9,1,3606112
9b27000a2fd2c22d,499,684,185,1,14597648
9ad8cc21340b84b5,838,1121,283,1,34889424
9b40ac6d7401e59f,347,403,56,1,3316878
9b45985d999a45fd,44,58,14,1,787044
9b5163154b647c57,100,134,34,1,1885467
9a565f43f94dc2c2,1496,2043,547,1,65815870
9b25e403fbf8ec15,992,1392,400,1,22139025
9b55a96b7a5f01c7,223,273,50,1,3911055
9b170753fdfde706,974,1231,257,1,35303930
9b662683ed5c0b99,5,6,1,1,168691
9b05015b6ed67017,1084,1565,481,1,41432793
9b5683658f239bb0,424,510,86,1,8796465
9b3ef232edddf7f7,1102,1374,272,1,25529219
9b7858d5391aecdf,5,6,1,1,188422
9b42b464d29a9138,594,777,183,1,23418015
9b7278eeae178a15,257,281,24,1,5980771
9b6b2faea3ae6ece,220,275,55,1,7614354
9b5a135318e62602,850,1129,279,1,19786826
9b7b6087654b929d,284,318,34,1,3869151
9b77503301dd1b2c,483,618,135,1,10267768
9b5c949d05e29e43,1362,1767,405,1,27861223
9b6760240f88d1f7,776,1072,296,1,24260665
9b985426e97ac339,244,284,40,1,3936274
9adba03487b8b3b0,2560,3482,922,1,86479513
9ba07afe656d0234,201,208,7,1,4643326
9ba47d547e3cb401,8,11,3,1,256653
9bb06ea439e0f95a,2,3,1,1,77609
9baed48684aeafb3,31,44,13,1,504188
9949d87b37b1af19,11462,13863,2401,1,447051319
9ba4f30a25a0cab7,403,555,152,1,9631132
9b9f1e76a981e494,604,806,202,1,13679606
9bc8918267c48ec1,207,217,10,1,1757715
9bcf477337b36d3c,119,153,34,1,2362656
9bb494bcb0a4a95a,961,1258,297,1,21908255
9bdaa83a7be6c86e,5,6,1,1,210102
9bdd9b488e7e794a,49,75,26,1,1526842
9bd9c8dd8ff8adc7,93,117,24,1,1825253
9bd3c307384981a4,391,516,125,1,7460079
9be95630d3cf1e63,339,489,150,1,5692881
9bed946916242703,4,6,2,1,129424
9bf04b33ded5dbdd,82,108,26,1,1625304
9bf27a5a41201e53,157,212,55,1,2743972
9bf70e8ebfeb565d,192,198,6,1,2028096
9a77e1db75bc3347,4300,5705,1405,1,178692362
9bfecf37bd37424e,307,338,31,1,3763539
9bfcd08859d6b769,752,1036,284,1,22462054
9beadba7bfe5f3c1,1531,2082,551,1,47607309
9c12b9ab61682897,116,146,30,1,2626298
9c0e056be325327a,259,281,22,1,3685693
9c24d36a3b143221,37,48,11,1,706042
9c22f31594f315e1,185,194,9,1,2030383
9c11b7ea4dfbc1de,582,809,227,1,25472591
9c1fe49590813f54,1039,1478,439,1,35088158
9c0a36a1db6f635d,2055,2574,519,1,67639364
9a9183a6ca400eae,2389,3531,1142,1,301892770
9c3817027d24740b,3,3,0,0,104931
9c40503aa36334cb,25,33,8,1,593771
9c3a31d24e4b8931,231,257,26,1,2327306
9c6ac8d37f07122c,70,93,23,1,2291005
9c752d7c0e28c382,90,127,37,1,1576795
9c754ae480c46d76,206,212,6,1,1084332
9c7f2c9006f98d78,2,3,1,1,32434
9c90fbf43382e9e8,195,205,10,1,1318962
9c967c8fa93ec1cf,197,211,14,1,1316498
9c67521c46e10ed4,345,388,43,1,8318540
9c652bcec3ba4f8d,395,456,61,1,10782752
9c26cd36cbcb3f19,368,469,101,1,12818986
9c736242f880e4f1,331,425,94,1,12156206
9c9b47e92484377f,318,354,36,1,8606350
9ca3f5299d990243,290,333,43,1,8085819
9c9f8dc346777507,245,331,86,1,9901119
9cba45f696899299,66,80,14,1,1198909
9c489390d0872272,525,734,209,1,28121873
9cbc67028e546737,42,51,9,1,742322
9c64d2e568436c3c,784,1090,306,1,29732052
9c9e9e8b0e98b4e4,544,776,232,1,17686392
9c5cb8671ce48984,816,1047,231,1,31026629
9cd157cd08cd8e53,25,32,7,1,513396
9cd09c6541fb2386,195,243,48,1,4175117
9ce176eca094262a,82,113,31,1,6154683
9cdfd1b2f5cd2307,201,214,13,1,7468591
9ce98e2bafb3e211,105,133,28,1,1463335
9cea21576104a73e,8,13,5,1,173859
9ce9cd14e2df9dcd,48,64,16,1,1660304
9c58a299488f5a20,1881,2518,637,1,57043417
9d03543a6b396173,39,52,13,1,673593
9d08110464228d80,4,7,3,1,108738
9ca6f6e3e2baf973,1872,2451,579,1,57179087
9ce3da3d5117d8bf,631,830,199,1,15985894
9d12a1f3a044443d,199,211,12,1,2409458
9c623f3207db225a,2481,3148,667,1,92838705
9ca75e94e7258102,3107,4027,920,1,85079561
9cbf8b42cc379658,2519,3267,748,1,69110561
9c9740f241d71b10,3074,4260,1186,1,103594066
9d1917b9f9affbbf,97,135,38,1,1493044
9d1c7bbf92ca30b3,47,60,13,1,1249403
9cd7caf1d8b69be8,2284,3018,734,1,59818419
9d1f7c7b788bcf56,260,280,20,1,2735258
9d35a2006043d0b1,86,119,33,1,2022518
9d1e391797edaa92,1143,1543,400,1,25218339
9d3f7883851d6881,203,300,97,1,6090757
9d3f2ef0a3c2d83b,573,714,141,1,7052029
9d4fd44ad2938987,263,302,39,1,1952007
9d50c27fe8492d63,102,137,35,1,2339428
9d63432c6cea67d5,283,316,33,1,3205155
9d53a14e5db941ec,1249,1590,341,1,17888930
9d68a06487aa21cf,198,206,8,1,1113602
9d83fcf8a6470dd9,3,3,0,0,102659
9da1d5b85de89068,249,278,29,1,2111931
9dafb82084ef0f1a,86,119,33,1,2336361
9db7ed9baed0f4ef,3,3,0,0,90458
9d9921c2b62315f5,1409,1867,458,1,46151735
9dd43fa3d4c5f78e,2,3,1,1,142870
9ded10b0306b198e,11,13,2,1,324251
9dc476e370dcfd9a,95,121,26,1,2693897
9d7b08ed025c9931,2101,2730,629,1,64530015
9de412da819de443,311,356,45,1,10839842
9dfc1e07017fd6f0,370,453,83,1,5916141
9dc9be4d3bea916f,800,1043,243,1,29594462
9df93c5ea7eeb436,577,624,47,1,15248391
9e288c94be1ca968,261,280,19,1,3257028
9e3327c944fb6fd1,226,294,68,1,3111802
9dd32f383952afe2,1115,1340,225,1,45385743
9dfc2b89b4db0802,696,968,272,1,26906855
9e2af90e295b51fb,454,550,96,1,16464446
9e4272a90877bd7c,36,49,13,1,665626
9d761cfbace12ff5,2717,3445,728,1,122880097
9e3aedd7d4c19deb,515,709,194,1,9575886
9e4d686479f05f12,188,199,11,1,3005634
9e492a782105fe44,445,599,154,1,7284056
9e5213b0340b8556,392,485,93,1,8736062
9e6fc17bb3133abe,28,39,11,1,729542
9e2c785eff1664f8,1448,1822,374,1,40556625
9e73d7873752c600,115,165,50,1,4954603
9e8bb3d96d784633,132,166,34,1,2692021
9dbb1cd7d12fd13e,3190,4339,1149,1,121886064
9e742cb090a9615a,1184,1579,395,1,65405714
9e7da9ff2c58d477,1981,2663,682,1,64865099
9ea2e69d07cfb35b,2,3,1,1,146101
9ee8b2fa7784ef53,94,123,29,1,1366734
9eaadfdefc241429,189,211,22,1,4001316
9ef3741117ae0c0e,76,98,22,1,2169658
9ec9a7f42857f289,703,926,223,1,17997718
9e8f7c64ab81d9df,651,800,149,1,20235612
9ebf2f2b1d2cdbba,875,1250,375,1,21633854
9f039a58fefd0cd4,282,411,129,1,9306879
9efb6d01402e56b5,368,453,85,1,17757565
9ec737d1a91ca4b7,880,1119,239,1,31910826
9eff20889fe7c146,690,838,148,1,21514271
9e9f65f3bc2cf234,1161,1638,477,1,44122954
9f05a8c069309302,719,1060,341,1,26159768
9f1f076709e8899d,15,20,5,1,377225
9f28be4cc7b4c0fb,250,278,28,1,3197261
9ef9dbd68ce3a3ff,1443,1838,395,1,49519653
9f3a9139d52eefaa,36,48,12,1,598670
9f3c3c7e74db99ca,53,80,27,1,717974
9f580e2bab3fa014,103,137,34,1,1606473
9f2d6a098c8ae123,170,226,56,1,4015620
9f3edbe07a839e87,101,131,30,1,3785975
9f4fc7cbe53897c1,305,355,50,1,5498878
9f679220c4bbe1aa,327,414,87,1,5380410
9f3658293b59e368,209,312,103,1,8345550
9f8c5076901c38f8,66,100,34,1,2303852
9f8795147f46fc73,136,192,56,1,5002600
9f755351dd7bd4c3,384,541,157,1,7958870
9f381829b910f72a,569,725,156,1,12348669
9fa8bb1c73afccca,4,6,2,1,141350
9f9788ad6bfa425f,9,13,4,1,266214
9f9e12da4aba6072,20,27,7,1,437729
9fadd62d4dd30c4a,45,57,12,1,854993
9fb8050bb9648c6c,42,58,16,1,904840
9fb6cd0354cf351a,211,228,17,1,2181413
9fc1fa57bc36f156,45,55,10,1,734767
9f9388dc55501d3f,200,268,68,1,4634358
9fb8125aee245b79,158,201,43,1,3264762
9fec693f37b53caa,3,4,1,1,64975
9fb0a22ceab32cea,287,416,129,1,6461786
9fd0fe4a56a41894,270,294,24,1,3056634
9fb29b875e853ac7,685,858,173,1,8569699
9ff4ac5a300e8ee3,327,403,76,1,5227761
a00046be3dfd9d7a,190,199,9,1,1656049
a003d933b50a576c,121,154,33,1,2114420
9efc5875d5c223f0,4756,6285,1529,1,155300961
9ff1368944ffc2f3,818,1134,316,1,19235328
9ffa498b6c2c0910,662,887,225,1,18475250
9ff7d0a398b20abd,741,874,133,1,20023078
a02b9622820d0b41,28,38,10,1,989105
a038345760ade56e,90,119,29,1,1941293
a00f073b0b026833,672,863,191,1,13582346
a01c93760cc6021a,732,940,208,1,13590795
a03b34c659ad42ad,324,365,41,1,4229492
a03bfb349ff67e98,301,346,45,1,3932576
a0070fe15700dd89,675,987,312,1,31222654
a0572dbdc962442a,84,108,24,1,1511126
a042af4f3a2ccfa8,298,337,39,1,2876212
a04fda5e578cfb79,371,518,147,1,9789743
a040f4ee67716747,1072,1430,358,1,22653058
a06fcd774223191c,199,206,7,1,1149821
9fc60717e52fff86,3141,4068,927,1,84604813
a07e29b3901ddae6,616,824,208,1,8387601
a0976584371415af,19,24,5,1,265455
a07659250e458073,868,1187,319,1,17694288
9f7c187bc1b45d14,4541,5972,1431,1,143324778
a08bcecfbbf4b49e,490,563,73,1,14883606
a0a198f5abde5c7d,335,395,60,1,2964440
a0aabdde577cfd3a,9,14,5,1,148671
a0708ec01993d811,1199,1705,506,1,38832411
a0c76efb1a503b85,292,353,61,1,3106058
a0c6594659931a7d,350,412,62,1,3200139
9c18f384cf0112c7,16059,21253,5194,1,830135662
a0d98c340f2fbab1,4,6,2,1,122424
a0d6cbf7c5dd302b,301,350,49,1,7396880
a0e7a92e11f24d34,47,64,17,1,1698495
a0cd8fbadd9b140b,671,842,171,1,19007757
a0d9c323de5bfab1,670,885,215,1,18131772
a0f646c058691967,209,228,19,1,2603325
a0edbe746bd94584,807,1011,204,1,9397033
a0f6819a85f8ae87,502,558,56,1,7467470
a1036c62a83adbbc,94,117,23,1,1694561
a10c1c72b6a209ea,92,138,46,1,1821217
a1102b9a0284a622,42,51,9,1,752607
a121923b9217cf2e,312,355,43,1,7280863
a13e2d432be4ab9a,9,14,5,1,265303
a144acb37e07909b,5,9,4,1,293746
a133a8229165d7d5,256,283,27,1,5360911
a1517c2811162876,188,222,34,1,2015077
a15c3f035d1a78f5,5,7,2,1,109274
a153682b60d9289f,114,156,42,1,3921724
a15abdc1406a577e,122,132,10,1,1111958
a16b3b04512ccfd9,70,99,29,1,3234758
a1731d09aefa7870,146,175,29,1,2061677
a1873318a7cbeb44,2,3,1,1,123506
a185e83e15d08382,38,54,16,1,1264891
a184f31b015570b5,91,119,28,1,1311778
a18a10d145c149f1,232,326,94,1,5607729
9e82b80d9f6ac06f,9058,11863,2805,1,496216832
a11ae30dcc894ee4,2482,3390,908,1,62331021
a1754b883052ed9c,1001,1345,344,1,17896771
a199885b91a649f6,203,214,11,1,1814724
a1868bedbabcd915,924,1197,273,1,15932929
a1b26ff9e80b6142,8,11,3,1,289669
a19a0dba8ce6f2bc,398,529,131,1,14169363
a1b64c9cb03a4bab,177,199,22,1,2233776
a1bed45e1e6a20ae,42,51,9,1,848822
a1c368da59bbfb77,189,194,5,1,1919013
a1bf97009ba0a93e,361,444,83,1,4740358
a1d0bcfbe6537a29,153,197,44,1,2717428
a1d3576651a721da,187,195,8,1,1430778
a1d725c5bc030e7e,125,154,29,1,1424577
a1e3853f6c674569,126,155,29,1,2370338
9f82b8817b8e9958,9689,12827,3138,1,356656285
a1e294108573c4ea,201,291,90,1,6098612
a1c3e1b6fc7e4de0,988,1280,292,1,23792725
a1e7eced98c0f3bc,39,48,9,1,1098568
a1da7922df301fcc,434,536,102,1,16412404
a1ea7e437c60c67c,284,318,34,1,9454156
a1f6e59eee0466fe,56,85,29,1,1313293
a1e64f3eb506652c,428,507,79,1,10191962
a1efb04b1285e116,267,291,24,1,2313908
a1fbbfb263221a67,39,48,9,1,638686
a1f6973d83895f92,268,301,33,1,1979821
a1f497ffe678b386,276,318,42,1,7406586
a205a8e72ba122a3,443,551,108,1,4784397
a204800498937802,627,808,181,1,8066911
a211db7d11da158d,645,836,191,1,9150315
a2158c576af624f9,606,836,230,1,8347716
a2168488171b9840,814,1078,264,1,14328155
a208fd7a09eac5d0,961,1202,241,1,23312608
a2255040597f5c4d,645,839,194,1,15690615
a24ad869ad74800e,338,394,56,1,4304782
a24d43ca044855d1,274,299,25,1,4159549
a25b8f328acf06ea,95,119,24,1,1764437
a2538227ac601b21,217,343,126,1,10286790
a259b038311fa6ac,800,1122,322,1,23287992
a26ef738ced84378,86,113,27,1,1651636
a2698dfc25ca27fd,217,231,14,1,1700401
a27fd72d4ef377cf,44,51,7,1,1519154
a26ffbc006f78ee2,491,673,182,1,17475231
a27e8bb105653c07,464,654,190,1,14822642
a287e4d55d09bc12,585,825,240,1,20088603
a2a2a09e8dc6e273,299,359,60,1,7555499
a2a3842f1540c31b,303,361,58,1,14372296
a2bc5a078b951613,116,123,7,1,1336948
a2b4a3ba5527a1de,309,337,28,1,6178547
a2c3b84d2594cb97,25,31,6,1,879961
a2c1a9da3eddac16,172,222,50,1,2968660
a29a39ae88a7f793,833,1041,208,1,23589960
a2c48ad886b378e2,127,170,43,1,3199565
a26864242eb50dbe,1849,2523,674,1,50624544
a2a4e2cb5c08814f,738,974,236,1,18293146
9f21e8cd0970d644,13880,18619,4739,1,595088009
a2e5081460815217,43,58,15,1,899903
a2dbca385cbbd493,433,485,52,1,7365649
a2eb7f64b9b43b6c,18,27,9,1,512371
a2f312639a061ae3,158,191,33,1,6724255
a2fa9cf37fa110dd,86,131,45,1,1491709
a30608817d073120,69,79,10,1,717639
a2f322b2ae4e76fc,367,426,59,1,8439648
a31bc7327a150a21,88,129,41,1,1771955
a30980a859989e91,615,847,232,1,16300233
a32579c39c5c1466,187,194,7,1,1700192
a3287a03f5e0a4e7,95,137,42,1,3328395
a32bd09e5d142970,316,375,59,1,4783209
a33188bd2c051057,261,313,52,1,3724838
a35b704e5f776347,112,148,36,1,2489027
a3658115784f7c65,36,49,13,1,771857
a364d4c3f6b85d7d,197,276,79,1,7130599
a35a9c299558b87a,820,1001,181,1,17638920
a35d7ae61575aefb,701,885,184,1,21695034
a374cf39367b91d6,489,679,190,1,11734229
a3a43a324b05bbda,17,27,10,1,756643
a39af7867fdd2d5c,193,206,13,1,2095837
a39047e313e9f9f0,650,800,150,1,20314856
a3a257c70f4d4dbb,204,223,19,1,3721251
a3a27c3156bd2378,102,153,51,1,4237590
a3a627b43db4af38,225,290,65,1,8152050
a3ab0f33f28e1975,33,44,11,1,653515
a3ad70ba9fb72c9f,99,131,32,1,4148162
a3695d50ea00e1f7,2940,3740,800,1,94810005
a391b44df4c86154,2342,3156,814,1,92943977
a3ab00e067590701,1835,2400,565,1,64968043
a3cb5cfbcf62da93,30,43,13,1,804756
a3c6260e2a1c6036,27,32,5,1,961536
a3b632b5d85821c4,143,208,65,1,3951271
a3f42f66c5e600d2,7,7,0,0,161374
a3f818ee18fdebd4,76,97,21,1,1876664
a401ed26da8d555e,1,1,0,0,32296
a3b1905ecf025c34,2726,3838,1112,1,119425060
a3da5d188e005780,241,266,25,1,5770586
a3ea677264a1b3ae,258,293,35,1,5635605
a3c58f6f793b10a9,263,293,30,1,7561295
a3c5a9af2c613857,310,383,73,1,8127671
a404d2f92115f5a3,207,220,13,1,2675516
a3c3895954caf8c0,312,366,54,1,10045775
a40ab17be8b6254b,190,197,7,1,3613573
a424bf7bff526f62,198,224,26,1,3589722
a420642e6a726e67,258,278,20,1,5574861
a45ff5ac060b4e05,203,214,11,1,2384472
a47a9af3ab31f407,6,9,3,1,208451
a3cbee8a4de4c5dd,284,343,59,1,12239783
a427b731cc8820f3,324,393,69,1,9385903
a4300e03c5284677,269,323,54,1,12147518
a4828ce064515f95,96,127,31,1,3428459
a43488a49aac7d2d,410,580,170,1,17869431
a417e8b0ab3348df,984,1209,225,1,24726765
a425cb3a83e76827,1280,1649,369,1,36717774
a491bca298d59a21,221,234,13,1,2215594
a3ea96a1767d3a6b,1943,2518,575,1,47204376
a499d51841178471,9,14,5,1,195979
a49d12bbadeeb296,195,214,19,1,2562394
a3e3497b1122cab8,1932,2580,648,1,62453087
a49d9a0dbd4374b1,455,646,191,1,10835564
a4a07596f0885c3e,478,583,105,1,10387167
a4b42a4f0d6ef389,3,4,1,1,127305
a4ac10a850721e41,120,155,35,1,4979219
a4e6bfff462850e1,68,85,17,1,1098049
a4ba07e62c814c94,92,131,39,1,3214856
a4d5e6662abba818,252,338,86,1,5292811
a4b8fde436d53c95,150,213,63,1,7615504
a4f0c8b5619823c2,8,9,1,1,282698
a4c2d5d9cc75ec3a,453,629,176,1,15913203
a4eaa5971c53355b,483,652,169,1,6578255
a4f6c31576ef5251,104,134,30,1,3125463
a4c5dea92c3093da,623,771,148,1,22394118
a4fd9ade54d16639,91,131,40,1,3856910
a4c0d4b2432f4fb3,1199,1701,502,1,35795281
a4ff71afec419920,427,536,109,1,9103456
a50cac42a012740e,725,788,63,1,18018114
a5165db4223a905a,188,198,10,1,1642869
a4ff840d629177b9,1309,1720,411,1,28053534
a4afe9164e0b96c7,3614,4941,1327,1,109871339
99ffcd606bb1b431,23125,31358,8233,1,2212600662
a50ab2cc3c5c386a,2835,3759,924,1,68946203
a5413c1504408798,3,4,1,1,160878
a541b661d4f43037,209,216,7,1,2807577
a522eb71295b1d05,118,153,35,1,4882957
a561aa0747c8f69c,232,312,80,1,4645182
a56cdffdc4f2fb92,212,288,76,1,4659015
a55251b0a842fd28,263,294,31,1,5380592
a53117eb1d4b2fc7,253,283,30,1,6414609
a57fe24c6a8dd1a1,273,304,31,1,4302748
a588755dbe032344,189,197,8,1,2839201
a5672b2742bb3cfd,304,450,146,1,9711770
a53d4968893ba19a,454,614,160,1,10463759
a587cb1a440cb666,560,683,123,1,10445801
a569b763bf69df7b,818,1092,274,1,18622733
a56b32db9f55d55f,665,960,295,1,25475826
a5c256199403324b,3,3,0,0,99211
a5d70b54db5da842,27,40,13,1,675329
a5cfc63153176ed3,91,115,24,1,1988643
a5b3db292b9cad5b,1187,1642,455,1,32251065
a5cc019e2334caa6,812,1034,222,1,16239583
a609598bc1df1f13,25,32,7,1,560667
a61d92b86872a95e,40,53,13,1,802513
a5fb3a822e64da1f,127,136,9,1,1797506
a6069a45274d7716,184,187,3,1,2694914
a602cb1e75764744,191,199,8,1,3035941
a5f9d997b31154c8,105,148,43,1,3953378
a6055e1cbe89dc81,93,130,37,1,4032400
a5fdabeebb80aa82,146,223,77,1,5217811
a6363e8926374527,178,182,4,1,2546720
a634a1f9fd848d0d,259,353,94,1,5800732
a635a283c10c3935,216,235,19,1,4407889
a6381ed5eb828506,256,279,23,1,5015540
a6393fdabc115340,426,578,152,1,11501737
a5ee2acaebb24551,706,851,145,1,17957910
a5fb276dce6d8453,1164,1653,489,1,30096935
a65e7058e18b548e,3,3,0,0,55796
a65fce7eaec99ee3,100,142,42,1,1690197
a64c3cd08fbee008,116,149,33,1,3114965
a642c42e2cb7a890,256,283,27,1,3487051
a65c0c4afe6f8184,103,153,50,1,4146688
a65516d94e331315,270,358,88,1,7909420
a654b44f4ad3d35f,511,621,110,1,10160697
a66c46897d98bcc0,261,283,22,1,3281050
a679f9c722c4ff1c,278,318,40,1,4179245
a6222f5c7d9afde2,963,1315,352,1,70062574
a67e7786c8c515e4,100,154,54,1,3920640
a69acd716a4c3efd,32,41,9,1,614889
a69727690fbd4891,192,197,5,1,1581354
a6a15f9c459ab2b2,437,525,88,1,7934801
a6b5e23bb5be6546,91,119,28,1,2759419
a6bab8f57ecff500,235,286,51,1,16868104
a6b0f65519637ce8,494,613,119,1,19284637
a6c5e8180dba54a2,94,132,38,1,2802611
a65117644ab742fe,1455,1951,496,1,99271260
a6c432ac1ca5fa81,429,550,121,1,10981764
a6db3aaefdd37d68,8,13,5,1,232875
a6ab506e460ce8b9,959,1275,316,1,36351598
a6cf3d516231069c,378,511,133,1,9454305
a6e632bb4d690240,108,153,45,1,2697927
a6fcab2c2ba57bc3,119,151,32,1,2991729
a638f43a86c995fe,4115,5088,973,1,143622254
a6fd5675717a24c7,265,334,69,1,6454248
a71e175e09073954,209,223,14,1,1546128
a6f7e74bbf75ad13,1102,1474,372,1,32824292
a729ac453736d279,212,229,17,1,1798648
a706b5f99130c26c,861,1148,287,1,19324793
a739a0420f13a335,100,153,53,1,2807000
a7331651e5c4f959,749,979,230,1,16849867
a74d32f425cd6f36,174,214,40,1,2243747
a7557990d8e5c021,433,618,185,1,6712416
a761bb1f7569cc76,183,188,5,1,2028208
a74aefd8f6c33491,896,1224,328,1,28514789
a76b56c5e30b5c9b,4,6,2,1,235185
a765e4e5a2d8cde6,351,420,69,1,6560154
a7758b85cc860faf,18,26,8,1,480520
a763c65ec953ee0b,648,870,222,1,16179909
a775a5896f6f8aa5,234,316,82,1,7675780
a78d74fd3d9ea577,94,128,34,1,5410969
a7943b5b20647bd8,27,38,11,1,1090755
a5c9be9a0950744b,9066,11133,2067,1,299525745
a7728a0959a1020e,552,780,228,1,23814167
a38f290c7461acaa,13668,17647,3979,1,751871218
a7adffd300b9ca92,5,7,2,1,164280
a7b1eb502299a481,3,3,0,0,82595
a7b31db3c10a18d0,229,339,110,1,5915911
a7c01774b98531d2,105,154,49,1,2664332
a7b8b9ece794607d,323,396,73,1,5890328
a7ca16bdab818b3c,96,133,37,1,2476055
a7cb325bd8afd70d,205,217,12,1,2605107
a7be2e77a51c432a,196,286,90,1,4747462
a7f059b91d2602bc,2,3,1,1,150449
a7da4825ef0a4527,194,206,12,1,2310514
a7d611882c788b96,381,450,69,1,7097480
a7cc9c2cdbb594bb,800,1014,214,1,24046204
a7be372982cb0c2d,1422,1944,522,1,52762005
a81251f2240a2491,81,100,19,1,1060728
a80da9bda10ffa49,95,127,32,1,3545137
a81b9c246be89e65,28,39,11,1,707179
a8095c98d799507a,364,442,78,1,7893196
a7dd386e7a06095b,1522,1999,477,1,44949229
a7c4e69d0f5b4ad4,2005,2702,697,1,63481075
a81ffca6c3cc024f,429,502,73,1,11010380
a84864eb08d3ba1f,32,44,12,1,1102171
a84cb1b8e6866088,252,283,31,1,5224994
a819f3192b8b019b,1909,2491,582,1,48241191
a8627a403430df3f,214,228,14,1,2791415
a86a22fcf5cbe036,15,24,9,1,488333
a8307de722305b61,1005,1264,259,1,35247210
a87278787f676a9b,226,332,106,1,4431526
a83224b96467ef36,1190,1642,452,1,42981659
a85bf79908d8e89c,503,700,197,1,15973107
a86254df02cc5a5e,816,1031,215,1,21728085
a87ad891f958eeaa,534,683,149,1,8665733
a88b32e8e4a941e2,53,65,12,1,1288329
a51670bbfa8eb4e9,12559,16856,4297,1,687458977
a8a0370d8e200b02,188,199,11,1,2084243
a89ba93345de6cca,337,403,66,1,6202217
a8a7e39877053f90,389,444,55,1,6772729
a8ae6c25a4350279,69,94,25,1,2811418
a8b24e89e6e95b56,2,3,1,1,147015
a8b374261a9a2046,38,49,11,1,894995
a8b6d72fe6e1f652,81,117,36,1,1377154
a8b14b231eb2553c,322,398,76,1,10268199
a8be0db40cefa3a7,214,237,23,1,3621307
a8c004f18f640e91,84,117,33,1,4452607
a8c1f54321f0750c,27,38,11,1,683564
a8ad699a30240093,877,1182,305,1,24402772
a8d6938f9604797e,154,198,44,1,4034178
a8c76f760c9a4f55,566,778,212,1,16660058
a8e4ff96fa229149,237,253,16,1,3324811
a8dcfe3292e4bfd1,611,832,221,1,16108443
a907a25b9751d7c8,184,187,3,1,1394099
a901d1579da5ba3e,42,64,22,1,1614143
a905b16d75d06b56,103,130,27,1,2112263
a8fc433e3273dfcd,339,396,57,1,5132855
a914b194bb6ff607,7,13,6,1,209227
a8e93ed39e941362,1554,1730,176,1,26188612
a9023016679d5d58,549,667,118,1,11351753
a91b5ff9d1074ac3,42,51,9,1,1747752
a91c487f4a6d19bc,442,556,114,1,13947638
a918b248792d8e56,631,871,240,1,27462135
a8e624e42f9696c5,3161,4406,1245,1,104379884
a91fc3198a0f981e,38,49,11,1,1090341
a92e1106d0f75e53,16,23,7,1,482279
a93a085787e3a02a,31,41,10,1,758148
a921f697edc0954f,216,233,17,1,1969891
a970ece1d713e745,85,112,27,1,1746839
a9656e1282febd75,89,120,31,1,3195794
a923bda4c29680e2,313,377,64,1,6881231
a977a99ec6132e82,282,321,39,1,4869016
a940fbed413fb509,274,340,66,1,5768838
a966cc5a0d52b802,214,264,50,1,6009921
a92d3398218dcac9,265,323,58,1,11371734
a91ffb8e3034b905,1465,2100,635,1,44258791
a98b2a319a2a899e,4,7,3,1,324864
a98334314401540a,35,49,14,1,939406
a9be5c6353b7f858,3,7,4,1,222917
a9af5505f9e3b098,25,31,6,1,879374
a98819e314dd6576,207,222,15,1,4321175
a9a208b4a3a3770b,187,218,31,1,4789906
a990e53c1e35ac5e,361,417,56,1,5904594
a9f189dd939c9523,260,301,41,1,6104498
aa030836904683cb,239,334,95,1,4919515
a99d0f4e3e1105aa,294,395,101,1,8363006
aa090225ec2c1526,120,159,39,1,2233910
aa0aa5c87efa7c10,261,303,42,1,5482661
aa06b51b6b4debc3,256,339,83,1,12881316
aa0c2a018f105f25,601,702,101,1,16017205
aa148e17dc564088,209,224,15,1,5057879
aa1e2730d2155a9d,109,140,31,1,2377951
aa1f781e23de714f,92,119,27,1,1595054
a9c81f54c6fdf634,990,1356,366,1,39998544
aa0c1473ac358186,523,712,189,1,23599161
aa27a27713e1db32,145,194,49,1,2379553
a9982c9a2647e69c,1133,1499,366,1,42608837
aa04a4474e59376b,981,1286,305,1,35001646
aa28befa21ff7a93,92,121,29,1,1710385
aa3821da9d4bff85,226,254,28,1,2789676
a9a4292806424225,1926,2545,619,1,75031950
aa493f3863772a66,106,134,28,1,2142236
aa5e2c560265cd0a,2,3,1,1,95221
aa5af5666f67af5b,126,161,35,1,3273898
aa79475fbc7b270e,125,158,33,1,2377448
aa66b5f670d5d446,462,568,106,1,9147116
aa449d38d62c478e,1224,1555,331,1,26636461
aa7d632054664681,209,235,26,1,5490772
aa7c75fa5166eb5d,566,781,215,1,23760851
aa38c967df9de1fd,1451,2075,624,1,61954799
a93dfda35e6c135a,5084,6438,1354,1,263551686
aa9f7eaadec65d9c,3,3,0,0,130090
aa8e1db57b23d2e9,15,23,8,1,539926
aabe501ab4b9ee6f,31,44,13,1,950942
aacd515ce29fea90,94,129,35,1,2482752
aaa6b06193b60cd5,103,136,33,1,2520856
aacd4802b0c53453,95,134,39,1,2503877
aaf4d295a57a4527,26,35,9,1,1021537
aa92908b73816e77,189,213,24,1,4232003
aaa9ffb927fff42a,212,244,32,1,5900655
aa9e742c9c6a5dd4,320,395,75,1,10144335
aad0978a094decf5,311,353,42,1,10064728
aac66c9c8d76ea3f,292,346,54,1,11183458
aaba586cd9410026,130,179,49,1,9169866
aae915fa9abc7cc3,668,855,187,1,27421546
ab233eacef0627a2,121,139,18,1,1243871
ab0c2c948a55e5e8,153,185,32,1,2512847
ab1112098e22ce99,302,355,53,1,5589889
ab3d313149c1e593,108,154,46,1,2897237
ab51145fd0e9a93a,8,10,2,1,330593
ab5c5472e20ec408,4,7,3,1,240993
ab1d5ccd9fd50247,994,1304,310,1,35694236
ab46468d6854f340,790,1016,226,1,17893689
ab6249e35ca9ac8a,68,96,28,1,3851202
ab5ef84ceb8fa9ae,457,540,83,1,9332028
ab74dbc4923811cd,242,284,42,1,3022237
ab7f7e4bc605c188,98,128,30,1,3722846
ab5acc34a3373366,780,1031,251,1,22153082
ab84e43b29703084,193,209,16,1,2291044
ab7560f987204869,712,899,187,1,12978824
ab926963b351e51e,71,106,35,1,1023009
ab9c2db26b9407ec,78,118,40,1,1344437
ab9cd81b0d6afba0,67,94,27,1,1976376
aba16bc4ed09147f,131,197,66,1,3390271
aba91e8fe9bfd1b3,445,642,197,1,11150727
abc10ab9b155865c,180,197,17,1,2019993
abc1f552b20d4b8b,542,694,152,1,11592131
ab965725a48f4276,1348,1939,591,1,52475054
abdd2fc5e8c72337,7,7,0,0,150963
a965bf837a563994,11540,14060,2520,1,420075824
abe86a83ecc63db8,68,79,11,1,1052297
abd82910cf85fd3c,183,187,4,1,1500457
abe52b880c53fc0a,121,155,34,1,2450030
abfca884df0550b2,9,13,4,1,150422
abf4a6f8d00af952,337,389,52,1,5227779
abe06dc0e210aa6d,444,531,87,1,6756587
abf0298f2824285a,562,684,122,1,6122741
abf9453b5d0d099e,193,198,5,1,1671219
ac00af6c085818e1,101,131,30,1,1965845
ac053130c482c0bd,64,79,15,1,1107129
ac05834fb2a39c75,89,111,22,1,1002836
abbd1b50312d1562,1588,1823,235,1,25907165
abf5b48eb065ce14,633,825,192,1,11797871
ac19d70f864ac29c,85,106,21,1,1428123
ac1b1e89c0fdb6d4,76,103,27,1,1699965
ac1caf602d6dd964,234,330,96,1,4329436
ac10b76a3df3b350,687,816,129,1,8382858
ac27919b1facbf99,25,31,6,1,329103
ac2bfe3cf09f74c3,252,274,22,1,2640381
ac103321159321b9,796,1039,243,1,17489774
ac35355342de7cf4,145,191,46,1,2260164
aaffbf9e63594a5d,5208,6954,1746,1,221355050
abd0398a958e93d0,2458,3092,634,1,70572510
ac5128e004578dc2,63,91,28,1,1285018
ac471c05576829ee,253,323,70,1,3420706
ac1f7411b33de8b0,1336,1734,398,1,37167628
ac555faa6b47746c,476,596,120,1,4645917
ac3f96c79e63d7f7,1239,1727,488,1,19150737
ac6c88a105df4fc9,66,79,13,1,699108
ac6b1a51037cd914,312,340,28,1,5186924
ac45dd4aade86c0b,1170,1667,497,1,28490746
ac785a39b3cca80f,203,214,11,1,1185877
ac6192524e20f95a,575,697,122,1,19445218
ac7e2116876d7c0e,193,214,21,1,1771072
ac7281bcc4bbca51,346,421,75,1,8277880
ac809c2ac044c2ed,320,354,34,1,4929286
ac8ae80f33b70711,369,448,79,1,4705958
aa7ad2ef65de22ae,10048,13351,3303,1,340142221
acbe7da5c5368b9a,26,31,5,1,623968
acc920d6d1d17d3b,3,6,3,1,93638
acaa9b3a89f5edea,788,1005,217,1,17929314
acc15d5af8b82ecb,221,252,31,1,3964154
acccfddf67fd6f8a,19,33,14,1,1191891
acc6f415cba4438e,455,571,116,1,7546676
acaeff7c17b54802,1149,1462,313,1,25002267
acd13c8d71ca909e,327,382,55,1,6569981
acd5bdca685eac28,223,285,62,1,5231490
acd1a5293046a7b4,1002,1172,170,1,17809754
acbcc242d135c64d,1114,1581,467,1,41341521
ace7a07f1957e51b,76,107,31,1,1094756
acfcbabc2beffcbd,164,200,36,1,3306552
ad05d23d5adbebb1,249,276,27,1,3751574
acdc251b6860bd12,965,1302,337,1,23386088
ad0eb78b959b46fe,243,290,47,1,2665109
a91363697f46130f,12651,17024,4373,1,728488567
ad0adae69e3badc5,805,1057,252,1,18181286
acf101d5d0222cca,1414,1898,484,1,29390373
ad0de988ab762769,1157,1601,444,1,27606871
acd0641eaa1a9eb6,3794,5184,1390,1,107711947
ad1d2fd66a77e4c2,3,3,0,0,76770
ad87a9a9ba9b2273,38,53,15,1,954846
ad7a19b6df9004bb,48,66,18,1,1119412
ad3e059c330bf707,118,167,49,1,1464602
ad2bd0432ac4e2b3,81,110,29,1,2105091
ad98a273b4a1f1a7,42,51,9,1,906055
ad3bee34bbf0248c,117,161,44,1,2186070
ad8ceca0dfa7364e,102,134,32,1,2120663
ad3885568cab3890,259,278,19,1,2568955
ad7e9d569d15c3c9,228,255,27,1,2559117
ad94d6a81f80db6d,108,153,45,1,1821850
ad1e87168e605ab2,281,317,36,1,3348808
ad3494ef8a5ef4e0,484,630,146,1,6489534
ad3f72ba94f8e487,672,909,237,1,11369160
adae01a14888bc34,3,3,0,0,50842
ada614e8c9d02df0,272,306,34,1,2612881
adb284e3699accc6,3,3,0,0,37934
adadea75a414d1d4,195,204,9,1,1564895
adbbdb15ed75bd36,5,6,1,1,200140
adb91f39e0dbbba0,49,64,15,1,718978
adc5a318865174d6,181,187,6,1,1130764
adced6cf8321710b,258,284,26,1,4765313
add1c803dc57ea60,311,404,93,1,12030802
add8e2cac33af0fb,420,594,174,1,11353212
adcd1cb95f4d2829,644,849,205,1,19910238
adcbc33bf89b9380,694,960,266,1,20852399
add1a868621faf34,530,734,204,1,16948995
adceda5d1651b78d,623,809,186,1,20953198
ade7ba99435b691c,99,130,31,1,1326386
ade1b6aecd031028,297,354,57,1,2514721
addb08dd3df930f7,446,599,153,1,17857484
adee9a14903b8bf4,525,744,219,1,11584108
ade9fa8fba4f6f71,610,808,198,1,12747061
ae1a1d24cbf6390c,46,64,18,1,1661276
ae0e43bfa068de20,300,340,40,1,4616930
adff790e645b70f3,681,944,263,1,23255918
addada636d5dfbce,1350,1652,302,1,45932744
ae21cc9ad0046cd6,429,534,105,1,5075145
ae1c8ac5f0a16461,679,873,194,1,20907204
ae39818833086f96,192,199,7,1,2384206
ae475d3080726bb7,464,553,89,1,9164730
ae5cee7b26fc0f32,35,49,14,1,807377
ae640d1b3cd80766,2,3,1,1,57623
ae63c111ad03ddde,19,24,5,1,409102
ae6a7bdc762b5d44,3,4,1,1,72816
ae691dfc0a58bdbf,11,11,0,0,213802
ae720a6c693030dc,312,353,41,1,7509826
ae648bb7822fdb62,912,1291,379,1,19748982
ae7250ca79a8e928,267,319,52,1,5324461
ae87f32ab47c6cf9,96,130,34,1,7924630
ae84b15d7868896a,114,149,35,1,8139442
ae886bf093b84786,694,943,249,1,13540795
ae96a99b29c8d93c,194,206,12,1,1303832
aea3bf22b774adf2,207,229,22,1,3607296
aea29760c52c6266,157,196,39,1,3684182
ae9649175299273f,756,997,241,1,16510661
aeb2406e5b7c43b6,7,9,2,1,218672
aeb4b94468593f13,119,123,4,1,726498
ae6fb431a3a9729a,2000,2730,730,1,67516284
aeae9ed0e45898be,546,774,228,1,13759535
aec50a41f4438879,264,290,26,1,3396890
aecfe4a0a86d8ca2,59,90,31,1,1352877
aed56585c1a892c5,247,287,40,1,3137541
aee5e25738eb0fe1,24,35,11,1,634622
ae6ea3d0cb2706a1,2807,3625,818,1,81445735
aee7c65ce4ed4aac,106,135,29,1,2191913
aeec1ee6c6c3014b,27,35,8,1,374050
aeed1f300c0a0d7f,252,330,78,1,5608477
aeedc6b9beb9cd55,829,986,157,1,12459849
ae88b2bfcbaebda4,3240,4294,1054,1,104678814
ad0d4a0aadb62ff3,12422,14898,2476,1,358281608
af409af500144a54,12,17,5,1,374156
af21218faf4f69d5,34,48,14,1,1529307
af3b71d9ed3591d2,44,54,10,1,1515741
af45f5e418df8197,105,136,31,1,2528128
af18b0d1bb70d7b8,200,214,14,1,3018590
af111388a4620f77,108,161,53,1,4132595
af148bfff97ad2b9,189,195,6,1,3818490
af76fdafcb4fb457,204,214,10,1,2185643
af507893a581054f,101,144,43,1,4280569
af280ed7637daedc,262,300,38,1,6209329
af96b5b60bb3418a,77,109,32,1,2813171
af783c40bf0b83ef,236,301,65,1,4593753
afd8693dfe0caadf,28,39,11,1,741816
afdceaa64803655b,27,33,6,1,470816
afa36f144c4c5648,290,337,47,1,4134664
af0d0df32ae44cd5,308,425,117,1,11744054
af8923e8447d120e,309,361,52,1,8299983
afec957b8232c02d,43,51,8,1,1115569
afc5c519d7c75b1b,269,294,25,1,5714682
afe38a3731e47842,284,314,30,1,4908015
af7172852d370d26,359,446,87,1,13635496
aff0588ec71cdb5f,86,112,26,1,3381651
affc6b05f21b715a,2,3,1,1,128932
b005349c7084d107,2,3,1,1,115527
af1670fd9a4524e6,427,593,166,1,16742501
aff6ab8ae26c456d,101,158,57,1,7128957
affa4a3f780a5f1a,141,201,60,1,5157317
b01a0a76328d6309,42,57,15,1,3564900
b007e8cdb685384a,256,276,20,1,8354253
b00816285ef29d3a,262,299,37,1,7914761
af4a5068a5316d2c,580,648,68,1,25209345
b045dcdc67737396,34,48,14,1,888766
aff64ae722dcd1b7,312,363,51,1,13839099
b05b291c22aae1c7,87,119,32,1,1866700
b03d051080c817b8,90,128,38,1,3092009
b067b31898d8843a,190,198,8,1,3098883
b06f5a9587bceeb9,196,222,26,1,3035380
b076203847312983,105,133,28,1,2211910
affcd3de0d2477e8,634,772,138,1,16899102
b02d5bfd8fed6f67,563,690,127,1,9711718
b00a8c6b920490e3,418,516,98,1,14601911
b0617b5e72db7a47,528,672,144,1,10293950
b085cbfa15a5d602,102,138,36,1,2587265
b06639f8539510f9,733,904,171,1,12511030
b0904fb573994f54,81,106,25,1,1203772
b07343601b8a07c5,450,508,58,1,12070173
b0796d10cabe49f6,401,553,152,1,8604307
b090f26fcd0e92d6,154,218,64,1,2011405
b09d549bcd40504b,2,3,1,1,35831
b09fb485b273048d,11,14,3,1,142226
b08f4c956424dcaf,250,283,33,1,5686045
b0ad53cfd3b3c6f4,219,229,10,1,1573643
b0940990432b5c06,95,134,39,1,4123227
b09c03c1fca137da,338,398,60,1,4106747
afdd3c70e7aa0b41,1242,1742,500,1,44284093
b0dc75c82698a38a,76,109,33,1,4424872
afb649a945abf56b,1079,1500,421,1,48933642
b0ebc4fb62738ab2,61,79,18,1,2564828
b0c062d20c827751,317,341,24,1,12484437
b101cc3802d9bfa5,79,108,29,1,5256537
b0cb0b46ab7ba77d,336,401,65,1,13540218
b07dd7a1288d6507,575,781,206,1,25147945
b12649bb4aef3d7f,107,132,25,1,2267056
b1213f06bc0ccb7e,257,289,32,1,4683986
b136e7ae50b4846a,322,395,73,1,6890329
b136502189f30e9a,461,648,187,1,10705605
b14191a4577454d8,41,58,17,1,880006
b100f1ac661141bd,580,817,237,1,19515145
b078ad83ea6c9f15,1117,1600,483,1,42932597
b1589c5113914080,51,64,13,1,1213455
b153f9d43c409d35,149,158,9,1,1584358
b15c5a3e586620bf,89,134,45,1,1938743
b16c713720530b2d,271,292,21,1,3108136
b173083edd8c5f38,45,49,4,1,647399
b17896b9b8864993,135,146,11,1,1519706
b17d631c6c2388ed,211,228,17,1,2235412
b10920059e144173,675,905,230,1,29265388
b0c4f9d03bea2edd,1511,2047,536,1,47014440
b18a9440640db766,208,225,17,1,5296920
b197fd80d2acd5df,252,280,28,1,7724234
b19ed27d047f6512,77,117,40,1,2150083
b1806e67eaa352ec,626,825,199,1,19546023
b1922dd12813fa87,284,353,69,1,12195308
b19f4d5e9c7fbd8c,183,187,4,1,1803319
b1338d7eebd10191,1095,1386,291,1,46737323
b1a1daffc5315b00,541,656,115,1,6484655
b1c42716a947227a,196,278,82,1,5793027
b1b5f6b279ebc60b,324,428,104,1,7419473
afacd505c4b6cc60,3917,4938,1021,1,132562344
b1df5e0242321891,19,24,5,1,382827
b1d58db725581f6d,13,17,4,1,418586
b1cb7afb2258eeb2,101,153,52,1,2283096
b1ee5294ce69106d,245,274,29,1,3384973
b1e2aa7b7d9aa03e,279,354,75,1,5567170
b20292816c7c171c,15,19,4,1,256376
b167335a23886a6e,2920,3983,1063,1,81471966
b209c14540673388,466,624,158,1,10608849
b1fd69ae89cd0d62,498,723,225,1,13860470
b1e1c451e997511e,1139,1598,459,1,18420940
b21ba5751311494a,50,63,13,1,1107661
b215f7f2f0cde3de,410,439,29,1,6795585
b225553c735570ca,47,60,13,1,1546143
b21fa87c5cf01bfc,307,371,64,1,8871481
b21c294a1627d0c4,370,454,84,1,13661718
b234819a01eb4990,121,162,41,1,5027304
b2413d66b620c453,42,51,9,1,892656
b20b39c8c462fdb1,799,1073,274,1,22673612
b23c9fe437656a26,148,169,21,1,2346321
b2460d288a3c9e26,110,161,51,1,2781074
b1f3a6e019fb409e,1262,1644,382,1,36954912
b24e0ee95784dcde,101,148,47,1,2504943
b2548187629fb2c1,97,129,32,1,1899147
b249bfdad1f19b9d,304,363,59,1,5072715
b25ec34493aa23ce,192,199,7,1,1732955
b255f7d56764709f,258,293,35,1,2416698
b159cb66c371f0c7,3474,4576,1102,1,122196477
b13940df5d854a4c,2754,3762,1008,1,130177944
b22873d0ed88bd25,681,930,249,1,28042589
b27eb42881b6ba25,244,334,90,1,3338050
b27adbaac6ccce16,168,223,55,1,3835440
b283a25a57c0d461,310,366,56,1,4621860
b277e09375b820b4,695,879,184,1,9599745
b28dad65a8d98f0a,50,62,12,1,686485
b2939b41387136bd,239,262,23,1,2853772
b291ffcfb1dd68eb,279,313,34,1,2496617
b29f040083de6739,188,195,7,1,1533075
b2483f3994ae18c5,2204,2889,685,1,53868509
b29c1d7e4960f99a,590,791,201,1,7380565
b071c9ebce339b72,5464,7274,1810,1,222398995
b2b5360c7c324860,232,251,19,1,1707147
b2ba95ce3581a9d1,201,211,10,1,1896111
b2bffd285b3a01a2,407,500,93,1,13303400
b2d8880ab0f4b844,26,38,12,1,727696
b2da14d4bac2cc5f,19,23,4,1,397433
b2f382df520db21b,149,216,67,1,4008878
b2c14629d090ebfe,1672,2151,479,1,50049531
b2eff418c7468c2c,499,680,181,1,16961518
b2f66263e5955fdd,9,11,2,1,181503
b308e967288474dc,7,7,0,0,58224
b307223e577125a5,14,17,3,1,183915
b30bc4d2649da920,30,40,10,1,588350
b30e979c6065f564,69,90,21,1,892080
b30ea97b135b4ef6,86,109,23,1,1062767
b2f48e530cee0575,184,187,3,1,1745712
b2f91cfca6d0e864,286,321,35,1,3491599
b31041a809ac7bcb,283,346,63,1,4161882
b0f9502b13832971,6738,9054,2316,1,294911261
b2fe37c5fa8d8dd4,725,1007,282,1,9982758
b303231ecdfceef9,715,961,246,1,14082380
b30c2df0da02b295,705,984,279,1,16250083
b322afb4ecf649c5,339,401,62,1,5650579
b3250545978addda,424,477,53,1,7061767
b32deb1dd0c7d7a7,176,218,42,1,5993539
b3357fbc24bf98f4,24,33,9,1,510584
b33239eddb9cf031,402,493,91,1,6558417
b3354733ad9fe467,242,274,32,1,3210997
b2f219da0475002c,2589,3366,777,1,56538310
b337298a5bd2a045,298,346,48,1,4160031
b34bd41735d3ff44,204,257,53,1,4063443
b35f8ce1b6fc1102,238,305,67,1,12219380
b358e1fe1d20ded1,770,1057,287,1,30528181
b1b62e6af061f1b9,8968,11821,2853,1,340126762
b3b5a8bbbc7b6e3a,18,28,10,1,577272
b36a1a824050a468,199,211,12,1,8406815
b39f03144140a884,112,157,45,1,8710733
b3916be3d023afa3,89,119,30,1,9415972
b397bafbde80ccda,285,328,43,1,9377887
b3808e6ba69e2419,109,165,56,1,10857589
b3baa233051d49c1,194,200,6,1,4434109
b3c9d4d1fcb11ce7,93,119,26,1,4045256
b3c27911f48719c6,157,201,44,1,5517410
b3b55a25fb35b043,587,812,225,1,12716585
b39621086b68758b,546,740,194,1,20272497
b36fc2af440decb5,758,1023,265,1,22347631
b3d26003cf1f4e31,667,944,277,1,14210509
b3b16f46f6070891,1611,2079,468,1,30898701
b3f57ed095958264,7,7,0,0,461216
b404bf078d57b815,32,48,16,1,1957641
b3ecb1aaef3b4a45,200,214,14,1,3608606
b3efe5b66a106274,251,277,26,1,4823056
b41a287b469838be,65,89,24,1,2890368
aef4efa6ce947325,14783,18308,3525,1,587573623
b3f29582d1142521,287,309,22,1,8834100
b3f1e25272499fdb,188,254,66,1,8575202
b414a32d01c1d0b8,311,345,34,1,6828518
b42ac0df622e187c,27,32,5,1,608366
b43a254ee21030dd,63,79,16,1,2786850
b411529aedd95d27,540,687,147,1,15444599
b3ea518b9a20d8b1,282,338,56,1,17598218
b41968015200f09e,559,688,129,1,12330345
b44c9dff40c1ebd5,282,323,41,1,3352175
b433ca855bd10688,492,617,125,1,9549144
b45aec436ed7d170,91,120,29,1,1864280
b3f024633a5519d7,987,1297,310,1,21149484
b459a57ea2cca9e3,258,291,33,1,3298678
b480d94fba57736e,40,49,9,1,635699
b4768768c199a90c,204,212,8,1,1331205
b44bfbc1399bfeec,524,598,74,1,8185277
b4195244e233e4b5,816,997,181,1,16346097
b43ddb9597bdb6de,760,954,194,1,13140449
b47fd86025c3eccd,313,351,38,1,2424880
b471d4fecabee70f,540,753,213,1,11630857
b48921f926bdf86c,328,394,66,1,5258260
b4946c5330df023c,8,11,3,1,142501
b49712527c7aac2d,41,48,7,1,1528919
b49bfcef12b033de,3,3,0,0,55796
b487d12488f268cf,802,1031,229,1,22369281
b48c18c01bd9e53f,624,769,145,1,20548326
b49956c7a02e5591,188,194,6,1,1517727
b49ba0b35ffe5324,28,35,7,1,473596
b46a7e65c2b12b45,1923,2434,511,1,36848373
b49d4c10c97a469e,89,120,31,1,2138506
b4a3badd571ce711,94,127,33,1,1983056
b4baeb606eb16b0f,73,100,27,1,1652300
b4ba841df62bbb29,227,243,16,1,2375701
b4b6567d48ca29fa,236,253,17,1,2616914
b4ab73db4a92f9cd,185,194,9,1,1473902
b4ae8708ca711e1b,249,270,21,1,2799559
b4b6e643183e83fb,88,115,27,1,1671906
b4bf6a1b37aaf555,196,206,10,1,1827901
b4aa039e647c6a7d,294,337,43,1,3761616
b4d310f983ac4b88,44,58,14,1,1335843
b4d120fdbee4aa4f,386,474,88,1,13491130
b4f82fc55a5bbe54,26,32,6,1,536552
b4c8873faebf90dc,749,1089,340,1,27559370
b4188251859d0f61,3503,4584,1081,1,110244230
b4f67c61ac57692a,315,379,64,1,7815940
b4f11ac008814144,452,596,144,1,8592367
b4fc797ca2ac26c1,341,401,60,1,5154878
b50af3d8d8c9c0fe,20,24,4,1,335899
b4c5cb47d0cabe04,1089,1558,469,1,34814782
b52138d28073fbb9,18,29,11,1,452337
b50c3c8d62ee3983,503,575,72,1,9627258
b5201a67789332aa,291,364,73,1,5040458
b525b3af6e3eedce,83,118,35,1,1341757
b526ef6ba8096c7a,103,132,29,1,2057758
b35bd244c0107651,7319,9583,2264,1,235908737
b4cb44878cb3bce8,1898,2398,500,1,37788113
b53537f52dff80ca,43,49,6,1,605341
b4a64027eaaa04df,2809,3623,814,1,61083507
b50195de7efab042,1181,1651,470,1,25308977
b52e224a502d808c,378,462,84,1,5628043
b539a1149d4c87eb,193,197,4,1,3206622
b4d088438a7de2fc,1482,2019,537,1,55219323
b54c757591769431,81,103,22,1,867333
b54094a7ef1a9df3,153,198,45,1,4406569
b556ef1bf2a29bd8,27,31,4,1,482888
b55bb62e8b66764b,3,3,0,0,59636
b55ee686b101b21e,217,225,8,1,1247026
b550f7527c266859,444,574,130,1,6019071
b56a8eae67d4f075,120,151,31,1,2180448
b56f58099c17664d,415,537,122,1,4193854
b58666c2f0d0052f,94,122,28,1,1313828
b5a160e16cf7daf4,68,99,31,1,2628744
b59e5c61d9e42e69,186,188,2,1,2639360
b595e5f31e5c56d1,455,632,177,1,10491672
b5aebc9fd3afd197,90,116,26,1,2038944
b5a402654e5a0fb5,583,721,138,1,12397267
b59f6c73d30b373d,682,929,247,1,18221433
b5afef6a9252d560,238,331,93,1,14197040
b5d877e6c7b92b4f,4,6,2,1,88282
b5c979a2535862e4,847,1109,262,1,19334755
b5e42cb3cc380588,268,310,42,1,4466974
b5fdb06b9f7b2288,476,570,94,1,4734425
b60d4d547c28c3e5,9,15,6,1,260303
b60a22bb3f2f6faa,118,123,5,1,633918
b5f23be76722a80e,842,1082,240,1,11848464
b6189882bd1e59be,100,130,30,1,2243634
b622cd08d3288904,2,3,1,1,102551
b5bfeeeeb427aa73,1972,2621,649,1,58751677
b62674f28389eccf,195,197,2,1,1741565
b63084fc10106dbb,87,122,35,1,2135663
b633e8bfe6862402,361,413,52,1,4212419
b62a839f66b8ddc6,368,489,121,1,8642866
b6455b6e9b02eb2b,5,6,1,1,115219
b63e614a212153a8,96,130,34,1,2162029
b3dc71cbf597a404,11181,14591,3410,1,365825166
b6572c47cec40c8f,4,6,2,1,79839
b6294d4d9d565dac,1136,1580,444,1,30829446
b63a66355711e7bc,493,673,180,1,25068176
b67ba3e51038a5ce,89,113,24,1,1208565
b67470270390456e,100,132,32,1,2532533
b66c791217e46d52,788,1135,347,1,17306219
b6a107bb1aaf4399,2,3,1,1,81889
b6c979cf33a88a6b,5,9,4,1,191896
b68dc54991559571,96,127,31,1,2090903
b5d7578522a4adbf,4817,6340,1523,1,149497154
b68527310132c156,579,769,190,1,14771543
b6957f49c016b156,952,1237,285,1,26541945
b690ed196c99612f,876,1225,349,1,31514086
b6886690674b707e,773,1165,392,1,41950741
b686b6aeceffc562,1144,1630,486,1,42284432
b6939955f0d3cdc2,2370,3181,811,1,60436133
b66e50fd09daade7,6230,8133,1903,1,189049480
b6dc5d35da1b1634,3,3,0,0,71077
b653c8e56253f1a4,7040,9241,2201,1,220383269
b6d6faad2f443d44,99,129,30,1,1566781
b6f0e6a9cfc39a43,5,6,1,1,172414
b6e358b4274b3944,200,209,9,1,1434326
b6f4ff96165c3350,91,132,41,1,2146306
b6fe72e5c4229b20,97,131,34,1,2419112
b705067f8b71a7b9,189,199,10,1,1208355
b72c8ba1ed3e0cc5,6,6,0,0,63958
b707a5d70076b8bc,50,64,14,1,1002512
b6d438660d6470c3,240,317,77,1,5416181
b70b37b5745e01d7,204,218,14,1,3662639
b73bf96282272ad4,60,90,30,1,2825546
b70285ace7da62a0,476,572,96,1,14144615
b7317f8388b7a31f,489,574,85,1,11934718
b739d87ac3935b03,299,363,64,1,8552246
b73b62117ac10c8d,224,280,56,1,6539992
b761e1715e1e015a,452,564,112,1,6316956
b6ff24647cdf5d41,845,1130,285,1,22392291
b74514387c8a7d1e,740,963,223,1,14846585
b76cd9a5a9350141,31,47,16,1,390248
b76a7519c6695ca5,415,504,89,1,7206612
b734e90b132331ed,1231,1543,312,1,30112760
b76f2157415328e9,430,464,34,1,5333907
b779298283255829,199,207,8,1,4627255
b790f3be71bb8e58,189,197,8,1,3154117
b7173a8ae19c5ca2,1117,1609,492,1,41573288
b79b6825bce6ed6e,31,48,17,1,462882
b79f6145abd2c09f,89,130,41,1,1843264
b7629cef2e348718,768,1039,271,1,25693132
b7929b07a4b0c4e4,447,635,188,1,11734787
b7a90962d8dc16bd,146,203,57,1,3485012
b7cd783046050ea3,258,297,39,1,4063084
b6d7cb8750310e16,2137,2825,688,1,62021924
b7d08160692b1e97,1,1,0,0,25239
b7cca7dc7421c27f,317,358,41,1,5345408
b7c19d78eae6df67,974,1249,275,1,15680095
b7d63b2fe73ac7e4,321,382,61,1,4392866
b7eff3fd3e4aeda1,197,206,9,1,1091230
b7f624a67752760c,9,11,2,1,91125
b78b7c1fa3dba243,1133,1524,391,1,31418772
b7fa4dcbbbefa406,61,84,23,1,765724
b7eb162170a27715,212,223,11,1,2130605
b815d762b4b3766b,11,17,6,1,250886
b7df4898c1e75ff1,492,661,169,1,16002410
b7932d38ba9031c6,1412,1807,395,1,45376464
b6d2da33187c2d6d,1115,1687,572,1,93142591
b73b0fd71c561ae2,2674,3399,725,1,82285000
b7a13ff6f929d72b,2983,3884,901,1,72308787
b8225f5173ce14a9,2697,3629,932,1,60989933
b86633305f8d595b,135,154,19,1,3597538
b86c0aa154d88208,2,3,1,1,109910
b8371c8e438a91c9,107,116,9,1,2012287
b85c09b03425f59d,97,132,35,1,5475814
b8712fbed66a115d,261,277,16,1,6178096
b8834a9b4b3df5b3,213,226,13,1,3794009
b83837356232ac0b,269,294,25,1,6960791
b8936c417e0211c2,106,153,47,1,1550887
b8940698f76a2ca9,191,199,8,1,1606140
b854e691ef522a1a,237,336,99,1,6790111
b8aa2d88d583e991,28,41,13,1,740687
b8a85ca3cf33d061,283,309,26,1,3466633
b85604a20a62059f,499,572,73,1,10643989
b84b3701e945f37b,798,1046,248,1,17277664
b8cf2077b334a7a9,5,6,1,1,154143
b9181ad662046083,6,9,3,1,270126
b921adca4570e9bd,24,31,7,1,638604
b8f915e6ee78daed,98,133,35,1,2157888
b8cd9cda6e509c5b,311,349,38,1,5232721
b929b6b5546b01d2,306,368,62,1,8051174
b8d3e98a5cf4deb0,362,423,61,1,13017437
b93194c6b665af10,278,318,40,1,8488785
b92d539f9ad36688,315,409,94,1,11677020
b9138029ba4f9872,390,518,128,1,18095677
b949b3b0f5e53891,4,4,0,0,56358
b94973d6801608f1,96,127,31,1,2011898
b8fe90cc4550c67a,650,807,157,1,21761477
b9437a936da30f83,461,659,198,1,7251181
b95dcd62b12ddc0f,88,116,28,1,1290212
b93d6ef74ad603d5,460,621,161,1,12161008
b95418b09a07e9f1,463,536,73,1,4888237
b940a2f476368b6e,478,659,181,1,10994244
b9788a7167c48dc9,5,8,3,1,136182
b6ce6771bab85633,8158,11436,3278,1,357095507
b97a0c1bb6e77d32,162,184,22,1,1612983
b97d1df3d6c2ac23,34,48,14,1,480611
b970e27fab8075ac,272,326,54,1,3362244
b97fc88be60726ce,86,112,26,1,1110655
b982a207fadd50a1,237,270,33,1,1695508
b98547c3d33007f6,197,214,17,1,1202824
b989efc7c55aff67,23,28,5,1,291960
b99e78763fba0972,3,3,0,0,34176
b93ce6a58ef0bbc0,944,1319,375,1,26462811
b9adfd8df409282a,33,40,7,1,451105
b960b5eeed151fde,908,1114,206,1,12420951
b97556596ac54a71,446,628,182,1,12869915
b9574b84952544ed,734,977,243,1,15889232
b9bb9ecc132056ab,190,195,5,1,1678055
b9cdb1743e634de8,3,3,0,0,47098
b9cbc5c4d0fdcee2,150,192,42,1,2348157
b9d6810b7c219bf4,107,155,48,1,2415924
b9ab7f0a3e2d40a7,643,806,163,1,11815031
b9e3383b79d3f4d7,133,203,70,1,1718251
b9c51e23ef7d3fd3,262,355,93,1,5281855
b9f333e2ad1e3d2c,6,7,1,1,61023
b9e314b2c2ad4b12,333,384,51,1,4463902
b9be3e44a12d7058,726,899,173,1,9261294
b7374820ecf09258,8011,10664,2653,1,365632983
b9f57a813055b324,318,376,58,1,5694030
ba0c5d09d7bed617,91,119,28,1,2962601
ba01dd480eeb1f39,282,323,41,1,6214163
b9a3f1fb924f24a1,1410,1666,256,1,26688994
ba138028f453fefb,216,303,87,1,3979549
ba2005392a115fb9,102,139,37,1,2105531
ba1e81e08c8776c7,295,348,53,1,2748860
ba1e9f179833375b,333,402,69,1,2892500
ba228f0f7218c6bc,103,144,41,1,3620938
b98cf2fd9479cbfa,2064,2679,615,1,51947061
ba32376279badad0,299,419,120,1,4728457
aecdd78815dadd6a,65843,69907,4064,1,1616638175
ba3ffd3ed969aadd,153,190,37,1,2989007
ba49de16f0943308,188,194,6,1,3127225
ba378b61e606daea,82,128,46,1,3901913
ba53af3318e5d088,94,131,37,1,1842741
ba56f5ee9f9efa7a,60,86,26,1,2077327
ba625082c33d5988,75,94,19,1,1102586
ba72f6b12dff92cb,42,49,7,1,578890
ba83d9432da66873,27,38,11,1,305541
ba495c2ff5dac597,273,330,57,1,6103588
ba96094ea6348bbc,102,142,40,1,2021880
ba99a5d11549a314,250,284,34,1,2309670
baa120807ab265f1,101,143,42,1,1315949
baa0c67dbc47d418,94,133,39,1,1717380
ba9c8f27db7614ba,279,330,51,1,3845907
baa2c6099a44ed8d,283,329,46,1,2463856
ba6ac35bd66387d6,557,697,140,1,11014329
ba4a4d7dd31435b5,674,937,263,1,20306213
baaac84551e79b23,26,34,8,1,415229
bac3db04190c013f,158,169,11,1,1151564
bab0fd349906f85a,329,405,76,1,3062832
bacff128d45bbf7a,555,692,137,1,7131014
ba6c2f55b54140d1,1603,2056,453,1,36644490
badca240ddf1e88b,643,794,151,1,22729876
babc41d873d4f07e,1033,1374,341,1,27181810
bacf3d462506d64e,1350,1606,256,1,30496513
baf3e8bad46f2e16,19,27,8,1,438923
bafde1707ffee234,14,21,7,1,335807
baf4c8fc5fe41bcb,41,52,11,1,825190
bafd836da15b1cde,40,51,11,1,856447
baf2f1604850de4d,192,204,12,1,1980213
baf4e66aad1b6c28,164,179,15,1,2424737
bb08182f7e0897db,236,286,50,1,2613750
baf3207fb426766c,209,308,99,1,3843672
ba6995d28deaf28e,1016,1353,337,1,63867557
bb17b8d97eeec930,217,235,18,1,2120170
bb127d73593b3f18,475,593,118,1,6247498
bb222d9ac17b21ff,84,114,30,1,1712009
bb2208a10ddac169,206,216,10,1,1773640
bb31523411f98654,86,108,22,1,1359720
baed69fea12baaab,2726,3510,784,1,67672757
ba9e6f86bd2d1304,5955,7842,1887,1,209367061
bb65e508cf40b76a,90,124,34,1,3134500
bb6ae51881350852,76,98,22,1,3508978
bb59b4b531020e5f,222,229,7,1,3793826
bb60bef2814f8e8a,262,299,37,1,6078280
bb81edfe29208044,243,286,43,1,6714790
bb52da77cfe59f78,456,572,116,1,13725454
bb930f8883f073ed,236,315,79,1,7671585
bba15bd6359a4714,43,57,14,1,956730
bb80fd97552190c1,1154,1345,191,1,16991913
bbb403d6f93d2ca2,94,130,36,1,2120191
bb58b2b26f29bd42,839,1106,267,1,29703741
bbba5f1d8054a6f4,129,163,34,1,3182908
b827363c5a03ba34,15477,18947,3470,1,602817636
bbbba4d02fa34a56,165,227,62,1,3630351
bbb0540b39ccb6cc,715,938,223,1,12666176
bbcc1ddfa3960f33,9,12,3,1,123410
bbd799e5c5191339,4,6,2,1,53214
bbc25883c69ead06,81,121,40,1,1943551
bbe3887f4e351ee3,86,122,36,1,3976059
bbe4442192b9c498,320,376,56,1,8323822
bbe7f04106658e01,160,216,56,1,6126593
bb40e97d5229f030,1921,2473,552,1,48974480
bba92f20edd98d25,945,1214,269,1,28298149
bbf7af0a09ebf7c7,112,144,32,1,3498242
bbf3a28d0a21fe4b,198,291,93,1,7376784
bbfb8c7a060d5fd2,265,341,76,1,4007390
bc23f1c7073d5769,262,376,114,1,3427935
bc2b4b1d8e984a69,99,131,32,1,1374675
bc25954494517b22,264,337,73,1,5498832
bc2f81f3d71b9964,342,434,92,1,3836271
bc35b407fb99bef4,365,431,66,1,5130050
bb72072ffdfb0ec9,2176,2772,596,1,69437944
bc44f8898eeedf93,263,294,31,1,2480087
bc4c67bb061467c7,32,48,16,1,539130
bc4f7ad502459e50,116,152,36,1,1580537
bc5de5c681dc947a,378,448,70,1,3741994
bc6160462d5811d0,16,20,4,1,210903
bc2a0dfd5c5f2ce3,904,1262,358,1,23906626
bc52a453a1649395,304,396,92,1,7204662
bc08e60722bd414c,1160,1633,473,1,34443834
bbd9ee3b2df394c0,2131,2766,635,1,62017766
bc74995a00a5094d,96,131,35,1,2065667
bb71f3356b41e36e,3065,4279,1214,1,104708952
bc75d1b2d0f555e2,93,127,34,1,3740639
bc8b4829d0b3dcae,30,40,10,1,993123
bc72d0c24fe1e3b6,330,386,56,1,5056724
bca549e0f6782ea9,3,3,0,0,55971
ba26d4fd02106c15,9227,12213,2986,1,370873248
bc9cdc786bf168d6,224,282,58,1,6902894
bc7ed723998019c9,612,754,142,1,10151093
bc78ee6718aa63eb,459,583,124,1,13516668
bc991ca3e2a0540e,443,554,111,1,10269713
bcaf60afa3a760ef,290,392,102,1,3532388
bcc259424a8b89c6,86,109,23,1,1879761
bcd0bcc8629141cb,4,6,2,1,125265
bc3149473aa93eb8,3144,4170,1026,1,83063751
bcca26500ede373c,454,616,162,1,8948013
bcc5972a2d5a4a44,576,797,221,1,12367973
bb813e8db15df244,5469,7112,1643,1,153692796
bce2f1b0b3fa6d25,139,197,58,1,2584967
bce4ed6560e97159,41,49,8,1,594377
bcbb863dcbb90459,1031,1326,295,1,25179826
bcff188c62300f3f,4,6,2,1,133325
bcec2ad063908cb8,466,654,188,1,15976095
bd07ffae023efd95,295,332,37,1,2752499
bd20567d28740558,68,106,38,1,2109766
bd2281767534e04b,335,404,69,1,3068035
bd2a922bc5078041,152,174,22,1,3632724
bc6e250be5d30404,3890,5173,1283,1,108839286
bd3f92831c66a9e0,101,144,43,1,1884703
bd5a589f0ef56671,203,215,12,1,1456412
bd4e28dd3a1b93c1,343,411,68,1,7475456
bd53d671583f6f45,313,347,34,1,6300508
bd31f4eb4df79f74,862,1164,302,1,30996792
bd3c96905c3f8a40,609,848,239,1,15216329
bd3377788af5ce7e,1483,2001,518,1,23085178
bd3f414d891e74dc,848,1166,318,1,27305471
bd455d198337240c,901,1280,379,1,30015901
bd3c4df37a4b11b8,1476,1875,399,1,40373395
bd7171c6802f7d13,46,58,12,1,1028464
bd997321be8296c8,62,93,31,1,1018778
bd9d80d4ebb448ae,160,206,46,1,2059436
bd94d143f904870e,251,287,36,1,1976983
bd917f20572cb26a,270,299,29,1,2151861
bd90a2306c63b838,66,86,20,1,2111208
bd8d89f75a78d156,243,272,29,1,3757219
bdb3bfeb9845b082,3,4,1,1,170287
bdb7f19ed2fd989b,28,38,10,1,1796635
bdb82875e96d4bec,94,131,37,1,3144864
bdbad77cd8852993,450,561,111,1,12448493
bda7b57fadb5d6cf,998,1407,409,1,40188631
bdceaad4e2c279c6,43,57,14,1,1068326
bde12f165e8b4292,102,153,51,1,2862120
bdd28c891e1126ad,361,428,67,1,6239688
bde829fd54160545,276,319,43,1,4104421
bdf368a462f2d2e8,265,294,29,1,5716859
be01ac2fff6a1337,20,33,13,1,629631
bdf81493cca4e824,22,35,13,1,1033204
be03157ec6c8bdd2,100,137,37,1,2860997
bdf5236d6d5be8ec,430,607,177,1,9443884
be034cf0ff5a1078,107,150,43,1,4316568
bdeb63993fc25c52,806,939,133,1,23410147
bdeba7bbf7a2f715,739,1011,272,1,21508176
be0416a345811ef8,396,569,173,1,9065392
be141f9126a52b4a,140,166,26,1,5011366
be1a6cc75be4a924,268,293,25,1,2002679
be2cae4c2948bcd8,10,16,6,1,209968
be1c53e0d6f3a24a,310,404,94,1,9673096
be25cc15568c4bf2,276,341,65,1,5442553
be03d03eef578564,1087,1249,162,1,22898688
bd5c7af1312f8b29,4406,5820,1414,1,140355249
bdf59f730b81b670,1036,1485,449,1,39534055
be39395728ab4971,260,351,91,1,7052205
be42f1fb2f68e27c,246,272,26,1,3765783
be5416136cce83e9,92,118,26,1,1288402
be472962784aba7a,1134,1599,465,1,19161775
bdc3116afe566b0d,4187,5386,1199,1,125281821
be61ed843455d93a,86,116,30,1,1572535
be5e73960519183b,97,129,32,1,2232862
be710a8e2c7e6c62,38,49,11,1,670386
be823b7c39b63c24,103,130,27,1,1797337
be6545cc4baa5d6e,477,578,101,1,7283182
be589daec10d5b9f,828,1161,333,1,13322748
be66697c5876bae0,966,1364,398,1,31167243
be4a944974a68775,2956,3929,973,1,72963369
beacc1e22a91e0b7,189,195,6,1,1643155
bd5e011da43aa137,6682,8777,2095,1,240216923
bead32beee015ebc,273,291,18,1,4467620
beb6fc9d3dd09f8f,329,382,53,1,3184121
bebfc5a97b79ea4f,252,274,22,1,1755368
be93a441bf5379c3,1013,1451,438,1,29376193
beac28ea7c1f9c11,406,479,73,1,11544018
bebeafadf06d57bc,307,361,54,1,10779543
bece020056b8426d,140,161,21,1,3228275
be584648fbe56d94,1930,2756,826,1,73354692
beaf9965ec284525,968,1257,289,1,28467265
bec7d4f9214dd416,894,1132,238,1,18751767
befdf0b9863c495b,63,91,28,1,1234688
bef92d179c1c0fbd,226,254,28,1,2907986
befbee79cff03b65,332,403,71,1,3518481
bf06a27f6efa224d,191,200,9,1,1170118
bf09c2a3ee528ff8,91,119,28,1,1762339
bea9844c65832d19,1564,2014,450,1,50194411
bef5f5af3157bfec,715,1006,291,1,13736770
bf190b9282ac0725,267,292,25,1,4440774
bf1f0e411f059b10,124,169,45,1,4974050
bf2bdcef97814ba0,3,3,0,0,76924
b6ba210599696a02,21557,28739,7182,1,1377461026
bf3224de95ae851c,123,169,46,1,1719407
bf3f272dad5158ba,283,326,43,1,4919365
bf39f9b74d6afdd7,476,596,120,1,5668275
bf42bed8fb8bc714,336,415,79,1,6002184
be54fdb441f523ef,5146,6396,1250,1,151554736
bf56d448ab6fe5a5,857,1109,252,1,18898269
bf8875044d44cd77,184,188,4,1,1695780
bf729db336dd1f6e,145,170,25,1,3026493
bf6d4cee9fc0bc26,99,135,36,1,3451101
bf6203eb05929015,287,337,50,1,4913445
bf9461ba555be724,268,294,26,1,5756058
bfabc69edae34b1a,262,280,18,1,5853576
bf8af54ebe424526,296,336,40,1,8970182
bf774b903e2ad879,311,457,146,1,13523346
bf8ba1cd6882fdbd,442,535,93,1,13277249
bfafb2bc8702b59f,196,209,13,1,4884167
bfc0fbd8fb2f9600,71,93,22,1,3719917
bfad7d882723eb8a,388,471,83,1,12964020
bfb02caabd92cb1e,149,201,52,1,8045229
bfb93a76b6e50c61,267,298,31,1,8997585
bf71813eac9d5e9d,458,610,152,1,21041531
bfc4d806ce52d6ef,185,194,9,1,1759424
bfd2930903abcd05,10,14,4,1,216119
bfcd71134570308f,326,400,74,1,5245973
bfca503d79b27ca3,716,898,182,1,9956672
bfcb87586719b689,301,360,59,1,9181822
bf6543ea901bccfb,2167,2837,670,1,49693075
bff53c1c3590b83c,96,136,40,1,2961034
bfbcfc41fdd9c9a3,2024,2726,702,1,50939316
bfff61552cfeadb4,100,132,32,1,2070738
bfe3d62227a75762,710,927,217,1,17443148
b8a65c33bf452437,19554,25665,6111,1,1253102067
c0235395979255da,117,151,34,1,2556599
bff6906285025cb4,866,1092,226,1,17832075
c01c12d483118083,269,359,90,1,6077040
c039bee4b9c24596,91,121,30,1,1426220
c003eae857bb665c,1017,1315,298,1,23671148
c04839d12a6823c3,100,133,33,1,1221822
c0540857e89e1f9e,107,129,22,1,1517587
bf41ad2767860bcf,4972,6623,1651,1,209690137
c064b889a88eb8e6,189,200,11,1,2238924
c083d46a23915570,249,302,53,1,3265333
c075521f7f39b0ab,556,700,144,1,19968329
c0753e3d49656b9d,913,1182,269,1,29209638
c0a1c212bf6962a3,3,3,0,0,80598
c0980f9274ef6cf9,190,197,7,1,1947870
c0b4ad6e35fc2af0,215,226,11,1,1884749
c0908a6813cb1e21,96,130,34,1,3119012
c0be05d90a693085,221,241,20,1,5325888
c0c0a6ef72971745,258,323,65,1,5531668
c0d1410bc3a09568,220,259,39,1,5428700
c0ad0fbbd74fc5b9,286,365,79,1,11539655
c0b527c72ed2932b,588,738,150,1,16234678
c0b48113f982db02,816,1113,297,1,26686502
c0e4059bdfdf597f,259,332,73,1,6414917
c0f139d6dce1db63,125,193,68,1,2208467
c0f2aeda82469d2a,279,302,23,1,3146709
c0eef963764f5f73,245,319,74,1,9512703
c0fbcefbbaa4e264,29,31,2,1,573177
c1010b2082ae27ff,39,49,10,1,651766
c0f86ffd19199edf,610,748,138,1,10302580
c0db4aac8b6c3055,1176,1695,519,1,33946100
c1015548e629dd8f,330,454,124,1,4983469
c0f84499bd292fb6,791,1044,253,1,17409551
c1174fb45b3750cf,148,210,62,1,4375423
c1171e06675bfa8f,472,586,114,1,7572860
c1396c8d7ab85025,1,1,0,0,79835
c0f654f8b36d2a7d,1561,1989,428,1,53457561
c1426c43230dd456,191,200,9,1,2051275
c1371f148399c1c4,344,419,75,1,5968480
c143a28a9506680b,26,35,9,1,1015241
c145528f61dc3cc1,141,183,42,1,1868346
c141379681a06132,980,1358,378,1,33607429
c16b4b61876ab5d2,92,120,28,1,1878339
c13130da6e110b7c,1132,1618,486,1,41329106
c16aa19720848901,543,847,304,1,31501519
c18f0785199ae02e,5,6,1,1,153078
c19502159d17e9ed,50,67,17,1,1014317
c1a26d410283e608,28,44,16,1,696846
c1803a728cadf8e2,86,111,25,1,1828214
c1a14da92a4a1cc3,190,197,7,1,2120505
c1746dc4a41562a7,373,449,76,1,3720521
c178a668cd06268a,310,347,37,1,5760049
c1bb36b6a55a796c,3,3,0,0,73461
c170a5398eb6051c,878,1204,326,1,26109333
c1badaf6da50b05f,183,187,4,1,3383699
c1be038f558e3f69,2,3,1,1,140916
c1c7ff6f59cfe40c,3,3,0,0,133554
c1b6d2d4420fee3b,380,470,90,1,11569882
c1bbe3df26436744,358,425,67,1,10310232
c1a3be5c9c38bfae,969,1201,232,1,21177278
c1ce07524a7b9f30,131,147,16,1,1875567
c1d172ab7fd7b4e9,260,279,19,1,1844348
bf507c0f7640de39,11746,15282,3536,1,449704341
c07d93df5ef689fe,6692,8847,2155,1,226945332
c13e5754d2bf5a43,3155,4301,1146,1,105344038
c166962999d1c674,2642,3400,758,1,67239160
c1d9c24f8aef2536,281,313,32,1,7021287
c1e89352e5e32ee5,280,329,49,1,5160382
c1f08d88c4277fd2,95,119,24,1,1702427
c1ecb31f01c481e7,332,373,41,1,4875818
c1f5867d9558255b,204,216,12,1,1321524
c2062285fbbf1d6e,5,7,2,1,82513
c1f2b14b07553292,150,195,45,1,3670011
c1e4bd5c648582a3,712,931,219,1,17324326
c208367eb6b83520,251,283,32,1,3546385
c20fe1d13d69d680,372,463,91,1,11478730
c21402f56d9605d1,372,426,54,1,9053746
c217c07da1c96a0c,145,158,13,1,1251813
c2295bbfda5a47b3,224,315,91,1,5406609
c22e85de63ee138c,217,232,15,1,2587441
c22d5a93bb7350fc,273,327,54,1,3823347
c234e6de8236e805,111,165,54,1,3554798
c20d690475a9b608,1031,1334,303,1,17803290
c1714e6d94dc7c15,3325,4252,927,1,117271416
c1f052ffa17e2d51,980,1318,338,1,55328196
c24586db62dd1f19,39,49,10,1,875210
c245b0a3cd2ffc90,164,197,33,1,2322202
c249520d7613abdc,227,309,82,1,5478474
c1cb11abb73efe07,2307,3139,832,1,82143349
c24e08d11caffa0b,422,508,86,1,6483900
c23dd6892497ac83,822,1028,206,1,16325672
c24b40f65f8d510a,741,1018,277,1,14224772
c29542d25c3f9823,5,6,1,1,180393
c2991b311960cd10,253,285,32,1,2075373
c2a81ac45e58bfdf,100,124,24,1,2409454
c2c20b09516c302b,229,255,26,1,2533174
c2c594f05e39b957,67,95,28,1,2675522
c2ced0a908b3135b,87,109,22,1,1445609
c2c9ba9b8322606c,258,285,27,1,4490485
bb2f521c49aa8b0f,19543,25060,5517,1,1389007989
c2d0ed6a9059f102,212,216,4,1,2605264
c28957c084c61d19,1723,2484,761,1,43382092
c2abc20ff66dbd9b,1316,1878,562,1,40425299
c2efa2c45aeb062e,269,337,68,1,4300765
c3058a20f8dede9b,9,12,3,1,236894
c303f40b859fafee,193,200,7,1,1556174
c2fc649d4b1d97ce,300,386,86,1,5024690
c3131dd78f50b9a4,171,236,65,1,2395789
c32d19ebea68b673,149,212,63,1,5560491
c32671eea9a6cd86,249,285,36,1,7574747
c30395738e9beb4f,1498,2064,566,1,46602236
c327811a49e97ff3,425,524,99,1,15465708
c36187de5a008ca6,18,25,7,1,809490
c34715c410a263fd,39,49,10,1,1320994
c3236dd5632c81d3,1183,1666,483,1,28349207
c344a742d4efab45,259,280,21,1,5918080
c374a4f45bacd3c1,6,7,1,1,134165
c366192434db9a0a,21,35,14,1,523057
c369a43ffc6f8fcd,17,27,10,1,437536
c36df6c4de375073,95,119,24,1,1264885
c36cd360937c93de,79,103,24,1,2260764
c35afd9a6b58855a,570,711,141,1,12429564
c37dde111377c05c,273,312,39,1,6453848
c369bd4e214ed430,505,623,118,1,13409739
c393d7341f29f97e,45,51,6,1,862280
c36354556682ddf9,896,1166,270,1,19452880
c37fbb5449768621,617,771,154,1,15049885
c39fd7103a6f0b7b,152,212,60,1,2068700
c3bebcb8fe088a6e,65,81,16,1,2088101
c38863f11ef84935,1123,1595,472,1,28052180
c3c0c82f2759b77e,247,306,59,1,6615413
c3d2243ba3689d9d,3,3,0,0,99313
c3ca0aa0714b3e79,102,137,35,1,1887826
c3cc8eaf05f9723e,145,208,63,1,3029709
c33bf9ad8098f900,2137,2874,737,1,72274787
c3d6b441c29b592e,436,488,52,1,6351620
c3c4f016fd2a9839,846,1064,218,1,16225733
c3c78ea9ac6f7919,531,731,200,1,15273931
c3e358b3f080abe5,239,272,33,1,1936063
c3dae93ec1cbe19e,123,160,37,1,4078440
c3e03eadf9723b1f,440,545,105,1,6315218
c3f27c4c3cb84ea0,465,588,123,1,10733711
c3fa65d3f85d607b,164,224,60,1,3434406
c413248dc84b3359,102,147,45,1,2229470
c411a761714d3a5c,268,302,34,1,5549429
c3d821b7b0f2fbfc,1528,2013,485,1,36247896
c43515a896b13a9e,2,3,1,1,168637
c41e2e3f8bb8bbc7,133,147,14,1,1590739
c43db6bad5dbb55e,36,47,11,1,1790759
c43663747106b693,157,190,33,1,3032149
c4229ef5eea54eca,314,358,44,1,4532905
c441d8cae35a0714,553,673,120,1,9812161
c449bea5ffd1027e,231,260,29,1,2918511
c45793bd947218cd,115,164,49,1,2815166
c466fabdab616728,417,510,93,1,6924124
c47de7bc83fca25b,8,14,6,1,256556
c47184ec7e4d9b04,461,646,185,1,9773311
c480dc71a68d42c6,205,262,57,1,4897173
c48f2d2370c09475,42,57,15,1,967795
c48ec8d7bfc91eb7,75,97,22,1,1808602
c498c55b01286213,5,6,1,1,150874
c48838135319fd8c,286,326,40,1,7706612
c49356cffcfe6147,262,281,19,1,2526593
c415dc5cd02fd3ba,2974,3930,956,1,96804495
c4a1526c8adde460,117,151,34,1,2615249
c4a14229e0e926bc,294,345,51,1,4324196
c4b9abdae18d48f2,659,880,221,1,18199593
c4c8753915394727,68,109,41,1,3178585
c4e6609f2452a8d0,137,173,36,1,2477258
c4e4fcac05c0d8b9,104,141,37,1,3109996
c4ded6671789ba8b,321,453,132,1,7850235
c4ca5ed614906334,687,737,50,1,8090000
c4ef6e3dbda01003,86,110,24,1,1760119
c4f7cc3dd3c5f074,302,440,138,1,9657718
c4c12c158c2fcea3,1414,1913,499,1,48426087
c4f2b86c52485969,869,1209,340,1,27340314
c51296297f618a66,36,48,12,1,1073381
c525a0b41cda9182,18,23,5,1,274498
c513e5c10bf6c99d,188,197,9,1,2469372
c51df63e6d072f65,76,113,37,1,2632475
c4f92fe5c1ffd4c0,863,1269,406,1,18758235
c51da61b8724be35,211,245,34,1,3537082
c527a21d2896d6e0,36,49,13,1,874099
c5314c1659d97d9a,28,37,9,1,804642
c52a9e3439e482a1,94,116,22,1,2216423
c534bf614ba01f42,11,13,2,1,592202
c539c638d813aa51,9,12,3,1,313913
c52637d12e85cb0e,530,654,124,1,16041045
c548d6c15ab45e81,5,6,1,1,127186
c53d49cd84d1492a,292,327,35,1,5013922
c4c9b7d26849dcad,2383,3128,745,1,79781357
c5002988e69c9e25,1371,1750,379,1,37870404
c4fb744796fbb478,2026,2234,208,1,39510423
c55f9101a22c8bf6,17,22,5,1,480171
c577115c3fbac7dc,2,3,1,1,62724
c58c2507c8cdec4c,2,3,1,1,77060
c5acf10dc65b965c,24,39,15,1,605148
c56b2a4aebc07b39,80,116,36,1,2229622
c566734e67b8c20d,97,155,58,1,4309042
c5666f7bba1b4585,319,360,41,1,10095777
c575e1a89939dcf3,263,281,18,1,10158537
c5b27b3e322acec5,193,197,4,1,8463979
c5badf918723565e,114,123,9,1,1626180
c5cd65f0e6cca74f,285,367,82,1,3862360
c5d8df4964c7c263,262,283,21,1,2088328
c5c71998186d63fb,466,524,58,1,7474334
c5dc37a99c015b00,296,345,49,1,3247858
c5ddbf6eacd82869,126,160,34,1,2756334
c5d56bd6df168492,280,351,71,1,7493682
c5dd96d382863b95,99,131,32,1,1341378
c5aceab75ddf6e63,497,689,192,1,20483822
c5b5bdcdcd620f3c,1023,1329,306,1,18315689
c5e9c4eda9e96a31,84,113,29,1,2228320
c5e4207a1db97249,313,376,63,1,6177225
c58957726d5f5310,928,1226,298,1,38897236
c571ba6447fd06cf,1031,1376,345,1,40719188
c58060d2b8e51ed4,878,1246,368,1,43015992
c60422b226d34b56,37,65,28,1,989444
c606226863b923fb,310,361,51,1,4539951
c6009b5821680036,71,75,4,1,707384
c603df9077c6085e,90,116,26,1,1876792
c4e926110b8f5ccb,1872,2494,622,1,195925977
c609bb9af3ba2e7f,119,123,4,1,1207674
c5fb16e300222e95,701,951,250,1,16846150
c6147548160442ea,301,347,46,1,2521873
c60d83b269461151,664,826,162,1,7502900
c5f6f952081e9bb3,1210,1661,451,1,30968643
c627de3bb69d3858,8,11,3,1,249181
c58ac31db6a4ef1b,1184,1559,375,1,75824363
c62472c01fac3a92,398,533,135,1,5638853
c61df1f2be8a6dad,659,900,241,1,10783061
c6311ff1161dd016,278,401,123,1,6400549
c62386db1df43550,560,745,185,1,15968337
c645b06714b4d206,4,7,3,1,172271
c6022eb318755367,2047,2622,575,1,49286084
c64f8250f302bf2e,260,280,20,1,7495784
c654a4c4f360ea18,261,296,35,1,4078213
c658d79f229bd144,272,296,24,1,3785927
c67613aa4c071aa1,46,57,11,1,1180117
c688d22a790e5486,79,112,33,1,3376738
c6732ade0e084ae8,967,1429,462,1,29200000
c6a3a901b5aa06b6,121,155,34,1,3904127
c6a218ef4900b2fe,302,369,67,1,7531709
c6a3f06e8f261fdd,294,329,35,1,7659462
c69d874a5f15d709,488,632,144,1,14651794
c6970e926164e46c,660,825,165,1,19502303
c6b04f996dedd8a4,2,3,1,1,99898
c6ae20ecc7502a5c,117,123,6,1,1416420
c6aa672d5f017edf,188,200,12,1,1861643
c6c788cb7ac1ff1e,5,6,1,1,222210
c6c26536028e35fc,151,220,69,1,3480638
c6a58ecb83705855,1142,1615,473,1,34982083
c6d6f4a01e66e24a,84,104,20,1,1682736
c6d960685b25c3a9,77,97,20,1,1511780
c6d963f0013e06ee,129,178,49,1,2503883
c6da422fc5a2bb7c,115,149,34,1,4548027
c6da838d7489e975,716,927,211,1,16639936
c55163776027dece,7648,10143,2495,1,258171720
c6e9d2ad8be7c153,90,124,34,1,1783441
c6f6f7918dd388ec,314,349,35,1,5207469
c6e566b3143c9c72,309,343,34,1,10441218
c54adb158215038d,7335,9440,2105,1,293958045
c6e98d18e118c78c,366,454,88,1,13308055
c6fe277b35dcd669,237,291,54,1,6493928
c7030e02725bc596,191,197,6,1,1850056
c6fba769f904cd36,402,452,50,1,12756556
c6b8b3b9a4826d75,1973,2517,544,1,68315313
c70386a8a131b52d,237,325,88,1,2908873
c70bd0be651e22ca,210,228,18,1,2490351
c6e13a81c1d1fd56,1162,1482,320,1,31097878
c70f30753908cff6,629,857,228,1,7975972
c71c3123a8280b81,101,163,62,1,2991489
c717bb1a3c786c36,233,307,74,1,3815765
c71d0d62c5d397e0,105,149,44,1,3333153
c703cec281c70e87,714,982,268,1,25095793
c71ce81383e6f3b8,296,332,36,1,4054981
c72b22ace280b327,194,202,8,1,1393743
c725fa9b8f54a5fd,255,292,37,1,3599416
c72d23a19e3e09b9,184,188,4,1,2566721
c72c8de20463bf4e,232,302,70,1,5457169
c7370f83d96d4c0c,59,79,20,1,1595682
c72bf46e114f8fc3,718,975,257,1,10563157
c747311680ab5df5,4,6,2,1,268880
c73366d0b373cefd,558,709,151,1,11870594
c750ab72816220bf,44,51,7,1,818234
c7313d7c0d60bf1a,969,1229,260,1,25024559
c74c157c16409172,348,430,82,1,11186788
c74c54a54879dfe6,311,364,53,1,9446367
c76166badcaefcc8,7,12,5,1,341503
c75fa28d0ea3523f,757,914,157,1,7745307
c770de50aea29e83,195,206,11,1,1112264
c773b854cbff02b9,98,130,32,1,1250460
c75e952fa4b109e2,959,1243,284,1,17174367
c77139acc954abd4,331,399,68,1,4912330
c78a54003ec45c7d,41,57,16,1,639838
c783ddecda5f8c8f,31,46,15,1,677666
c78759e37d449393,91,116,25,1,1961839
c781037f5042ca0d,137,147,10,1,2631103
c77c0427a0bc4a69,184,231,47,1,3740274
c78455a2ddee7dfa,335,383,48,1,5712850
c6de624cdc71c161,3946,5275,1329,1,140999282
c77a8a47fdfdf6ae,303,355,52,1,6986526
c7a1856df7255141,20,27,7,1,677532
c7a7b3a5c378c19b,127,174,47,1,3616320
c7ac14570b3e80c6,126,163,37,1,3876625
c7aca98dca532577,60,85,25,1,2076281
c7ac5a4cccd6a76d,397,471,74,1,11818356
c7bb1b33cec06671,42,51,9,1,1338954
c778b71cd2d42118,887,1179,292,1,39382426
c7b6109e5d0aae6b,392,452,60,1,7299806
c7b0c9f96bf7ddeb,577,724,147,1,9745785
c7a6cdbc2373aca2,684,919,235,1,24953074
c7dbb060112d9910,35,49,14,1,907764
c7de1f0462b2be93,44,54,10,1,1097308
c7db39841c2982a8,296,324,28,1,6668193
c7d288e9408428e8,332,447,115,1,16593990
c7df06d31ecba2a6,216,251,35,1,6274141
c7ebd7e6f1031c9a,2,3,1,1,129908
c7f2dd5210d12602,22,36,14,1,627825
c7edab8cb9f364de,110,154,44,1,2297307
c7fdc4c7996d70a4,25,35,10,1,580928
c7b9c4a2d4829e20,1253,1581,328,1,41305768
c7fc0f053754d591,237,340,103,1,5606841
c80a7bf0f87da8c4,22,23,1,1,391034
c811c57d7b46a7c5,521,582,61,1,14328732
c82bfcf58745482b,23,31,8,1,1321730
c855aa5c4d718f1c,206,224,18,1,3040775
c83b15c19731460f,86,112,26,1,4467149
c827e3a74975efef,358,433,75,1,12006318
c80d7dddefd2f74f,848,1151,303,1,33867601
c86eccdc1931401e,21,27,6,1,360782
c87039ed9bcfbb91,3,3,0,0,122895
c81e1e17536d247f,670,808,138,1,18755889
c876fd7296558721,199,214,15,1,2642693
c88104b7562e1102,3,7,4,1,174045
c88215bfaca60466,139,181,42,1,2011867
c85d94072ebdf465,1348,1739,391,1,35190782
c8873d31168aeea7,23,33,10,1,354810
c88773a009eba14a,38,49,11,1,721373
c88f309d3975c13a,116,139,23,1,1999400
c89835a675cff9ba,6,6,0,0,96717
c88529f360cb6d75,212,301,89,1,5008769
c871082aaccfb6a5,1199,1384,185,1,33371771
c89cad3236371534,664,910,246,1,9230157
c8b32b323d29f0fa,52,63,11,1,646040
c8b59c9ee708c7f4,228,318,90,1,6317777
c80802908b82f6b0,4231,5417,1186,1,117266334
c8c2b2d5b1f18b3a,1262,1583,321,1,22379167
c812a30c117608a4,4488,5967,1479,1,129940326
c8e985f98684245b,38,49,11,1,1049888
c8d7d1f1f18952e6,296,327,31,1,3934830
c8f3ae5f42cdee6f,5,6,1,1,83327
c8e6b08e16d6457e,228,242,14,1,4243970
c8e2e4453abc4419,133,193,60,1,5778897
c8fd4e4fe425336a,36,48,12,1,1879547
c8d8cfb41f04b7a2,319,377,58,1,13105677
c8f1160f310f65cd,406,497,91,1,12168832
c90c5e5a07cc9b55,38,49,11,1,649717
c8f90559f8cb5e8a,415,574,159,1,14329872
c917a07e71b440f9,142,156,14,1,1061695
c8e433ecc32bffbc,888,1194,306,1,20848212
c9267db220ec6a66,3,3,0,0,32339
c90f6f79ed4e95f2,234,321,87,1,4831160
c92e596f129130df,65,79,14,1,1365223
c92844de969bbce9,112,168,56,1,1581974
c8f7f9184e87d066,504,679,175,1,13655172
c922def46bd7517e,488,613,125,1,5196383
c92ff6c681789734,195,206,11,1,1735259
c93486002444b427,192,198,6,1,1534046
c8af65abcaf538ac,1234,1643,409,1,77375456
c8df23eace4ef431,986,1299,313,1,28678321
c92fc20dea65aa31,472,582,110,1,9494881
c951d2aa33b26f41,20,31,11,1,615445
c9527d7e7bba6ed4,176,212,36,1,1560926
c954c968627f60cb,109,130,21,1,2248480
c90513d07e429c60,803,1081,278,1,32904869
c973fb50ebf8d134,27,38,11,1,437215
c967c6b9eb47d577,227,305,78,1,3018258
c95a4589e6df8208,717,934,217,1,16864372
c93e0b5f39cb50b9,1138,1614,476,1,33500336
c900e94fd8a78be7,2043,2571,528,1,58003679
c8f04d4cddaadd72,2383,3020,637,1,72223622
c8f0b254b72ecee0,2411,3225,814,1,78796969
c89d7a78fe15ac55,3627,4979,1352,1,138034720
c9a15034a6a926ea,2,3,1,1,50001
c98f3b9dad29567f,26,32,6,1,847403
c98ec8094ce3a9e0,449,629,180,1,12437172
c9ae762821dcbc49,17,20,3,1,297250
c99f6982c363e197,323,474,151,1,4910115
c9af43f9b01510c1,203,217,14,1,2026564
c98548aa5e19531a,578,791,213,1,18673293
c9857e71465a35bf,1163,1445,282,1,20535500
c9ade2268cc542a7,248,321,73,1,5161709
c9915eecaed3157b,1136,1569,433,1,25512336
c97aa20470ad8b9d,1584,2231,647,1,40039098
c9bd8728a1bb22d4,275,318,43,1,3554906
c9bfe0eecd6622d0,254,320,66,1,7582530
c9ccae2a21b0e034,2,3,1,1,104649
c9d101c0bde6acf1,122,139,17,1,2702996
c9e458c57f154d40,5,6,1,1,107521
c8c7eac9cc347988,4334,5736,1402,1,142363694
c9c49fd895aaa7f5,894,1144,250,1,12682019
c9e12c86779425eb,221,331,110,1,5860854
c9e75f72d8b6baa1,194,206,12,1,1142412
c9bf02ee2ac11925,1029,1461,432,1,27461334
c9fad6d1d9b2e5b1,37,49,12,1,771700
c9c286cfc6d21869,1132,1512,380,1,32698169
c9f8287da261a36f,197,205,8,1,4813044
c9fbde701725761e,42,51,9,1,888688
c9e6e411dd7713a6,1016,1300,284,1,26129346
ca07c79d9c20b2c7,183,189,6,1,1592135
c9e4ae9b171be823,1084,1547,463,1,22244841
c97506da35cde877,3502,4566,1064,1,103540453
c9ffa88f8f667422,514,655,141,1,15237065
ca0d11462959c787,574,707,133,1,7230764
ca169fb5c8896c19,139,155,16,1,2124755
ca1aa50802dd30f0,185,205,20,1,2070862
ca294b0338006e4d,47,51,4,1,1072530
ca1e8e8f541d2868,452,557,105,1,13132041
ca340b0f4c9c1c52,81,116,35,1,3292393
ca3ff10516849dc4,328,395,67,1,5961469
ca1c5695f4efe4fa,1051,1349,298,1,23806884
ca275e76afeb9d4a,940,1334,394,1,23914848
ca3fdb5c1e21b67b,500,686,186,1,18721395
ca52781ffc124516,845,1112,267,1,16184092
ca7b9f29d0e187b3,200,214,14,1,2265733
ca5ae94fe15647f2,1081,1400,319,1,28154056
ca710fe9d1474dc4,622,891,269,1,12498115
ca04d2e0d9185fbb,3480,4789,1309,1,114132028
caf8179f314e98d2,37,49,12,1,830616
cabeed70312614d3,84,121,37,1,1829444
cac12ace8aed4727,72,100,28,1,2170559
cab9f40a59dbf732,205,218,13,1,4163444
cb044662f228d5e5,299,340,41,1,3269610
ca9c08336e0d9619,240,280,40,1,4576314
cab78cbe85484078,170,220,50,1,4918125
cb0ad603dc83c5cb,198,209,11,1,2801005
caeb7757dbd42b16,302,347,45,1,5133368
cae942b75040deaf,434,527,93,1,15416491
cb3674d7bd9c52dc,284,315,31,1,10356112
cb2cc8d98acb23ee,298,343,45,1,11109887
cb53a45ddadb0c7f,40,49,9,1,820383
cb36c04255ad05ab,309,363,54,1,12532142
cb65ce9e408b851b,107,145,38,1,2906558
cb03fd462b670b50,383,514,131,1,20491713
cb28e02c1ddfb4df,429,585,156,1,17893726
cac312a3fb655382,711,893,182,1,22499683
cb3799059a65bb9e,274,345,71,1,7282687
cb8270911a69d049,30,38,8,1,648494
cb06eaafe355b63a,668,872,204,1,22130400
cb83eb5ffd10e13d,196,204,8,1,2184064
cb6b8c293f7dd537,315,382,67,1,9747185
cb77acba26434432,303,347,44,1,5549195
cb000f4de20a2a9f,953,1223,270,1,28628316
cb82f7ffa157345b,120,184,64,1,5730574
cbba9376538aa506,84,119,35,1,1853525
cb7325221ceeb288,431,525,94,1,9850650
cbb03e593706c4ad,209,223,14,1,2662577
cb83a610f15eceeb,288,347,59,1,6843397
cbc0559d6b005e45,25,32,7,1,549769
cbcf67166f8e92dd,3,6,3,1,115358
cbb3f6e1f57d617c,100,143,43,1,3464187
cbd2f51ff588ac23,36,48,12,1,820603
cba341ab5f672e7f,421,507,86,1,7447777
cbd4710f40666df1,89,115,26,1,1872532
cbca26e15b8f32c1,178,244,66,1,4132404
cbd3db2b45904015,177,243,66,1,3187803
cbdf12fb2deda516,9,13,4,1,212062
cbcfa27de7bdfe1d,562,658,96,1,8851569
cbe949fe1cc98874,136,191,55,1,3745972
cbd85a07e44c876b,346,417,71,1,7331324
cc0423f3e9eba3e5,99,130,31,1,8902087
cbfda2e6730c71b1,334,405,71,1,10197810
cbd22464958073a1,506,572,66,1,21601920
cc03bd8a8d0db8b1,340,394,54,1,5550474
cc0e9642b0d93c6e,4,6,2,1,108557
cc0fdec01ac33c5c,89,130,41,1,2192917
cc086d34c0206582,450,591,141,1,15725461
cb6bd22b3a62b31e,1477,1884,407,1,50710471
cb6b9bde2fe31dd1,1226,1425,199,1,53918560
cbc6c4c7eb73d124,1284,1771,487,1,42205168
cc133b31265bb3f1,418,555,137,1,15675185
cc4238eb5c2e8ea5,77,107,30,1,3084382
cbd66ec989d14d10,1592,2081,489,1,45661441
cc36f089cc0b3954,97,119,22,1,8368959
cc57abb455184731,297,356,59,1,10432475
cc4e2b00ef2a6af2,210,290,80,1,15229312
cc5a893a9818fc9d,318,383,65,1,10864144
cc5eada05d87e99c,210,224,14,1,2453179
cb9a22b0fca68ab5,1438,1830,392,1,73293688
cb033a8259faea46,2552,3267,715,1,90567427
cc66bee21d01860b,113,160,47,1,2875505
cc5ddb9c9120dcfc,330,400,70,1,6612809
cc60cbaeb9410bd6,353,417,64,1,6013108
cc44f3633aad0413,1007,1275,268,1,28950522
cc13a4f6cd4a0eb0,1367,1822,455,1,38543918
cc7f16bba621a773,288,333,45,1,2385232
cc84623090915f4f,89,119,30,1,1860183
cc82f63b08d3775e,255,339,84,1,3497980
cc8c32a9cb94f07a,195,200,5,1,982790
cc9100fa4e1b6434,27,32,5,1,283707
cc882169fd350dff,312,349,37,1,6059453
cc7ad7c0da13c0d8,582,707,125,1,11553900
cc8a005e07f3d432,275,358,83,1,11948937
cc9280836f90bc21,84,116,32,1,12125916
cc97d06c4edab778,89,116,27,1,4644906
cca7e7a2ac02e2d1,320,370,50,1,2802076
ccb4a6294eeaba79,3,4,1,1,54939
ccb4a2bbe78cbaf5,3,3,0,0,34179
cccfbfb0e27dc89f,65,79,14,1,749838
cc95c93c9d508d5b,403,457,54,1,11307743
ccd0d6b24805a299,211,219,8,1,1935658
cc8096bc17b3e94e,856,1063,207,1,24862185
ccd7c3d035e36b78,187,196,9,1,1983824
ccd33fcbcc681760,252,376,124,1,6549262
cca6a8faa5100e6d,632,784,152,1,12110951
cc7809dfaf24df57,1125,1562,437,1,33061564
cce1598e2f5343f0,284,339,55,1,4400653
cbedb0739dec7a33,3310,4345,1035,1,102052548
ccf34aa813f6f31f,91,122,31,1,3627100
cd0282baf0f810b1,5,7,2,1,217943
ccdabe0fca91ed7e,835,1095,260,1,25949808
cce3de1fafa646f1,792,1107,315,1,25409458
cc140c276a0a7050,3588,4676,1088,1,108504751
cd0cc7a2e5864d2e,378,475,97,1,7073103
cd1133b671cf070b,348,443,95,1,7733703
cc073a96236641ac,3692,4859,1167,1,132139823
cca0cd6557618672,1866,2541,675,1,61083178
ccf9277dc6a5e195,1208,1670,462,1,35814771
cd2e1817450d4742,160,226,66,1,3125075
cceddcc4d607edee,1278,1648,370,1,39847246
ccffce438dbaf977,1211,1696,485,1,30510454
cd2f6492976b0a2e,177,229,52,1,4842300
cd34feec59ada84f,125,149,24,1,3685664
cd3a84c1460d826d,109,137,28,1,1861186
cd2aeaeee8418d06,887,1089,202,1,13838154
cd40e0921df70303,65,79,14,1,1241760
cd449e4e16be3202,86,119,33,1,1320751
cd49e2ace9391a5a,94,138,44,1,2322041
cd621d62404b9414,510,639,129,1,15042012
cd3efbbaae604d1f,1402,1902,500,1,40555876
cd717625c95e7f3d,1138,1608,470,1,19247859
cd84c986593ed082,757,954,197,1,13769853
cd8d5bbdd5b03d9d,964,1300,336,1,20936656
cd94fd232205d627,2778,3441,663,1,60952445
cdb7c473a6ef5fb0,3,3,0,0,197207
cdda9c0f7bffdf98,51,64,13,1,1034166
cdd0d3437b25afe9,162,196,34,1,2371323
cddeb5553b6a366e,105,135,30,1,3030792
cde1c9309a620a63,87,116,29,1,3098903
cde16ca8ecf90186,314,350,36,1,4144395
cddb4577c5c2328d,292,323,31,1,4365506
cdb7b122d9e0d245,763,1088,325,1,11982581
cdb1e084abb1e633,981,1324,343,1,23177854
cc681ad17b86a011,9798,12075,2277,1,373020812
ce072019a6e5889a,79,110,31,1,4097735
ce2b16820113f2a5,70,89,19,1,2461177
ce250dd2d6ad10b9,250,274,24,1,5211162
ce303518814e60cd,82,114,32,1,1492997
ce38218b851f5fe6,155,189,34,1,1525597
ce24b1a65050b72f,343,388,45,1,9050376
ce2ab89cf73506c7,316,357,41,1,8635443
ce432d3a2850e4de,10,13,3,1,274574
ce1f17235be0ad85,377,539,162,1,12304278
ce4b2f1965e7cd37,320,405,85,1,4282177
ce0e067431a802b7,852,1077,225,1,16829641
ce2b659c4d188f9b,749,1062,313,1,12296997
ce5f414f74718d49,69,102,33,1,916901
ce4a27d7e849341a,323,449,126,1,9176719
ce6070e240a7e698,254,355,101,1,3129879
ce41f2eb05b9b961,550,752,202,1,13468015
ce72896b45c7654a,93,120,27,1,1216451
ce56f75a871eed68,436,574,138,1,6194394
ce50fd12278f07ae,688,883,195,1,9320420
ce75267a83b567bb,110,156,46,1,2345688
ce82e1ed7fb09e84,43,60,17,1,963052
ce8ad472008ca451,41,55,14,1,928673
ce8338081bdf1504,248,280,32,1,2051976
ce3f2573c2436f08,1660,2246,586,1,24301329
ce8e997a81b00cab,297,380,83,1,5508542
ce737efac00fbe5a,795,1031,236,1,10330719
cebca11f9dc8f8e6,73,106,33,1,2580979
ce9452824e9f2bab,450,646,196,1,10457296
ce152a381344e23f,1886,2114,228,1,35774554
cedeafc8f44ef6ca,6,9,3,1,426107
cee10582498ecb53,16,25,9,1,943851
cec375eb965c5e76,264,344,80,1,7984778
cec7a2c953e4cd9b,129,164,35,1,4659796
cef446ed91ef1ae8,23,33,10,1,875784
cf09681587e5b057,26,39,13,1,933157
cf05252ad728dc25,290,337,47,1,5243012
cf0b60029be84f86,262,295,33,1,4528603
cf23a226526270d6,84,116,32,1,1620603
cf276632ba1a17ff,2,3,1,1,39514
cedc216678e6e5f5,441,598,157,1,11766734
cf34221437261741,2,3,1,1,32063
cf3d5f7ca9155927,185,194,9,1,1222032
cee53b015909b97b,479,534,55,1,11131003
cf4b5b69bb322deb,308,367,59,1,9739202
ce5fc1f9ef873093,1385,1866,481,1,46286495
cf682862e36c7df4,42,59,17,1,543348
cebe2cad49b6b9b4,1243,1624,381,1,33386522
cf6b0ca859483acd,86,106,20,1,1035255
cf713d0336aa9982,20,25,5,1,287076
ce14528d81df0dd5,2385,3060,675,1,67549965
cf8e7a116c52678e,7,7,0,0,68279
cf6600627dd1b072,782,1051,269,1,13570620
cfc37d74159d9f2c,45,52,7,1,462016
cf4f5ad88a4deff3,1203,1561,358,1,24657121
cfbee79542250954,428,508,80,1,5722641
cfc622c49b007617,25,31,6,1,380424
cfdcebdb356629c2,3,3,0,0,41398
cfc55a26323af2b3,201,277,76,1,2581119
cfdf3bdac9d37a93,18,23,5,1,226689
cfea4e71cc47ceae,24,34,10,1,381958
cffac2c0b169d671,63,82,19,1,1526805
cfdfa37be96cb2f3,300,343,43,1,6020389
cfff9a5de6dab763,4,7,3,1,194077
d00068cc9c10fc8a,258,324,66,1,8193873
cffbf4636d1d56ad,384,556,172,1,15960006
d00095cd298dcb07,111,140,29,1,4195405
d000a5b824fa6af5,93,127,34,1,1865549
d0044e42b7692e22,120,140,20,1,2180123
d00d9fec3490b7d6,696,874,178,1,10929850
d0207673a4b5a0af,255,287,32,1,2336893
cf78f7be5d23e2c0,1563,1939,376,1,45899868
d01bc03242cba4b6,786,1123,337,1,16471408
d03f3ccca3da01f4,38,49,11,1,480345
d03b64e6439c1f85,295,384,89,1,4300397
d0444f70c200ea33,41,51,10,1,1018287
d05447238c520444,346,405,59,1,3220880
d05bd320bcd28d35,484,587,103,1,9043197
d06343108914d771,93,119,26,1,3081124
d063db8189fb3243,147,211,64,1,8124584
d05110aaa3a50981,1484,2008,524,1,48413044
d068fff8eaa960ef,228,243,15,1,2491259
d07813b9b3cfcad0,185,195,10,1,1678198
d061cf4b5f634ee1,585,797,212,1,11675129
d0769942d23548ef,233,263,30,1,3187714
d07d9c1bffb3da85,115,150,35,1,2283594
d07bf6b164722e6d,340,402,62,1,3908648
d08411ac3e656e25,8,11,3,1,176050
d088401f3db2aa97,7,11,4,1,134618
cfd30e04ba152ccb,2640,3734,1094,1,108908383
d09db88cdcc6f5da,118,147,29,1,2262772
d096a9748c3514cb,780,1010,230,1,15019282
d0ada34da9706e0c,90,129,39,1,2121466
d0a43680c565de2a,471,582,111,1,8621892
d0b7ee82ed065c66,215,279,64,1,12549853
d0bb19b8c9ca2034,346,428,82,1,20131320
d0c7f0d4388d2a59,323,454,131,1,12770504
d0c7e26ca9e94a3c,215,285,70,1,9239602
d0ccc222f50307d7,396,488,92,1,6692444
d09e3a752d469ede,1189,1643,454,1,42865102
d0d33c46848edaac,105,136,31,1,2432304
cf659b8b7391ed12,4315,5743,1428,1,182953888
cf5f1c19ab72d10c,5313,7006,1693,1,194324076
d0d93be2e817af68,212,228,16,1,2412265
d0e01123892b596b,212,278,66,1,3464132
d0d3b3f5d593948f,496,554,58,1,8563137
d0f37d0815ed55dc,276,313,37,1,2143219
d0ef8d99fc60a396,281,323,42,1,3577665
d0f9872486a65f24,10,13,3,1,179662
d0ea1d0cce94e58a,658,778,120,1,9057565
d05b07f6fc2b7fab,2885,3876,991,1,105517310
d0f59fc04f64b892,288,319,31,1,4182580
d0d06768eaeff6a4,934,1371,437,1,20581199
d0fe38101d8754c6,297,368,71,1,4265139
d1108249a70cbfc1,89,119,30,1,1639572
d120180835417e3b,263,299,36,1,1930912
d11734afb46f0327,337,482,145,1,5232727
d0f3dc20934fc134,881,1120,239,1,18844023
d12dddbc8cdcc327,5,6,1,1,92477
cf149c00f889dc0d,6233,8146,1913,1,228201723
d13a122eb6252447,6,7,1,1,187012
d13bd0edc470274e,8,11,3,1,283642
d1373a9b8fc2f044,24,35,11,1,974930
d134e5b8f95fefc9,306,362,56,1,9094580
d14137d596611fd5,378,418,40,1,5195957
d12a856ca6bbfbbc,860,1068,208,1,18468150
ce6e825617d9a9da,6612,8750,2138,1,289625835
cb1d97ab888d9a6a,14773,19541,4768,1,977116529
d13becd1023a7097,979,1326,347,1,19553915
d16405c54e700cc9,94,133,39,1,2264676
d142328e1ada8743,808,1145,337,1,17318065
d16eb7cc17b41ecd,234,254,20,1,2155013
d15aca992595acc1,777,1025,248,1,10367452
d198c21cfdc07cee,213,230,17,1,3603404
d18df8f4ef217133,236,295,59,1,4775727
d1912b3ecfc5b6a5,473,641,168,1,12543863
d1b44d1f49251ee8,100,128,28,1,2045255
d1b409704c3f7f64,138,198,60,1,2070510
d1db76d5d4e9ee17,22,35,13,1,1203009
d1e5d677d155e438,27,33,6,1,1014860
d1df1627ebe764c3,40,53,13,1,2245202
d1ef4751d9764582,6,7,1,1,146048
d1ec1ad93800c0e2,301,349,48,1,3761862
d1fcd2b4a4561b38,212,227,15,1,2176462
d1f7f8b53fb07ec4,214,263,49,1,2926193
d17ba62b02bb16d8,2302,2997,695,1,78815516
d1f58c3c7738b922,871,1216,345,1,11833370
d1a9adb4c8639bf9,2472,3118,646,1,60733156
d1e17c5150d788a5,542,772,230,1,21324559
d215cb291b14d91c,228,275,47,1,2597363
d217c74456cb572b,181,223,42,1,2483872
d1d666513f54a24a,1164,1641,477,1,27600484
d21c4cf5616e6e95,257,278,21,1,3247595
d22b69335b964cd9,215,229,14,1,2867813
d1e77e93810ddb60,1174,1654,480,1,38142943
d242f7e251d4ce13,20,25,5,1,351026
d2386f4b5876dd4d,493,689,196,1,12734369
d2417ce7ebc6f20b,243,261,18,1,2838169
d23cf16e73283f10,409,496,87,1,4469988
d235e59094fefb6a,702,1004,302,1,17777756
d1bf0f8ac8fed258,3456,4530,1074,1,71620846
d22bce21b2ebc7e3,1195,1664,469,1,30608324
d2653fd401d2d973,27,39,12,1,785386
d265306088ec877e,42,51,9,1,823972
d270e1a777583d32,43,51,8,1,903652
d26efe47a5b4f2ec,335,399,64,1,4807399
d27d5dfb37e44de0,426,590,164,1,7928909
d2bd719124fa0e4b,6,7,1,1,105785
d2ac51c2c1ee091e,5,7,2,1,196942
d2bd9292397aadf3,27,35,8,1,357669
d2c30a6f57c1ded5,33,38,5,1,325437
d2a381dbf93e1396,198,206,8,1,1739267
d2bd9240083a4044,172,199,27,1,3110863
d295914db5445bc7,101,139,38,1,3539768
d2bb782a72ce031f,303,368,65,1,3891221
d2bd2bad28a6ce73,309,408,99,1,6527032
d28572d01ef82763,1860,2532,672,1,55695902
d2d6290a411192ff,3,3,0,0,456233
d2dc4aabd6c351eb,187,197,10,1,3387890
d2d8404c9a4a33e5,247,276,29,1,5740145
d2e270dab431353b,224,242,18,1,4182406
d2d1de092602b000,1315,1608,293,1,30103481
d2f5614be7677365,77,109,32,1,1103853
d300c02aa510547e,69,101,32,1,1417649
d2e60dbf4c101675,92,143,51,1,2302735
d3141a554afd436a,264,287,23,1,2970193
d31556e9699a49b9,4,6,2,1,91670
d318f4945934359d,78,90,12,1,1265353
d2e82cdec34d9c3d,327,370,43,1,4691093
d33641b746804e0e,192,199,7,1,1752127
d3192ca2aa9afdb7,273,297,24,1,3202129
d2ea671bbeb1999c,548,679,131,1,11421080
d3413c7a4d89d833,94,132,38,1,2119598
d30917e5164c0234,472,566,94,1,10182631
d34882bc6923ac83,18,24,6,1,238151
d342f9f281608198,650,841,191,1,19590659
d2d0cdd35ee0b0b5,2407,3161,754,1,70783545
d356e28f4144d6fb,309,349,40,1,5412001
d30318d4bf5f99ab,1434,1892,458,1,35447610
d35ef1b3301c4836,244,262,18,1,2498010
d37053430f87a206,26,30,4,1,485959
d358a4465587dc01,662,809,147,1,8837241
d36ef1f3bc7a654b,127,199,72,1,2921528
d36c4d99cf5a608f,411,508,97,1,4152641
d3741f313c416d04,289,379,90,1,3692162
d2416c36739302e7,5811,7619,1808,1,211336595
d2869a4c9d9cc815,4690,6235,1545,1,165033374
d399ae576111fbdc,2,3,1,1,147719
d39899d967930562,6,10,4,1,246870
d3c83ebbfc0e35de,4,8,4,1,110138
d3c0c35b55f5d2db,5,6,1,1,87934
d3ac0fde21b0942a,68,90,22,1,1632265
d39ff0dcf012560c,940,1197,257,1,25019094
d3a24fbd349c90f2,2717,3624,907,1,82801028
d3fcbe11b451de74,73,100,27,1,3524615
d42c0c22b0f60dd1,7,9,2,1,223728
d418bef74761c591,195,206,11,1,3313769
d45068f73bb6906d,7,11,4,1,273429
d3eb2d82c17da44d,271,302,31,1,4179986
d4548302e9900bbd,98,130,32,1,3625066
d4667d5876183bbb,51,63,12,1,1705642
d3e7d4281aa8f619,259,389,130,1,16789081
d43e4913be171578,182,238,56,1,14783640
d3ee073634d11127,505,693,188,1,19526105
d2e113ffde710a6c,5151,6361,1210,1,267247693
d479a710d80799b9,40,46,6,1,425184
d47c8a280987e00f,76,98,22,1,1577031
d482b4fc5a518a7c,40,51,11,1,1010796
d3da0377039ef1f2,1603,2252,649,1,44336452
d47e462374446e4f,99,133,34,1,2340260
d487d0c448c11f96,154,192,38,1,2533788
d490b5abcecec156,103,143,40,1,1929031
d4ab0f0960dd1ee9,46,64,18,1,949850
d4b55b9fe8988596,166,204,38,1,2514998
d4a948a747e0fca0,266,309,43,1,2849352
d4c2cbaebb43d496,191,262,71,1,3631199
d4ad78076bc24848,302,372,70,1,5607208
d4cc9a6ae268e9ba,380,482,102,1,3758265
d4d1b74a0e84e8e2,3,3,0,0,71776
d4d45c8d4e3b0b41,97,132,35,1,2331353
d4d6d310f3cf1cde,110,156,46,1,2572995
d4d171649d0846eb,273,294,21,1,2848796
d4e761ddb43ca09d,26,31,5,1,428005
d4d7aaed2b76d1d7,95,121,26,1,1805074
d4d946414c1939d0,195,211,16,1,2390589
cd9784ea80393630,19185,25823,6638,1,1159493688
d4f90f37d7dbee3f,117,144,27,1,3992807
d4e9192fd73786c4,706,894,188,1,23996336
d4ff514f204456e7,528,691,163,1,6584350
d50757e0b1fbb294,294,432,138,1,7837635
d500f64db15b4c60,544,755,211,1,9668540
d4fc1064da3aec13,815,1058,243,1,11372402
d5242189db6a4948,82,122,40,1,1384288
d4cb3a9e33d64cde,2070,2793,723,1,50992784
d52cfcf28fb3b0b8,45,56,11,1,977726
d53038b7d61b91e6,3,3,0,0,38466
d523ab9a34153dae,339,473,134,1,4868366
d44c66452cc1a6bf,3831,4696,865,1,108069198
d5524c6b9346ebc6,190,202,12,1,2794899
d51082e6dc1185b6,1422,1848,426,1,25969490
d55c09e50477c751,299,390,91,1,9796065
d57d0e0bceadd0fd,9,13,4,1,258581
d58a790ab46f108c,29,31,2,1,510824
d56882e84d40a8b5,96,127,31,1,2193898
d59b466e995dfbef,26,32,6,1,587981
d567e82a9eb68732,302,332,30,1,3434158
d59c6a775523fd62,305,363,58,1,6755131
d5a0b6541d79b7cc,302,335,33,1,6802348
d575744b23870944,403,472,69,1,19042237
d59e05aff804463f,622,739,117,1,15230501
d5a36c7516498906,277,313,36,1,5713973
d58d491e5b504cf7,925,1158,233,1,33987241
d566dda87089fef4,1114,1565,451,1,49551057
d471a99d20053955,7102,9368,2266,1,258701487
d36f8e39751b3e9b,7823,9866,2043,1,470026124
d466f58672f4792f,6080,7695,1615,1,462839764
d54c7724aec2bbdc,11789,14264,2475,1,362025473
d5cd14d7ab55d1ae,39,49,10,1,1455426
d5e16df12ef88ec5,193,203,10,1,3584622
d5e00d26379dde61,128,147,19,1,2476068
d5d89b0b89060cab,116,145,29,1,6078220
d5eaa8054471b124,5,7,2,1,203632
d5ec3705a1c7d871,10,12,2,1,346680
d5f666d8ef7201ae,5,6,1,1,167011
d5b8852a0c40e589,398,485,87,1,9942857
d5fa3571b5962c19,182,188,6,1,3199746
d5f6b5b6e2ad69f7,332,391,59,1,7849030
d5b608dd4cb78378,662,791,129,1,17417169
d60877c10838f9d8,101,124,23,1,3145930
d6042555ec1aab1b,115,159,44,1,4608751
d62260b5a4ee70e9,17,23,6,1,268588
d61514b4498751ff,29,40,11,1,4078049
d62e520de7fa45df,4,6,2,1,85745
d63c4816a2a37859,8,11,3,1,205255
d63ec30199631d56,3,3,0,0,42775
d5dcb38cdc512b7f,651,850,199,1,25321113
d64b20f76f94b1e0,261,346,85,1,6815191
d65c6f27c0b4fb2a,6,8,2,1,136517
d626805eea00c16c,658,876,218,1,11451757
d66c9ad659f8a3c6,247,272,25,1,2114912
d5ab3ca0a252f65b,929,1206,277,1,38412460
d604cd79373c6150,820,1103,283,1,20908596
d67ae0aa4fb14fc5,294,333,39,1,3281197
d5b5d7907baebc51,1272,1728,456,1,41568326
d67e8be40d1ca3ec,197,224,27,1,2424966
d660dc67eb34b8d6,740,930,190,1,12295315
d696258b62b84a81,97,129,32,1,1195677
d6936df8e7069058,59,90,31,1,2075475
d698e20d83938d3d,5,6,1,1,58192
d674d8c62e8271f2,696,876,180,1,9111894
d64d28c45c03add8,1340,1740,400,1,20815006
d68cce979a28392b,353,416,63,1,4280862
d67fef9a9563552e,502,687,185,1,6582978
d6cb16d74ad75021,87,121,34,1,1504478
d6b7fb131bbff3fe,284,325,41,1,2266218
d6d3d3064341fa41,127,188,61,1,1729591
d6d4398a0464eed8,187,197,10,1,1641775
d6e4f26bb0a1a993,188,195,7,1,1544971
d6a95eaef7331734,645,836,191,1,8444014
d6e1df684cec1732,274,300,26,1,3101320
d69afe08d53c8487,667,800,133,1,10612317
d6f400eeae0232de,294,351,57,1,2715144
d70a3fed85b59d76,28,31,3,1,303748
d70edee51dd742f5,5,6,1,1,56499
d701e2f860f9887f,117,154,37,1,2407980
d70fc6baeef8253f,81,107,26,1,1095963
d705df69a9b030d0,319,384,65,1,3061028
d6da0c7dc1e63005,715,978,263,1,9929910
d6e43faeecefdb46,442,547,105,1,6997039
d7209a4e124ac3c5,262,281,19,1,3543973
d6b1ca37ac6d1359,685,842,157,1,18263837
d73056d54380bca3,76,99,23,1,5633384
d72e5b26228f98c2,310,341,31,1,8380820
d74cf71c972603e5,204,217,13,1,7644025
d70f832723019a7b,597,837,240,1,20594141
d764ed44f6fc8f82,97,133,36,1,5167727
d713f4da62d23ee1,699,937,238,1,28345620
d73ea65f402d9c1e,748,908,160,1,22224040
d752f36f6b71bf6e,569,695,126,1,17506131
d768fdb9e38d2463,302,363,61,1,5066309
d5e3f5a41da285d5,2377,3266,889,1,80580850
d7705e824eab492b,288,320,32,1,3260244
d77f02bbbed87d6e,281,310,29,1,4013128
d7874fe26e3c803b,212,224,12,1,2415477
d79cd870afc24fcb,96,134,38,1,1614843
d7d82ab2bb0260b6,28,39,11,1,433114
d781100311a6dc2f,268,344,76,1,6265834
d7dccc03d1fef1fe,197,206,9,1,2877608
d7dafba8bd310e1e,403,492,89,1,6143685
d7dd729cea08fbc6,500,587,87,1,8147826
d7ebfdb93f1456e7,2,3,1,1,54154
d7f3e0a1ace640f9,216,229,13,1,2430802
d7afb9b62c9645a3,722,912,190,1,17154244
d7fd5dec07b0d861,36,52,16,1,1036268
d7dd906348ffa688,636,857,221,1,15476537
d8000ef2a77866ac,9,15,6,1,249504
d7f6de0d705796f0,280,347,67,1,6996583
d8012436a73c0fa2,186,194,8,1,1770193
d80af17cf80561d5,109,153,44,1,1521571
d7ffef2c35a22001,270,312,42,1,4079341
d7ea0b14172509a4,704,911,207,1,17694629
d78a018d25e3a14f,1174,1706,532,1,26155768
d82b6feacea11425,94,116,22,1,1828335
d81eacc75ccae363,236,350,114,1,3455005
d843c8aec20c1dc1,171,224,53,1,2246550
d860b6ea522139e7,255,281,26,1,2198534
d823d55c336729bc,239,356,117,1,6791215
d8683a189cb9a895,361,449,88,1,8521128
d85d203523eef734,574,731,157,1,13292191
d87c976cceeb526c,189,254,65,1,5657880
d8819156b89a6a98,10,13,3,1,308903
d879a90d447499fa,281,347,66,1,7921587
d892592b109e4258,194,202,8,1,3463225
d86c784e7971fcfc,677,877,200,1,24000163
d89c44ee5b97e906,4,6,2,1,1804091
d8b1fc90acc33f18,181,187,6,1,1524531
d88b1cd50420af14,410,549,139,1,13504097
d8654bb9af94ff16,1403,1743,340,1,38649035
d8d023e587ca7404,249,289,40,1,3544125
d8d7cb2cd54bcd4e,259,313,54,1,3884902
d8b538a53a54e27d,1401,1948,547,1,26717939
d8e8c730b5738981,1121,1570,449,1,18987919
d8ee97c619706e7b,755,1078,323,1,11202166
d8d0df16898c1497,1374,1737,363,1,35866201
d3c33a5f7278a189,16438,22110,5672,1,851351070
d8c685713c8f2cac,2687,3468,781,1,68880302
d738703e5142d13a,5208,6803,1595,1,170737261
d5df5848a5be164a,7156,9425,2269,1,246528190
d9256b791049590e,23,33,10,1,663018
d8fe7b2b9f55e896,94,148,54,1,1389457
d8f2d4fae10644a7,189,195,6,1,1826177
d92174d6d2a2a0e6,78,110,32,1,1681911
d925f6c9960d0d57,108,132,24,1,1295050
d9293dcb10d866c2,211,226,15,1,2031934
d9091890b747266a,310,363,53,1,5578101
d925890f566f4eaf,386,445,59,1,5558430
d91096034f7a90d2,484,661,177,1,7117754
d931a4be2bffcb4e,917,1255,338,1,15581155
d74a8b835bb55fbc,8424,10254,1830,1,241815432
d83d51cc0fc50901,7428,9649,2221,1,257430817
d932fe50835160ee,3466,4506,1040,1,94696861
d950f230aab6660e,47,52,5,1,796560
d9854b61ebebd9a3,188,195,7,1,2597090
d98f493b8d6dad58,55,76,21,1,1128361
d9b1cea419f81d73,24,35,11,1,754349
d9ba126c444a4ec5,96,132,36,1,2183474
d947e705d6f52259,300,365,65,1,5814325
d96c9193da1c78af,341,409,68,1,6406748
d9c620b291cb4087,229,308,79,1,3271989
da0cd9a423facd99,10,13,3,1,109249
d9804cb308aeb88c,468,598,130,1,8130856
d9ea4dc1ec659958,328,402,74,1,4706365
da329ae9fdece54a,123,151,28,1,2235631
d98340dbc4bb0068,553,769,216,1,11405811
da413243fcfaa150,38,48,10,1,411626
da33828d84230281,80,109,29,1,1563871
da41dae602d56bbd,111,161,50,1,1419266
da3f3dd9890a4050,312,352,40,1,5354431
da46b38f51186edd,203,214,11,1,3093053
da520abb52869b5c,62,80,18,1,1586838
da5e038aa7765f5f,326,397,71,1,10292700
da6c0210c21c76f3,41,51,10,1,1218039
da44fe1bd5e498fb,265,355,90,1,25760348
d9c6f4bf055dc4d1,839,1220,381,1,34380392
da815bdce686bc4e,69,79,10,1,1229802
da7daf22e3b800ec,497,674,177,1,10238461
da53d81c95b52f71,872,1217,345,1,24049503
da87844696dc989e,287,329,42,1,3482532
da8ae7e138b1d29b,3,3,0,0,53354
da0c82b3d0bd191e,1547,1936,389,1,45549608
daab9cffdf93eea6,195,206,11,1,1141188
da6ef87321f13e61,1009,1282,273,1,22538128
da8c9adae90c6943,307,355,48,1,3985973
da8402aeae8ba5e6,626,869,243,1,15948719
dabf00e0bbc928e9,204,211,7,1,1158163
daab8014d8b9c5bb,466,589,123,1,5781341
dab6551bcd9ea250,330,393,63,1,4605718
dab2bd1b970f2209,425,560,135,1,9555145
daaceb21fbedb764,965,1197,232,1,12683906
dac8cefd867c112b,201,214,13,1,3221424
dad102cefc0e3d14,5,6,1,1,124486
dacd2ddffaaaf497,393,477,84,1,4265742
d9f6d0864bdd250e,3429,4714,1285,1,120376200
dac80cfe12a91968,807,1060,253,1,16910873
dacc87988ab86f74,1500,1988,488,1,34618627
dae3f5ff4bd39977,24,33,9,1,438007
daeebe17c33608b0,288,323,35,1,2499674
dae91563c08ac9ab,309,350,41,1,4023906
dafac2b8c4328edf,109,141,32,1,1452819
db1d882461f4941a,6,11,5,1,139661
db18a8d4c4ffa7ec,35,45,10,1,770431
db1f847e531b737e,27,32,5,1,546198
db28df06d6453526,42,57,15,1,812929
db1bcee707fe547f,278,314,36,1,2356991
db2c52cd6b594bc9,29,40,11,1,399167
dade179729a9ace2,536,587,51,1,8508641
db3511caa943db27,156,223,67,1,2143223
db589d95bcea4620,145,186,41,1,1473249
db610f907e200fc0,90,121,31,1,1268024
db28eed2556759aa,423,503,80,1,5901000
db6383f18b3935f2,221,241,20,1,1917233
db6aefceb9d39f3a,6,7,1,1,84513
dada3227ff0a60a8,962,1373,411,1,16901619
db577046304024a5,432,541,109,1,7329357
db6b83fc93e79aa9,90,114,24,1,1063725
db6422646cd46f01,350,477,127,1,4897567
db749a101c2b1da9,179,182,3,1,855650
db80b5a533f3cac8,303,363,60,1,2852980
db72c263c3740a47,528,683,155,1,11879093
db6fa9253e220cbd,1206,1672,466,1,18816383
db989cb4acd06be1,73,98,25,1,928729
dbad6c6ae7304309,19,24,5,1,279239
db939695baa619d3,618,821,203,1,8820381
dbad21fa1593da41,376,474,98,1,11402855
dba533cb386ae2d9,740,953,213,1,24077731
dbbbdc996901306c,197,206,9,1,1870313
db7c4e968df100bb,1789,2336,547,1,40876328
dbd11b52b77249da,115,140,25,1,1242213
dbc6d48d6fdabb8d,249,279,30,1,3868090
dbc473eaaf3f0165,270,323,53,1,6779159
dbb7c29383c67b78,960,1253,293,1,14120125
dbdc6ef1830d751c,264,299,35,1,2112781
ca5a18f9167fd611,31075,41858,10783,1,2859587860
dbf2aa0c90a01e24,88,122,34,1,1526219
dbf5d132ad5fd641,2,3,1,1,81639
dbf33a75f178607f,249,283,34,1,2443936
dbf887e93c108bb1,3,3,0,0,38608
dbfa9f7b05f11230,79,105,26,1,983342
dc034eebc4610bb2,260,323,63,1,6324763
dc129cc7166e2a7b,20,27,7,1,662711
dc1ebb30333c0664,27,31,4,1,491558
dc217f9d2a23331f,2,3,1,1,47911
dc016f7ee139c5e0,1143,1331,188,1,30391949
dc2700bf77797aff,89,130,41,1,2028017
dbd5310b1a59d02f,2015,2617,602,1,53667413
dbd86bfbcf5face5,762,1146,384,1,54811327
dbf4496f00ea43b7,1380,1843,463,1,46111929
dc354aff59239ffc,694,906,212,1,15316571
d9823359fedfa52c,9706,12388,2682,1,375049563
dc45307e81562d48,19,24,5,1,406949
dc5ebd84dc9f5c3a,381,443,62,1,9483967
dc61cdda2dcaa284,23,31,8,1,1249560
dc5e2f5cf0f08fe0,332,425,93,1,16474070
dc6d24c8a81e7af2,9,11,2,1,514224
dc6fa67133e96653,182,189,7,1,3204616
dc69b684d07972d9,305,340,35,1,8567694
dc75a0313ee1a426,5,7,2,1,124864
dc737a194f817f11,18,23,5,1,217459
dc45201f697b59ba,426,525,99,1,21462596
dc75b493f548eef6,33,48,15,1,795829
dc51e98490100ea1,753,979,226,1,26285807
dc5bb633c119d862,674,811,137,1,26974741
dc83d326d11fe62a,27,38,11,1,781624
dc8207d1b47d09cc,265,302,37,1,5100471
dc76f093b26a6d25,485,622,137,1,6513799
dc9b6689802da3c3,210,228,18,1,2270197
dc9f91f430fe7f4d,262,297,35,1,3850377
dcadd53d8bd4a4ed,214,224,10,1,1956962
dcd9787cce674543,102,135,33,1,2279525
dc7f7fbb195889f7,444,637,193,1,14419585
dc84bf98175b4e9b,479,601,122,1,12456857
dce61311c18a0034,24,34,10,1,379537
dce7663be9f488f5,312,345,33,1,2518357
dabacce4a01e3da4,6873,9097,2224,1,334700338
dce74c244b1f2b9e,704,962,258,1,15465545
dd0536e201f375e7,209,229,20,1,3620456
dd1a7503dcfb4b93,9,13,4,1,286968
dd1c337ecdbc7f5f,227,242,15,1,1555003
dd394e9a7a10aa0f,42,55,13,1,828129
dd0442974c76fab3,1187,1578,391,1,23270616
dd48350e5d97cf1d,290,342,52,1,2723431
dd50ab799ca9c86d,186,194,8,1,2031395
dd38f2ddddc593c4,521,621,100,1,9638803
dd5965236fff1175,14,17,3,1,380945
dca8679afdd06993,2705,3816,1111,1,80353078
dd694edcd9006e76,87,118,31,1,3199751
dd7b795ff4dc397d,44,58,14,1,773559
dd82ba38dddbbcca,24,32,8,1,538847
dd8ba3320d8d0f02,123,155,32,1,2885319
dd8e18ab0436f615,190,199,9,1,1611556
dd90826636055513,159,192,33,1,1797234
dd9c06bc009eab25,11,16,5,1,590716
dd7e237dbb08c33a,1033,1288,255,1,26573027
dd68a4e63bbf3448,975,1295,320,1,35361977
ddaf69e94c614704,42,57,15,1,576924
ddacfb708176fe41,55,70,15,1,1166943
ddb74549e9d17a23,116,124,8,1,1612254
ddcad0c68f042279,85,113,28,1,1684868
ddc4563c59d82493,352,446,94,1,4174080
ddbf141ba8ea73db,479,669,190,1,14005181
ddc8ba3dc97dd12d,756,1046,290,1,21299984
dda031ef901c20fe,1683,2115,432,1,40603364
dc34b60360d10234,7498,9954,2456,1,247107129
d8e04e671cc3457f,15983,20977,4994,1,801744930
ddd3bc8f73f3b9d8,3,3,0,0,105073
ddd98f629f85c32a,41,51,10,1,716621
ddd141c9a0574fda,366,416,50,1,3670086
ddeecca1e334a6c5,94,130,36,1,2594844
ddfac19c70c1d5bb,210,235,25,1,2024952
ddfd65329641517d,271,297,26,1,2206996
de1815f246007cc7,20,27,7,1,300840
de1e6567fd2155f1,2,3,1,1,40152
dde1941041fd649d,294,353,59,1,4494382
de270394e101f83a,10,13,3,1,183527
ddfe71faa3e34e77,125,167,42,1,2453287
de34079f72f37090,37,57,20,1,700109
ddfcfb1740885f45,282,392,110,1,7439278
de264229cbf23689,446,539,93,1,6260409
de36573028ae7c57,226,327,101,1,5104153
de2d58b9e9996b2d,307,405,98,1,6550185
de5619c24f9927f7,43,51,8,1,777829
de56928900d4f157,122,152,30,1,2364938
ddebe23ed5cd77fd,708,985,277,1,14767466
de66b03fb1a3062c,100,131,31,1,1377840
de6336affa90c8ea,206,313,107,1,4618801
de4dd6a0bf6ab555,302,416,114,1,6390045
de88dc9b317d7de7,23,33,10,1,329120
de7a666f7956b9f6,205,226,21,1,2561102
dea0171b6ea2ca2e,4,6,2,1,94930
de36bd971312978a,466,611,145,1,8155790
de8d4f35e38da3b8,323,393,70,1,5167679
de91583de13698da,378,551,173,1,5597791
debc4f4e8dbca6b1,330,460,130,1,7854364
de02cf82c7c95db8,1199,1695,496,1,27343930
deac101796106b05,893,1283,390,1,14095247
decf6ae00a47a786,42,51,9,1,832633
decf1d9b9f4f9798,251,283,32,1,4868012
ded0853756572282,253,294,41,1,5115343
ded2050823bbe7b2,94,123,29,1,3743763
deddb7e87f63fa22,26,35,9,1,1012747
ded77bda4916aa34,250,283,33,1,5216519
dede951880c8168e,117,123,6,1,2172279
dee74134aa4d3c3c,14,20,6,1,1083511
de81da26659a8e2a,1642,2128,486,1,37758813
dee5d0e4a349ebc9,120,156,36,1,4594481
dec3f1ad7096df44,1010,1395,385,1,39208936
decb6df6d71778b5,764,1067,303,1,31358249
dea63ac81f0bf4d0,1402,1758,356,1,47231908
dee73f7ff4de4df9,625,884,259,1,15616973
def4143c63553ac3,63,93,30,1,1493667
deeca9952bfaa936,219,229,10,1,2231865
df0a562019fb7a58,223,247,24,1,2357393
df2d0c6a02d37563,199,214,15,1,1951792
df34937b85351e4c,185,247,62,1,4499326
deefc18234e29b73,1171,1687,516,1,21171340
df343d6467fee4c0,390,491,101,1,4235412
df31d1f405b0ce81,483,538,55,1,7431718
df49ae7106534292,38,49,11,1,702927
df5200e61bd6cc14,232,307,75,1,5651831
dee12eeedaaad575,2132,2760,628,1,42798599
df4204dc54094651,1117,1399,282,1,19167831
df5e6cf429bf8a31,299,357,58,1,10758272
df61d7f0ed02424e,431,490,59,1,9688660
df622fe71b21cea8,415,573,158,1,13695372
df82de6e8e20e398,190,198,8,1,3894914
df7c6f6ff8490675,484,538,54,1,12138880
df8b36ee17afe57b,258,289,31,1,3289660
df63088670faab56,642,888,246,1,24641855
df83d2d141d11d52,458,574,116,1,9726683
df65bc1f9235ae34,629,927,298,1,31375718
df9ac572e8a038b0,145,191,46,1,1909695
df7bc4a1231a7c58,617,815,198,1,18587009
df8e44b689a7c15f,926,1275,349,1,24226037
dfb86a0cb99f13c8,4,6,2,1,134642
dface01b69ea634a,208,228,20,1,2438479
dfc8ae5ef2e78bc5,742,903,161,1,22127629
dfd25676a11b1e5e,180,187,7,1,4193486
dfbabf2ab9cd128d,762,1002,240,1,25752378
dfd8578c45fdacee,40,49,9,1,865621
dfde7c263658f2cf,68,100,32,1,1001922
dfe23946d26b07fb,181,187,6,1,2021184
dfb0d235437f714c,1483,1952,469,1,34013027
dffccd7b1a94594c,191,202,11,1,1098828
dffe43dd7ac6ef33,108,145,37,1,1395224
dfd481b6f13e8127,490,703,213,1,14718725
dfffcf8995bac57b,262,291,29,1,2547891
dff3fadc9938450c,287,343,56,1,6139593
dfe56eba4c2c6bb2,1104,1525,421,1,25390910
e024d4f2905309e0,231,247,16,1,1841363
e02573afbf0a6a4e,464,584,120,1,4782546
e036b54132dfebe1,131,137,6,1,1012514
e041b8688d3ab417,2,3,1,1,60558
dfce548895cb7ac1,1990,2521,531,1,55213178
e035e4ce00d2c40f,847,1043,196,1,18721072
e04b9d93212cba27,214,265,51,1,5174905
e0526386b40fa2d8,385,454,69,1,7227447
e05eff3f1eba76a0,180,187,7,1,1792093
e06fc7504de840c1,41,51,10,1,507393
e07daed2ae3d0df3,247,355,108,1,4866356
e07ec7d3a6471708,292,346,54,1,6507557
e07684048c0d8d60,282,378,96,1,15345862
e08c1df9227e40cc,181,187,6,1,2410238
e08b8809fa614ece,277,320,43,1,3970701
e09cee18ad1348c7,4,7,3,1,148049
e090c33f1ae4247b,199,206,7,1,1203102
e0a08da021269713,108,156,48,1,1438735
e0a37a91b9bcf241,289,345,56,1,4658142
e0b3e98ad35b4e6d,134,186,52,1,1790064
df9f5957e0c4fb02,4965,6509,1544,1,156878441
e08a6efc978cac6b,1606,2086,480,1,29775472
e0ce7d18c824c306,99,131,32,1,4006024
e0c2dc597ea1ab95,279,319,40,1,5890792
e0bc37e86fc0a911,320,460,140,1,12091805
e0e4ba04621a626c,480,605,125,1,17633831
e0f882c6c98ef78a,30,44,14,1,747367
e1093a9b95f611e9,263,323,60,1,5044631
e10be27c1d39fea9,710,943,233,1,16849479
e128cbf41576690f,100,128,28,1,2107296
e0f2361b1cc358df,1437,1808,371,1,31065644
e0e9fe3d64c9ddc4,1696,2134,438,1,46326662
e136f0b4438be6d5,289,333,44,1,4906874
e14be1a503ee789d,67,91,24,1,2995094
e134cc5f5ec86ff0,300,364,64,1,8401519
e15072a26c20c6f9,299,362,63,1,8700845
e0ec3d0c1dfd0888,2363,3141,778,1,63408805
e153ef628633da47,118,123,5,1,969335
e163983f2ccf875b,207,217,10,1,1949636
e14a7693e5a84254,606,851,245,1,15918669
e1811b04fb2e8c3a,117,153,36,1,1581249
e1858dda37a021d1,38,47,9,1,564735
e1698d3685fe5da8,504,712,208,1,8850178
cdcc443d3b794207,30959,42162,11203,1,3173960195
e0ee63f2c780a126,3225,4293,1068,1,80964512
e160e46d1fe4bb60,923,1288,365,1,20648314
e1a6a1d083975cad,188,197,9,1,2813539
ddc0dc4ed167b1d7,14070,17252,3182,1,556614070
e1a44c1b0fa16e60,720,1013,293,1,17707371
e197c113f3a47867,1220,1616,396,1,50781572
e1b83ab7722e0036,26,32,6,1,1067596
e1e49b92d9e32a13,204,217,13,1,3853370
e1d03ac8df7db11e,258,280,22,1,5035588
e1d6f57a94acef8e,257,281,24,1,5126839
e1ea10c7dee9fb37,42,49,7,1,1442291
e1de3da7eed30327,300,345,45,1,6902341
e1bf1e16a67783f6,275,344,69,1,8505594
e1e59295466eba70,83,119,36,1,3826828
e1fa7eaadcb45fb2,12,14,2,1,596698
e1f08aea63760822,79,112,33,1,2782096
e1ec58e98b903db8,154,202,48,1,4626162
ddc4b565ded6d305,14616,18299,3683,1,602481486
e207e02c114c6739,246,278,32,1,2482352
e21af66672d6b739,268,297,29,1,2476097
e21fe8235485d2fe,283,337,54,1,3079155
e219a549a9a0b12b,482,678,196,1,10050497
e21c3c6051bbf3d5,1542,2036,494,1,22478544
e237cce89d0398ee,306,365,59,1,11125217
e245583297e37655,115,153,38,1,2493483
e23e473790e5cde7,151,205,54,1,3434295
e24de2b1a8b0b1e6,515,631,116,1,9251250
e2483d86b73eede5,689,892,203,1,11688110
e258ea76028ede1a,216,234,18,1,1900138
e27048d38406dfc1,104,136,32,1,2731336
e23bbac08a74d83b,984,1237,253,1,22720783
e257a4f45dd70b9e,470,658,188,1,11364688
e2790801e503bcca,120,123,3,1,1028119
e27a8efa66a91b86,2,3,1,1,71729
e27a94e1c5bc017e,138,199,61,1,1776138
e27f4f8eebbdbba8,272,296,24,1,1729640
e28553050237da3f,33,42,9,1,446073
e28dff0f0a6e3877,221,235,14,1,2518193
e2277f42bcbc7a64,2121,2884,763,1,71817950
d57e5bfafeeafdf9,59356,63600,4244,1,1739671173
e2839ba4a17444f8,652,842,190,1,17992402
e297141c61cee87b,268,299,31,1,2457350
e2a239ad5874b1b1,103,146,43,1,2676751
e29420737a1d36d7,1188,1681,493,1,27666085
e2c555fda82b79be,213,228,15,1,1657970
e2bd098ac27d7fae,108,132,24,1,2056386
e2ced9c21da6f7e3,43,58,15,1,741575
e2c9abc9f230e8bb,199,209,10,1,1387511
e2d032630926e2bd,38,49,11,1,842409
e2df2286f5d947dd,185,187,2,1,1011261
e2bd91c5e0228a0c,349,415,66,1,7017207
e2e923a0403bda7c,6,7,1,1,120643
e2e534b4de81aaff,256,289,33,1,2216567
e2e9856fefbc3cb2,11,16,5,1,271898
e2e65e6b0b7be1f4,116,153,37,1,2519313
e2c65fcae23f865a,760,916,156,1,12327150
e2ba6e087fa2c571,776,1133,357,1,13413812
e2bb0395e95aa2d4,1000,1378,378,1,18154073
e1a2accc947717ef,5490,7143,1653,1,203229570
e2b686f4c81c704d,1507,2013,506,1,42862919
e3054798d3f074f3,205,214,9,1,1795890
e320df95e990ce7d,24,38,14,1,495562
e321760f62658750,451,630,179,1,11961098
e3544cd2813bf045,183,188,5,1,1910474
e3415e0c2f5c7ed0,287,322,35,1,4830044
e33e7afa06bdbd22,242,270,28,1,5331577
e34762425cf8d589,284,330,46,1,5561033
e34d60b812e91f55,520,731,211,1,8366130
e36ba5b8d646e7dc,190,197,7,1,1760542
e3582795edb07419,131,163,32,1,4057313
e36a9143e27e74f8,222,307,85,1,2951613
e370abeaed2385a2,73,75,2,1,776900
e373e94f3c5dfb3c,199,212,13,1,1105439
e361e8208dea764d,512,625,113,1,8750320
e37fad344938e68e,329,414,85,1,14455265
e339f2ec47bb162f,2187,2966,779,1,56768555
e39fecec53de2276,4,6,2,1,74429
e3a5a81a43dfe4d7,31,39,8,1,396937
e39e2e597543ce6a,182,187,5,1,998301
e39cc4b515b27a72,206,226,20,1,2360619
e3b3f6f44847c765,18,24,6,1,446919
e39502afb47581f5,387,555,168,1,8575979
e35384cd3895a2f7,1961,2689,728,1,69706268
e39b4e13ff45293d,1410,1994,584,1,35608639
e3ce0cd5553f4805,210,217,7,1,1984733
e3d212815d72ae4f,360,417,57,1,3633089
e3d9f6d89bf4282e,297,357,60,1,4581213
e3e56d8f7c171eea,441,615,174,1,8351665
e3caab42f9b3f199,1012,1343,331,1,31390590
e41820a9d3c75c93,378,474,96,1,4645961
e384ee85f92309f0,3392,4460,1068,1,86737818
e45a4fa0b12fce73,274,307,33,1,6461989
e456f00785f2ffce,232,285,53,1,8923709
e4699eda9d092244,189,197,8,1,1094419
e4558596702f9c52,485,654,169,1,14649507
e460a61d1c44fea8,380,451,71,1,10780995
e46656991381b742,209,281,72,1,4518562
e0ac0ff57a351fa0,10581,14021,3440,1,597178522
e471cc8a38472bf4,85,103,18,1,1126219
e479316a9224c994,35,47,12,1,652100
e44d6e7d04a6c5d5,1175,1649,474,1,28565021
e4828c6bd8469277,95,129,34,1,1495284
e47fd348fbf200a1,489,596,107,1,8922672
e12d06b93749b8d2,3717,5603,1886,1,682636653
e49b008d63de4924,7,9,2,1,251498
e4a7f6070c871eca,82,98,16,1,3170549
e4957824c4864972,75,97,22,1,3857087
e4b3bad94a04797f,105,136,31,1,5962386
dac7e73b2801a79d,6208,9249,3041,1,1738683261
e4eb17dc99d4e914,275,299,24,1,7473646
e4bf430077050115,463,648,185,1,14192383
e50df3e46576a01a,69,99,30,1,1067243
e487c9893c502a38,447,538,91,1,16630760
e510e3177181d7c0,47,56,9,1,1510198
e516d49f4287352b,12,13,1,1,294439
e4dc6af48c2d21bb,652,853,201,1,17295207
e4fe7eb75b09bd0b,560,731,171,1,10784429
e52278e300614155,87,115,28,1,2107656
e521cd959e238b58,156,200,44,1,6543811
e4eeec1d7cb56656,525,730,205,1,21951574
e537e5b22f2b99df,279,315,36,1,3599103
e524685fd409536f,557,679,122,1,9241358
e50e0361fa54a6e5,1094,1372,278,1,18033470
e53bc64b4c7f74b6,88,120,32,1,3528991
e4b73c66adfb7ad4,1670,2203,533,1,35899773
e4a86462cad15072,1477,1964,487,1,51115382
e51da834c35a9e7c,963,1209,246,1,34867126
e55273e7ac34897c,19,26,7,1,422974
e4c77ae69ba85ab8,1650,2104,454,1,53793383
e54fbb9751337741,305,363,58,1,5938183
e4c4948254a23301,1520,1977,457,1,65256786
d93135d1acffea75,23931,32241,8310,1,1959879105
e589fd700d1292de,14,20,6,1,517578
e57a3fceb83a384f,258,284,26,1,2821964
e57398fc71489ae1,174,193,19,1,5492109
e5833481a7018524,288,344,56,1,5528854
e56416c36bc779db,959,1390,431,1,32585683
e575d3b78da985e2,464,586,122,1,9080651
e57328d9e1a4ec2c,1063,1407,344,1,26314346
e5a1ec873f1de0ba,141,156,15,1,2650723
e5abe883080def6f,200,214,14,1,2027801
e5ad870f9e1ce6e4,88,125,37,1,2252730
e5b0083b2bfddada,205,223,18,1,2671660
e5ac2d486469f986,201,254,53,1,5270588
e58a39f3cbbb16b7,1576,2041,465,1,45312362
e56c816ba3ab8649,2814,3618,804,1,74409312
e5e7daddd598111e,10,13,3,1,401860
e5e4cb0b9dc490b8,256,283,27,1,2495340
e5f4b9f3aafd400b,110,154,44,1,4838356
e5c5f2501bb57e27,1254,1626,372,1,32719007
e5ff7eedf15fba6a,45,49,4,1,1026355
e5fd64a55fa4e79c,292,342,50,1,8110133
e5fcbcc4de0e2847,630,839,209,1,12357373
e62a8f90472f416f,186,187,1,1,1384018
e6055c0caccd8fc4,98,138,40,1,2703240
e61208a0fbfcdbd1,86,116,30,1,3438702
e608c3c1cbc0b3ae,289,415,126,1,6547614
e60b7053a6ba2698,1094,1357,263,1,25052171
e634bcd42d988ee6,4,6,2,1,164443
e6449e6ee6bffbe0,182,187,5,1,1748226
e64e72a0d9b0e11c,203,210,7,1,2217026
e644e6072b9ef326,256,293,37,1,4525540
e60ef48841b8cd44,957,1331,374,1,41527303
e6445ad41ee14f39,460,630,170,1,15661911
e65897b32bdb88c6,418,567,149,1,14645455
e657dbce697362f3,669,801,132,1,15704805
e65d2caf9526483f,490,668,178,1,11838986
e66b93d014bfdf26,265,291,26,1,4108857
e663dc9f18af66b8,435,569,134,1,12454767
e67604eca6a38ea0,129,167,38,1,4398989
e67d074eda447969,328,399,71,1,4787643
e65999bac4bcc36d,993,1283,290,1,35634930
e62ceb6665bb9929,1859,2371,512,1,55968317
e6928968ba737557,298,341,43,1,4178755
e698d0709dcee0b9,814,1068,254,1,21587663
e6ad2e7463437929,611,837,226,1,17638946
e5fe93a883000c0c,3906,5069,1163,1,147120322
e698b98ac59f1edf,1302,1626,324,1,39147779
e6c50d888a888b46,81,103,22,1,2946951
e6d51d1c8ce0bc64,189,196,7,1,3395955
e6af90b54f3724a1,1161,1462,301,1,22177152
e6d5007af1798e45,856,1081,225,1,14903851
e47ad4e9a85837a8,11298,14927,3629,1,520715475
e6f51a2fe64aac32,3,3,0,0,94976
e6e54f7de6b547c1,86,129,43,1,3488605
e7083da30d482c97,29,39,10,1,1896654
e6f5cd437af7ba4d,74,88,14,1,4382316
e6dd826118ab59a8,234,263,29,1,7905121
e703167fca1d61f2,199,212,13,1,6046278
e70534df96c9bd87,186,212,26,1,7270014
e724441dfb6c105e,30,40,10,1,651598
e708d21823d8460f,297,362,65,1,8055690
e72e27b269d7218d,3,6,3,1,122248
e6fa8878687aafa4,279,341,62,1,11715992
e70c7ac01c4b49a1,275,305,30,1,7376427
e7415b523beea279,198,211,13,1,2185317
e738cfa752d396ec,278,302,24,1,3379620
e75b05dd5602c3ae,104,132,28,1,1321477
e742da8cf393e941,99,124,25,1,3517349
e700bdd7e9cc9e67,653,771,118,1,14893315
e6dd2c28fe5fba8f,648,945,297,1,19143113
e76eda6a3182ea7f,16,23,7,1,469307
e74d03172879d28e,764,1019,255,1,22792479
e77ae1295c26ee7b,13,19,6,1,465307
e711768572652263,1626,2034,408,1,44588253
e789be6003b501e3,95,130,35,1,2326026
e6edcda4aafb7bcd,1985,2620,635,1,62041212
e7911ddfe25a82aa,215,235,20,1,2622667
e79bf7a019eef57d,212,228,16,1,3335969
e78181342547782a,706,925,219,1,20432618
e7997ff66b05fc41,251,336,85,1,10767873
e70283b458954590,3104,4107,1003,1,118683383
e7f235bddc6ade3d,5,6,1,1,125165
e7b339a707bb63c8,9,12,3,1,508507
e7f9c03a53f9d8e3,4,7,3,1,106770
e7df24a1a35e30d4,4,6,2,1,217247
e7b5e37d39f1b739,68,90,22,1,1708620
e7ca4ea886d78547,100,130,30,1,2969113
e7d1b4e50d5855ee,150,167,17,1,2661744
e7e81f06ba71b6eb,220,235,15,1,3323800
e7dc1fb1933e3f38,164,247,83,1,4158701
e8120d17d3f6424e,30,36,6,1,599084
e81251ff43530914,149,176,27,1,2761978
e6f323ad10b103b4,1761,2352,591,1,200723218
e71801dc5a489f89,4536,6008,1472,1,191171737
e81d2ea7888f68a3,994,1292,298,1,26717353
e7fc1ceff6cea6ce,2467,2700,233,1,46230760
e8410a3cda584288,135,153,18,1,1806259
e846b3d3d934c1ab,42,53,11,1,990615
e83f291b8c9954d2,512,641,129,1,10969073
e8451ef51f6172a9,611,778,167,1,8723320
e84d05547cc3b573,313,435,122,1,9255932
e8593ddd7d2cc28f,202,209,7,1,2074322
e85e36aad5e0650f,330,400,70,1,5478330
e869d6ab1eed6217,411,530,119,1,10584274
e86406a813ae8f58,901,1155,254,1,28202259
e87a072065556796,3,3,0,0,110691
e8994d13f9b83d72,44,58,14,1,967789
e87a09c495025927,182,188,6,1,1793177
e89ffc3fa5df8433,71,76,5,1,1077800
e897ac1b5aabf12b,99,130,31,1,1822102
e890503958b932f3,182,187,5,1,2500660
e8a984185538fd66,200,214,14,1,1615975
e895b124f6211b81,330,443,113,1,6865386
e8a4bc29a5aa6eba,260,282,22,1,5467729
e8a2612e73c64f36,254,286,32,1,10930453
e8bda23f854ea714,96,128,32,1,8937834
e8d71702604ff1fc,28,40,12,1,2106805
e8b904ff18f84160,199,287,88,1,13686355
e8d72b9e67901b85,268,288,20,1,5794222
e8e555e90f1cc5fa,182,195,13,1,2606913
e8e6d14b51bf6144,3,3,0,0,61876
e8caa8c57ab2be42,421,622,201,1,16607594
e88cfd579ce3da4c,587,764,177,1,23554967
e8ddabdf73951153,273,331,58,1,5488435
e8e682bc0b4e6750,101,153,52,1,2952642
e90cddae232e4204,326,396,70,1,3416761
e9109bbd471ce27a,227,292,65,1,6706356
e8cbbe1c8c428e99,734,1002,268,1,30153622
e894b38b5728b2b2,1398,1742,344,1,39781377
e919010bae08db58,327,383,56,1,9170125
e8da4740477e4dcb,1125,1555,430,1,36234903
e8a284112ef91565,1325,1863,538,1,51754498
e9141a850cb31874,1190,1672,482,1,36024047
e89a0caa1803e6cb,1972,2548,576,1,71364957
e9249c68e9469f74,1428,1823,395,1,33713287
e93fa8ad0e47b977,6,9,3,1,397500
e93990752ec71d43,200,211,11,1,3931636
e93f88b1749409d9,99,143,44,1,3296837
e9575aa2d975887b,258,282,24,1,5894738
e941eaba181a08d9,147,222,75,1,6254887
e948d00b341ea7d3,281,309,28,1,7059709
e95db71bef807ddd,3,3,0,0,133194
e939a8f545589360,475,536,61,1,11136054
e966ecee5bd0241a,33,44,11,1,873397
e93ea0f01a5d95c5,744,962,218,1,19479426
e97677111af1fead,106,154,48,1,1839906
e797ee66079d429b,6687,8907,2220,1,375625952
e9777f359a622990,287,340,53,1,3631640
e977db26790b91b1,285,331,46,1,4092430
e986ade519f9cd86,111,155,44,1,1465097
e998fa17578ee836,195,206,11,1,1785210
e9a2a4d0da28be61,202,210,8,1,1213994
e982d257f8744e9d,302,397,95,1,7003428
e9a7fbff588e213e,16,23,7,1,396305
e9a2f60affe449df,312,445,133,1,7386587
e9b3c1bcb945bebd,50,72,22,1,1421881
e9b3591d094bd056,223,252,29,1,2286648
e97d1ebe31cff9e3,934,1287,353,1,21347792
e98a2ff7d5cd4d9f,1107,1384,277,1,22143482
e9b8d36d401e219a,21,28,7,1,331748
e9b6db943528f028,1059,1433,374,1,28979977
e9c00ecf1b32049d,26,33,7,1,484531
e9c795f1637669bf,336,401,65,1,4941247
e9bfe02ff6d839fd,234,323,89,1,7559198
e91fbb8d8adfb5f1,4793,6138,1345,1,117775575
e9dc0b0d56d8c6bc,609,765,156,1,17759810
e9b267a79844ff3f,3418,4560,1142,1,84108133
e9f7b187190c330a,14,21,7,1,636384
ea1e05b340f6a8c9,63,90,27,1,963645
e9f7860ad613f3a4,266,305,39,1,3268379
ea23d0302d6fbf4c,251,282,31,1,3070458
ea2bceba60d2cbb6,248,313,65,1,2997738
ea29342445acd616,293,361,68,1,3820570
ea105d46fb60b3a6,207,248,41,1,4838901
ea27926b2fa24d2d,143,196,53,1,4497533
e9fe7148ec7ac0db,288,373,85,1,7055399
ea0c38e9996240e8,301,357,56,1,7669444
ea4c674092027e02,26,32,6,1,578557
ea536b0b1f062e56,36,48,12,1,601423
ea47f379842728fb,269,301,32,1,5929280
ea5f742616f9e08c,273,309,36,1,6246038
ea60335b70cfff71,255,291,36,1,3205865
ea62d3426c9a2615,177,218,41,1,3651767
ea63177dc0502c30,333,401,68,1,4695722
ea6f07cf54467b54,263,293,30,1,3109072
ea643c511be19af3,1235,1725,490,1,17965829
ea2a3167efaed720,1803,2329,526,1,51772565
ea9e24bf60e81e0a,175,243,68,1,4596525
eab68e54608f79cf,251,283,32,1,3110663
eaa6ee8867982db8,560,760,200,1,14076175
eab161a710eb9ef5,613,782,169,1,15930053
ead235583e50ca47,252,283,31,1,2413299
eac87317278f9853,464,522,58,1,5396507
eaae1f6be1307927,934,1304,370,1,28742505
eaafd82a47499426,774,1116,342,1,28658169
eaa963803b7efba2,1219,1531,312,1,31941215
e9eac90c6742fae4,3740,4933,1193,1,133260115
eab5f474d2227648,992,1306,314,1,35481808
ead222c3406d24f8,640,848,208,1,16630147
eae411cb287be947,243,281,38,1,5550433
eaee6f7310dc78a8,186,194,8,1,2024079
eae8318708142328,143,191,48,1,3616208
eae7bee7587b1514,519,643,124,1,5832633
eaf54a419f0bf457,5,7,2,1,136477
eaf20d6e4d90a84e,237,295,58,1,10232372
eaefef269516fa62,830,1090,260,1,17892326
eb026f5e0a606f84,118,152,34,1,2300708
eb0ce71b5bf6c5c1,73,97,24,1,1076883
eb18b73b0c32ea19,40,49,9,1,530072
eb167ccbf660734e,262,278,16,1,3220922
eb23df0959f7819b,98,125,27,1,1476591
eb1d2301fffafd94,263,376,113,1,3918290
eb2be08ad15f7b62,281,320,39,1,2942850
eb392576990a8734,214,226,12,1,1856243
eb375f3080a9f7af,230,296,66,1,4830806
eb2bda45bff8de2b,601,788,187,1,17399977
eb3d436ce1eda39e,314,371,57,1,3017761
eb3ef34c57358bd6,318,375,57,1,2842356
eb4759394311ff19,7,11,4,1,243332
eb475d217d08e622,355,407,52,1,8064418
eb69692e3c408b06,68,106,38,1,1182921
eb6e21b5e420246c,196,206,10,1,1096554
eb6ba3095f216a06,113,148,35,1,2807409
eb5387d0ab9dbb28,640,888,248,1,11467530
eb3f4b8352ebe873,916,1207,291,1,23911706
eb72ec12323e5b84,160,221,61,1,4254613
eb5e3397bca98f48,674,889,215,1,17240805
eb7ea52c96c3a0ad,24,35,11,1,372819
eb83d0aeea823f79,16,20,4,1,152873
eb84d44e73a9adb4,89,112,23,1,1150301
eb80111017184fde,241,272,31,1,3682360
eb8c6209635dfe90,312,349,37,1,3382658
eb9782fd56c29e6e,184,188,4,1,946025
eb945bb5ab6f6720,100,131,31,1,2206909
eb5ceebdda2cc339,1183,1668,485,1,28556186
eba18a22d90a6b11,40,51,11,1,494719
eb89512a2640d7ce,400,543,143,1,7143386
eba2a4a600143143,83,114,31,1,2004211
ebadedf7055fe8e0,5,7,2,1,111923
ebae1369f483afad,184,187,3,1,937953
eba806f1128aa24b,199,208,9,1,1728637
ebbbd471b96c701a,91,123,32,1,1170948
ebbabfe11026b296,186,191,5,1,1538011
eb3da8e4a333ebe6,2811,3944,1133,1,79505078
eba11bd89734a95e,1433,1923,490,1,29179307
ebdc31b3a2b5adbf,303,376,73,1,5395292
ebe64439dafb1e4a,4,6,2,1,193821
e9dbf175f37026e6,6318,8410,2092,1,309023249
ebe3c30818f7d097,138,202,64,1,3253047
ebe206670387854c,152,203,51,1,4033134
ebe18ecdc9b5bf68,245,349,104,1,6480459
ebf8bda2c213f7a4,43,52,9,1,736412
ebfa56a03619aca6,25,35,10,1,452956
ebe9dd92622fd288,456,650,194,1,10610578
ec00faee5856770b,5,6,1,1,142800
ec01a2b721e344a7,34,48,14,1,640808
ec0fad1ba51b2420,114,156,42,1,1868348
ec05c69458037ffb,350,419,69,1,6306727
ec2e7527585bff50,4,7,3,1,128194
ec3695e2bd64a2ea,23,38,15,1,566791
ec29444216cb53c6,716,914,198,1,21081053
ec4021c66a03c0ce,143,164,21,1,3803288
ec4840d5a92a6ced,331,400,69,1,3092719
ec4add73b294e79b,586,768,182,1,9828972
ec6bb6d8aea870f7,2,3,1,1,91369
ec5437e51d1f7114,868,1162,294,1,13611105
ec6effc5b957f7de,22,34,12,1,352505
ec6cb22b02e87d73,278,324,46,1,5813683
ec786a81d2dcd286,415,527,112,1,5031855
ec7523a14397a193,403,504,101,1,9652128
ec90bf9eb632a078,276,306,30,1,2843129
ec90f11cb2ea4dad,205,251,46,1,3903776
ec9089071f3e6c47,442,530,88,1,5237460
eca4640055bc8819,89,114,25,1,2330547
eca25ac69e5d08c3,93,116,23,1,3008707
eca52db55adbf6fd,200,289,89,1,6838870
ecaaab8ca85c5b30,82,113,31,1,3776750
ecaf4d18054f1488,188,200,12,1,4923724
ecb22a596f9c43b8,277,299,22,1,8190776
ecc55eaeeacd8be4,7,9,2,1,156060
ec9f096d728d0ca5,822,1072,250,1,25355675
eccef314dc679b7e,116,123,7,1,1117701
ecc386806e21817f,66,87,21,1,1133066
ecd6ea33c5da821f,4,7,3,1,94190
ecdf72cee8374b07,18,25,7,1,274864
ece7e627f655cd6b,34,48,14,1,725571
ecd846ae76d562ee,306,344,38,1,4583896
ecd2ce29ffc8c640,550,670,120,1,6593466
eceb6ac9da315de5,40,49,9,1,989501
ecc2c9931ac2cf1c,824,961,137,1,11961664
ecef7f221ab8e50a,301,345,44,1,3611086
eca8619a4055b4a2,1212,1671,459,1,29706700
ecd86300e1fc0612,648,884,236,1,11835341
ecf883d7da8a1da4,257,298,41,1,6293260
ed00e9c6a6f000ce,108,149,41,1,1428038
ed1d9e5d29d0fbfb,41,49,8,1,721093
ecff54a84724ae81,1262,1461,199,1,27984375
ed2a865749b43f1e,185,188,3,1,1830527
e859b5cd765ba365,16662,22223,5561,1,835479396
ed350cad18844bd9,117,123,6,1,1142302
ed2fcb9b62c56fc8,198,209,11,1,4515804
ed32ab8361f90719,144,166,22,1,3472176
ed39e15772bfd694,277,340,63,1,6472389
ed3f801c642010ce,314,382,68,1,7520134
ed4f13638957ce51,6,7,1,1,204385
ed4ada15b4dde6cd,206,217,11,1,1204108
ed5400e36b24e24c,204,224,20,1,1900452
ed336f11cf6197e1,935,1215,280,1,30407499
ed6495fd2ee76a81,206,212,6,1,2329372
ed64c58388480a52,275,304,29,1,3228810
ed5cf36c1ca19840,465,560,95,1,4965512
ed6bef17b30e5abe,49,67,18,1,1019425
ed71ddedc6baf6da,42,49,7,1,517560
ed7cf7aa7c723948,3,3,0,0,54275
ed8c3453a14a3784,11,20,9,1,387079
ed68958b545663e0,752,988,236,1,21248309
ed8bfb8d0ed1a0f8,81,110,29,1,2036621
ed9360f7cf930e9d,263,294,31,1,3732187
ed9b8f96762b004e,206,223,17,1,2565158
ed9e61347d1e4fb9,187,199,12,1,1477754
edb2812efd380df0,92,131,39,1,2357674
edb3c23e6f010f7a,256,285,29,1,4593640
edb868c119d03d13,73,91,18,1,2168140
edbfc54b29f5c07c,229,255,26,1,4000773
ed9bf5911d93c19c,962,1351,389,1,39485163
edb64f44a2bc5ce5,523,669,146,1,12431383
edc342aa1254e24f,70,99,29,1,2179903
edb42e5c739db7c4,994,1223,229,1,28651632
edb6bc8166069667,1137,1488,351,1,26270047
edd9f317a4f1cb44,96,126,30,1,1538420
edbcd16e3225c403,1201,1685,484,1,36053541
ede8e413927d2f8f,191,199,8,1,2013949
edc241759e339dbd,1159,1615,456,1,34791274
edff612149f9f8e4,139,184,45,1,2190945
edf33e5bda7a7bc7,300,387,87,1,7302790
ee1986fc5ea42c3d,22,33,11,1,812791
ee08599741229e81,74,103,29,1,3076163
ee07b246cbe06399,296,341,45,1,3712305
ee273bf4745d85e7,17,27,10,1,443500
ee10cd4ae86934e5,236,334,98,1,6562303
ee1b505ee448bb62,326,392,66,1,10230074
ee333d598af2da8f,22,27,5,1,2007645
ee29b0a3b7ff8b40,329,396,67,1,15150588
eded11d58d66cd0c,1632,2070,438,1,48927645
ee39923de0958a97,213,228,15,1,2672090
ee3cdcf7bf9b879d,252,290,38,1,3665516
ee06c0ae15bd0f18,1516,1932,416,1,45158708
ee3681bcbc494b5b,721,902,181,1,15415100
ee4ebedacdaed871,199,206,7,1,1787799
ee6be735a6bc3e29,21,27,6,1,445784
ee8e7a11acdb5642,298,357,59,1,12497668
eeb143dafc207719,2,3,1,1,95337
ee99aa63e78d71ff,96,133,37,1,2466697
ee9fb0b21f0c5033,88,113,25,1,3040190
eebee1f5e5c01d49,142,193,51,1,4756505
eec4adf50683c848,310,363,53,1,9294919
eebd0c833dfa1cc4,604,768,164,1,16443953
eed871fc28eb4ab2,89,118,29,1,1418612
eee30c15ccf845fa,3,3,0,0,130331
eec6ed6830430ea2,1045,1378,333,1,22901744
eee5cbbca84ead72,315,375,60,1,6291220
eeefb88e396baf79,281,305,24,1,3115231
eee732aad779b5a2,560,742,182,1,13115680
ee8b6b8d3240589e,2497,3247,750,1,72139569
ef09507c64a9deb7,162,226,64,1,3653280
ef09f890725d40c7,246,337,91,1,6932870
ef04028ba6c06383,622,879,257,1,15935210
ef13721f6c71f390,284,362,78,1,6591880
ef2367d40e5fc5ac,203,214,11,1,2742718
ef29f6edb674e774,88,110,22,1,2716625
ef3e1fa6fc809ff6,96,133,37,1,2114909
ef2569a92d1ae03a,522,726,204,1,17807901
ef1ff7005173bf90,757,1069,312,1,23108953
ef5cd4cb6d7b08be,101,131,30,1,1747238
ef68972bd09a6144,86,112,26,1,1639896
ef73c8fcfef792ac,587,806,219,1,19738368
ef9d2d9b96a3f0a3,12,13,1,1,960554
efab870f4fe824d3,31,44,13,1,3619423
efd4938cc19933ba,270,301,31,1,4540858
ef9f3c7913cea57e,260,296,36,1,7035015
ef9e56e40ee484ac,182,228,46,1,7781202
eff90d875d77d76d,8,11,3,1,230569
ef7de40c2cc3d2a1,516,629,113,1,16575284
effd3334da53adeb,192,200,8,1,2446681
efee3e4b39fea721,210,228,18,1,3437791
f007c2f05d1e9152,24,35,11,1,862772
f010fc73b1a839c4,3,3,0,0,90534
eff24a58962767fa,283,344,61,1,4288912
f01ffd890a6eae80,205,208,3,1,3164856
efec32dafb9d1e0c,309,413,104,1,11299731
ef781dda1eddaa29,848,1119,271,1,26214055
f024f400657bb4dc,562,598,36,1,5313368
f033b6d108195169,38,49,11,1,547436
f0257fa1b839c6cc,207,221,14,1,3603498
f02b4f00f5bbc11b,231,237,6,1,3613078
f00f3c23816b6e7a,237,300,63,1,9272400
f0310be6bcec6a8b,227,254,27,1,3348443
f05f80ecfa72f1dd,155,194,39,1,2900870
f04d657dce607c63,274,307,33,1,6862238
f0669afccd20d0ea,92,136,44,1,6290842
f06dc29dec368b66,5,6,1,1,413892
f065542c901614c2,270,376,106,1,11770862
f053db999363fa00,445,501,56,1,16007335
efabdaee25b4717f,1099,1548,449,1,43407691
f0721fb3fab456e9,365,423,58,1,4963067
f07a73663e0845c7,136,198,62,1,4363130
f07810a6fb6adf3b,86,111,25,1,1815623
f07bd39be1776575,33,42,9,1,806055
f093a7c13770cd5a,3,6,3,1,98278
f0a1fe5aaf16209a,158,189,31,1,2414566
f08d0f8128efa61a,367,433,66,1,3230111
f06fec080beffdc4,1013,1212,199,1,24403033
f04d78b1fd890646,1194,1658,464,1,45796995
f0cfb62affd36c55,203,218,15,1,4013724
f0d54e2bd4f16cba,255,289,34,1,6903561
f0e601db38b8aa5e,3,4,1,1,120157
f0b4ba7212ec9a1e,389,514,125,1,14397739
f0ea4f13ceb86949,115,153,38,1,6638684
f0e38ee4da6a81a4,446,557,111,1,11885000
f0770419f198df5b,1566,2138,572,1,46081818
f1090c5a3c16ee67,86,112,26,1,1158296
f1128650766f395b,182,187,5,1,1799834
f12a68d8d6afd341,191,278,87,1,2556247
f14c6ecef698b5db,11,14,3,1,136758
f12e564a90d49d6c,507,704,197,1,20063046
f15ede4525b70f12,34,48,14,1,523221
f1650f1decd45c4a,30,42,12,1,823800
f0fc0a52c484878e,2143,2841,698,1,50582078
f15bd33205e22769,820,915,95,1,14604319
f137baef486ab2e4,1642,2140,498,1,28861930
f03e6662667b178b,4030,5424,1394,1,149675061
effca02264b43f57,5395,7018,1623,1,167835175
f16ed818041e1218,94,127,33,1,2112650
f181aa34f334af7d,109,154,45,1,4496169
f17722c08eca63eb,327,399,72,1,9120372
f17f070afdf6a1ac,211,275,64,1,9319012
f1926df948eb5aec,48,57,9,1,1632425
f18f05609dc7d587,253,278,25,1,4819212
f18984023e207c45,267,303,36,1,13518710
f198e088ea3ccc57,131,187,56,1,3536322
f1a694a39b247936,91,120,29,1,1972820
f1a7cf0e22ee131f,96,131,35,1,1551126
f18db59861295ee6,573,713,140,1,12193292
f1b6228195892c8d,23,31,8,1,320039
f1b28e3bc9dfd5f1,195,206,11,1,1121172
f1acf24082a7a848,146,203,57,1,2973481
f1b8fbd61b996e3a,120,163,43,1,3123892
f194faf8c7fea608,583,756,173,1,15544274
f1c98208546317eb,67,96,29,1,1753958
f1ca3040396548a6,182,218,36,1,5037598
ef80369a81a1d7a6,5838,7661,1823,1,234472642
f1cd5bd64b71ed23,484,611,127,1,6730235
f1d90145a6161eda,201,211,10,1,3844976
f209feee5c51e1d7,86,113,27,1,4088711
f1fac5b7023be4b5,238,261,23,1,6848847
f211b17a80f97beb,125,166,41,1,1599616
f1743b79289f5404,3283,4350,1067,1,103344472
f21bdf7d06311050,310,338,28,1,4259691
f21ebf0ac79a6b3d,324,385,61,1,5862967
f1f35d9681faf503,533,664,131,1,18510138
f20ff2d85db0ff91,557,715,158,1,16936226
efdee84e9f7044e4,9078,11024,1946,1,307652013
f23401b666570109,28,44,16,1,1349085
f236aec5994d095b,2,3,1,1,110841
f22f0941272ca537,327,398,71,1,6144912
f0a8c949ecc7cc7e,4896,6062,1166,1,260176852
f228eec268e2cbe2,715,963,248,1,18327069
f243c4912cb59ee8,194,200,6,1,1449823
f249cd42435cb37b,98,131,33,1,2229411
f24188bf558f700d,519,656,137,1,11324717
f257c8a5f0d3f51e,89,117,28,1,2623977
f26af8634bf18b9b,85,131,46,1,3118875
f26bc2ecf552816e,269,313,44,1,12026120
f27807341dd0b9eb,16,20,4,1,420842
f27d119c0d7e213d,80,121,41,1,2139020
f27ad00af53c6014,199,271,72,1,5609047
f1d843a058418136,4987,5647,660,1,95988808
f28bd3cb8a620fc7,173,200,27,1,2788582
f26d77d20066fa46,685,798,113,1,8740726
f28d474d81324117,61,79,18,1,1103137
f282d8caee400d21,342,419,77,1,5965780
f29276e8de2e4690,96,131,35,1,1374805
f28ff214b0aa2682,455,565,110,1,8564105
f24bd3f7dd523b3d,1838,2406,568,1,47574878
f2a3ce6fca859eef,216,226,10,1,2537659
f15d9d3e3d619a8f,6310,8129,1819,1,240138859
f2d4887b5aae9bab,34,47,13,1,519159
f2e56fefc94c177c,25,33,8,1,415788
f2b0e40abb88d0b3,1533,1969,436,1,31341057
f2ba1937bce7ade9,1099,1554,455,1,32315544
f2d2cd3b50bbac82,510,714,204,1,18130512
f2d47f48268b1742,908,1302,394,1,24372212
f2de43b68f9b8555,1234,1443,209,1,25857445
f3057814c484eea2,25,31,6,1,609647
f31ef3f4b5a29af9,3,6,3,1,81941
f311dd9642a37481,106,140,34,1,2251336
f3159c199c51353a,108,165,57,1,2528507
f30c94aabdd03ad4,188,195,7,1,3113369
f311538599c20ea6,209,229,20,1,4464844
f33fb7b01d7a773d,2,3,1,1,90538
f337856f105c9de9,261,280,19,1,1913262
f28f5074f46caee1,4271,5589,1318,1,152288208
f34c789e4abd0033,113,149,36,1,1505623
f33901629f9d35c9,94,131,37,1,3646187
f3735a22788d555f,193,207,14,1,1849839
f382ce055660d8a0,17,24,7,1,336997
f30f7088765a111a,458,651,193,1,12063821
f318e47940c7672f,787,1070,283,1,16613266
f38c3049cfcf9dd9,233,324,91,1,6572160
f353f445c0e9e1b8,834,1148,314,1,11636646
f397423f2c7f5d23,48,52,4,1,1344483
f3320d02204ae189,1006,1341,335,1,19124964
f3a52cf48198f9c8,305,385,80,1,12876752
f32080d12bcfb11d,1178,1637,459,1,37164588
f3a627603e67d1c3,314,390,76,1,14935844
f343cdddd093cb19,1079,1449,370,1,35497445
f3b68e1f709d332f,403,506,103,1,7312400
f3ab89f83415785a,1113,1445,332,1,15309635
f3c2ead8338640a6,674,843,169,1,8528849
f3c59d337e1b975f,3,3,0,0,38224
f35c122c176db1bd,2253,2985,732,1,55418699
f3b6614ff4aa9b5a,1160,1621,461,1,29481024
f3a7ebc9bcc9f08a,1211,1613,402,1,31437772
f3cd19ea71860b5e,350,418,68,1,10410998
f3d4d6769b5b96df,357,437,80,1,7796798
f3d79f66671627c6,301,340,39,1,8088167
f3e40a6af6fc9500,60,89,29,1,3607809
f3e59a69d00c4903,16,20,4,1,173954
f3edc4249d82642c,5,6,1,1,94893
f39a9230cb7667b6,2238,2852,614,1,59962279
f3e583d42b7b82bb,230,306,76,1,3088635
f3db13f47322008c,352,429,77,1,9460154
f3f552ef881a1580,387,459,72,1,4331805
f382e94c022c8aef,1651,2159,508,1,73816344
f40beaf5dde517fb,195,206,11,1,1137662
f404a637b103bf68,330,475,145,1,7133604
f389f287f8987347,2947,3769,822,1,76726702
f3efccc2b9a33414,597,803,206,1,23230269
f42cd57dcb4588ce,145,201,56,1,4861849
f43c6109dcc3288a,268,300,32,1,1999404
f428dfabeb2f1e19,384,462,78,1,10070117
f444d2bd3c83e0a4,93,125,32,1,2850309
f44cb2378ab94666,325,379,54,1,4655122
f3b848284736a900,2852,3802,950,1,80043516
f43b5ceffb3507a9,579,743,164,1,10070791
f45b5cdaf4e1c442,126,136,10,1,1412602
f4624ce1eb1e5369,262,302,40,1,4099512
f46fbab79b23e68e,100,137,37,1,2785775
f46c520509047cb4,397,506,109,1,13463862
f47fea9d8f7826c6,119,159,40,1,2214115
f4830b8cb22ba1ed,150,169,19,1,3994268
efd6bb7b7ef05a66,13541,18149,4608,1,766429896
f4954073a6135b78,16,20,4,1,413851
f48b2e389e2f6f87,636,765,129,1,9488217
f49a185ced91974d,72,95,23,1,1511236
f49ff80d10de165b,240,269,29,1,2011816
f4a90a78a4091148,34,47,13,1,485909
f49583031cb150ed,467,572,105,1,10280517
f4b1def3b35e2b1d,5,6,1,1,119783
f4b6ef71afa434d4,8,13,5,1,230234
f4b22b57fbf6f79a,128,175,47,1,2769864
f4aa2f0d7e8b76f4,278,328,50,1,7548879
f4bff3c4b90bc000,9,14,5,1,371952
f40716314af23630,3547,4914,1367,1,124264171
f4cf2668824bfdb2,381,467,86,1,10241937
f4efe17fe7aafc5b,6,6,0,0,123172
f4b57ab04ff469af,1030,1331,301,1,20933364
f4ea6544f0cba63c,333,388,55,1,5174143
f4f3880d5938cb77,90,126,36,1,2770010
f500d6518d32dc8d,2,3,1,1,125516
f51c0766c5a915f3,175,217,42,1,1980039
f517ad11852a315a,181,227,46,1,3883363
f5237070490b5ac9,100,132,32,1,1910036
f5142387ccf5224f,711,901,190,1,10726067
f5181e7416610c62,702,955,253,1,11028834
f4f8e6d3807c5cd0,1143,1480,337,1,31795471
f54b08806c30d0e6,212,229,17,1,5631614
f536c1bc50b53ea0,247,283,36,1,7451143
f54272d9dc873c33,727,1052,325,1,22177431
f53fed1c54e8cb66,915,1223,308,1,22229560
f569efa68c05a91a,442,518,76,1,5374877
f574c567e09230d6,249,284,35,1,2343806
f565b0eb5c3ca992,633,884,251,1,8514856
f57577a4fb045707,331,402,71,1,3018101
e6c937c2325414a9,6582,9939,3357,1,2997731317
f5288b05cc48146d,2046,2672,626,1,28985436
f5913e2cd9ef55d2,39,57,18,1,569120
f58f7603ad3a3480,26,35,9,1,662490
f57dca99d8e63e6a,29,39,10,1,866982
f55cbcfcc316374d,1116,1581,465,1,36007301
f57db07e2c0c5b1e,100,134,34,1,2498097
f5a68860ea6fde7f,371,436,65,1,9101191
f5bee07352369b87,105,157,52,1,1647483
f5b4b09b5d3f23a4,306,402,96,1,8337468
f5be67d9907ee6ba,111,155,44,1,3230875
f5c033fa8540bbcd,20,25,5,1,961649
f5131672d9ca4781,3150,4204,1054,1,80704341
f5d3484aa1260719,6,9,3,1,165678
f5d63ef84a14a258,412,504,92,1,7911627
f5df7e4c1bd6dd38,27,31,4,1,557589
f5e2898da13fe775,207,223,16,1,2915876
f5deecdc80ddca68,302,372,70,1,3834176
f5e88af910544048,419,537,118,1,8587421
f603de7e634e32d6,88,120,32,1,4104919
f603b7356dae18df,137,176,39,1,5799791
f5db1ba5c4e95592,1370,1592,222,1,31573884
f5747bea4d697e3a,2936,3917,981,1,95808318
f6073c513acee67e,93,119,26,1,1621444
f5cd9b0d812c4fad,1791,2275,484,1,56762971
f608b0211607284d,586,758,172,1,10980350
f62022bb076ec2b0,99,142,43,1,2249628
f60e32ea3671f9df,639,808,169,1,8913905
f6265d9b06a0c3f1,47,66,19,1,1200367
f6056c86d3ddce69,929,1177,248,1,21891900
f636bfbe5e906dd3,477,574,97,1,6654211
f639d80b8d4b00ee,92,120,28,1,2247094
f64ee0e5499c71f5,4,6,2,1,244806
f6383751e45bfdb1,806,973,167,1,19233001
f666e0933fff19d3,179,218,39,1,4095015
f65702fd62bbd673,782,1034,252,1,17663123
f6521dab7bfe316e,728,988,260,1,21022857
f67d0cd881c9ba39,117,146,29,1,2217240
f67fe16f1f1d8c32,339,398,59,1,5164831
f68cd4822bed4397,32,40,8,1,608489
f689d7faa7e72689,250,283,33,1,3652705
f675e37ba092e598,435,614,179,1,10748473
f6949aa9e5b00b70,74,97,23,1,1654137
f6958f829de064dd,88,121,33,1,2684752
f69965bdfc7981e5,141,200,59,1,2892210
f6a094d9d07ed68d,6,6,0,0,165914
f69a1ac56914530c,945,1238,293,1,19828016
f6ad92d59d97b59a,15,22,7,1,526038
f69fd013cb79a2e4,1619,2074,455,1,46573211
f6a9c6c327a5651b,812,1039,227,1,23427783
f6bd7fea58a67eed,94,134,40,1,2449131
f6d3267e2b4bdf68,186,197,11,1,1992630
f6d03d1ede02de4c,126,155,29,1,3605256
f6e82d0be9e6a2c3,72,94,22,1,1999354
f6e2847409f122a0,253,293,40,1,3754004
f6cf6694cdd35680,234,329,95,1,8549170
f6d71b8ed1aeb685,643,932,289,1,9698455
f6b3fcd864e09698,617,809,192,1,11346922
f6e1e50f3bcea781,475,573,98,1,9744646
f6f941d14a9bf865,254,299,45,1,6327718
f6afe809663de0bb,1119,1333,214,1,37498894
f6e5c8ea6023aad0,1161,1445,284,1,28006360
f6ce0bbf30ae552c,1187,1667,480,1,35670199
f705d66903fbe791,647,791,144,1,18093281
f73ca8b78ec74ff4,182,188,6,1,1362154
f73d51aa279e9132,196,207,11,1,3377027
f71b20dfe2a460f0,426,518,92,1,4710620
f732dda8d9c2f1c6,339,410,71,1,4799842
f729f29b6a1c3762,340,388,48,1,7397392
f74bce1a60d6af28,45,58,13,1,1030227
f7485f8eb2493d68,895,1193,298,1,12719497
f2f0fd3caab1d5d5,12248,16068,3820,1,780170304
f6a072a51026b9c3,4453,5863,1410,1,166192359
f781d239b39fcf7c,4,6,2,1,175578
f77032643bfaba35,1163,1199,36,1,12496807
f77c19f45cf052f9,647,809,162,1,11176833
f793f0fbed301dba,88,115,27,1,1097837
f7865682a165f643,463,576,113,1,16287078
f7a421493bdc685e,492,616,124,1,6166711
f7b0e60ffe5ea2d5,97,119,22,1,4107626
f7b6ff5f19c6b17e,88,115,27,1,5045976
f7bf0a2f25934db9,173,230,57,1,9959849
f7bbd31b9ae60cba,496,622,126,1,14008405
f7aeca2aa2102935,755,1038,283,1,26299057
f7d2e7c3ba59dd1e,258,278,20,1,3731056
f7abcce624389a10,1694,2236,542,1,38974091
f7df781860a040ed,388,450,62,1,8502697
f7df2baf555efb0a,455,614,159,1,19781567
f7f0adc70c95634b,588,751,163,1,13820514
f7f4966d9acde2da,405,513,108,1,10855299
f7102b7a10cb2e4f,4396,5802,1406,1,190071361
f7f73b7c42b31943,748,944,196,1,11790984
f809031e5d1a2ca1,105,140,35,1,1418286
f7f7d98c4f547779,534,757,223,1,15821639
f8174d2be999defc,70,99,29,1,1492932
f80bba8fee8425fa,360,430,70,1,6250216
f817f339a871747f,291,354,63,1,5632674
f8149e3e94df627d,442,510,68,1,6874406
f8258bf068eeb205,152,167,15,1,2248790
f8314b32ea1d5f7e,5,9,4,1,272889
f8362b7ac66a9159,122,123,1,1,899537
f7ff8d01c392e16d,1729,2338,609,1,40443411
f82982460c68513d,471,595,124,1,12092039
f83559100acc2d14,362,414,52,1,9060514
f744cbd9a611880c,4485,5926,1441,1,202785157
f86e256a185ca0ed,208,258,50,1,7687250
f87b46e308b0f285,6,7,1,1,280389
f87e3b4e7a19deda,29,44,15,1,1195565
f87a2c0867273102,88,117,29,1,3485952
f883d3c8bc8e4bb6,211,265,54,1,8543207
f88aac70ab135f5f,98,131,33,1,1761118
f875e114552a497b,848,1232,384,1,16623346
f8988210c9f1b253,2,3,1,1,110774
f88853866d125b95,511,638,127,1,16533681
f88fa6920d881da7,313,447,134,1,4976246
f8a420a52208b223,196,199,3,1,3110938
f8aa281fcdeaddd4,98,138,40,1,3329109
f89c27d01c00b32d,328,394,66,1,8457560
f84686ae08b4f4ef,2117,2786,669,1,89807629
f8ad5bed7e9aa3fa,560,710,150,1,13110315
f8b9fdbedf5a7466,100,134,34,1,2389401
f89273b86c329a0a,955,1196,241,1,35352805
f84507880581bbdc,2165,3105,940,1,107783901
f8b700b95bef2038,449,624,175,1,8725527
ef5ace246b9422ca,21392,28883,7491,1,1686375138
f88318b72fd49bc3,1073,1492,419,1,61840274
f8bedf18cc37d564,190,198,8,1,2338784
f88a2964c14c383b,1817,2351,534,1,48044536
f8b47cbdb86cf349,401,534,133,1,14778059
f8bcfb3e428f4372,110,147,37,1,3636338
f8c5d758353b421c,530,719,189,1,15579560
f8b9f8a21a7a223d,984,1440,456,1,31811315
f8d2bec10f1b5010,846,1176,330,1,19860529
f9002d394e501ff6,2,3,1,1,120001
f8fed648a4f1953a,3,3,0,0,150491
f8eeff46731eb9f2,309,349,40,1,5799811
f8fc442642fb2460,317,402,85,1,6271724
f90ea3558b5dc489,38,51,13,1,2002779
f912ba5fc6572300,23,39,16,1,2049570
f90cbb692fa7e9ee,198,209,11,1,7141715
f902b9800358744d,478,604,126,1,15099536
f91781d5f70631d1,192,206,14,1,2337842
f9068d0a7a11f40a,510,619,109,1,14342213
f92588d88cc91204,269,291,22,1,3765732
f92bee9653387f71,199,211,12,1,2115417
f92de9badda89a2c,193,205,12,1,2489360
f920199937a1e2d2,1108,1580,472,1,22168112
f937a2bf2a6600f5,760,937,177,1,13577348
f961c016f764c02b,24,40,16,1,676933
f96eea4da19db952,83,108,25,1,1883588
f962705bf2e6d4ba,797,1031,234,1,23138695
f97ed2f21b24d41c,85,120,35,1,2618102
f98374b99b3b2696,28,33,5,1,587467
f9409bc061ff56bd,2212,2854,642,1,57856152
f9858ec073421ce2,116,145,29,1,2537446
f6b1a9196223550e,3595,5362,1767,1,675600372
f987d182e5dc0e6c,487,580,93,1,7940419
f9a848d4138493c5,190,245,55,1,5906016
f9328f24c1a2a2a9,3485,4765,1280,1,116193363
f9bdbd5e35f6670f,142,188,46,1,3704892
f9e2361dc5514cfe,82,110,28,1,2068117
f9a8cb0bafcfccc6,571,763,192,1,13398548
f9e495e01646c891,297,345,48,1,4693318
fa1bf73874521d83,7,11,4,1,324771
fa228e5b34c45d5f,45,57,12,1,999429
f9efba9190f6cd87,60,93,33,1,1603802
fa20578aa5d37913,30,38,8,1,1214524
fa2cd9c32804356a,102,159,57,1,2810698
fa2e2b7d86749439,192,200,8,1,2015881
f9ecd8132b2508af,195,214,19,1,3960547
fa1f34ad8a2c90ea,196,248,52,1,4674032
fa26c86747a69915,146,205,59,1,5644041
fa19a8b82da3ad42,328,373,45,1,7007225
fa371d507acc1621,299,333,34,1,7289226
f9eb3afd09babcc1,666,880,214,1,28978825
fa2d28eccf66b559,1014,1338,324,1,31988343
fa5131070886b98f,94,130,36,1,2420571
fa4ac5ca45604bb8,150,167,17,1,3478080
f9f70d0acd2f8b66,933,1301,368,1,42218133
fa6096d679d1c35b,311,368,57,1,4876376
fa5e5f1d8a42a119,528,646,118,1,10435965
fa6bf8b32772e870,425,457,32,1,13070633
fa734826b392efb4,47,51,4,1,1011416
fa716140aeb42a2b,104,157,53,1,4159830
fa7c9990804a6593,104,134,30,1,2316107
fa7b705b0677877f,520,627,107,1,9030345
fa759661e047fff3,489,615,126,1,11999268
fa794f2e7cd00cec,650,807,157,1,10587508
fa6bb835796d9e77,1188,1677,489,1,32258824
fa3467c54b926a65,2906,3707,801,1,90940038
f9a28761ad5358b7,6853,8726,1873,1,262249340
fa9cb4285d2c3c9c,29,40,11,1,733005
fad1b66a155a0c9c,106,153,47,1,2518548
fa8f61a3a589c21b,346,416,70,1,6024837
faee2d7a21384215,16,20,4,1,292284
fae15375c70e6fa9,283,315,32,1,6198246
fb025196de0f9454,4,6,2,1,140823
faa0fa9b8b94a4d1,222,285,63,1,8377649
fb11684fc6666d2b,6,7,1,1,120513
fb13f3038894128f,15,20,5,1,401870
fad28742239f6dd6,351,417,66,1,11398247
fb159caa2c7027fd,90,114,24,1,4227704
fb20de42fb0f82d7,6,7,1,1,323944
fae0a96257cdb24e,626,791,165,1,18006778
fb21267f55f80a25,194,206,12,1,7912199
fb1cc9a5398719b7,307,344,37,1,10874740
fb2305180592f945,63,79,16,1,4610807
fb02f16e8efe83cd,316,346,30,1,16313803
fb2b34c4fd90e1c9,23,35,12,1,598776
fac9c296c3c43fc1,777,1129,352,1,28823927
fb27b8affbbffe7b,269,294,25,1,5430975
fac73e1ab30f5f04,854,1263,409,1,33608023
fb2c7ee2192291d7,407,536,129,1,11792237
fafa4188fb7ef0b5,941,1331,390,1,34086215
fb3c6d7d0d772b79,282,318,36,1,3926080
fae995a1ede506de,1164,1665,501,1,42947369
fa7f4fd5a79c48cf,1020,1411,391,1,47446804
fb538398f39b0b0d,91,143,52,1,4927831
fb4e973267980836,206,271,65,1,9343549
fb3edcb318108d2e,914,1269,355,1,29302539
fb52c90673dca391,548,671,123,1,8219155
fb5c530b0b3ecb5b,330,369,39,1,6312292
fab6e3a6e1ce27d3,2559,3205,646,1,88122099
fbac7b76bbcc7662,10,19,9,1,585899
fbae755f3d7c664f,93,131,38,1,2521634
fb98368d0f4c6775,215,246,31,1,3491643
fbd181d8295123fa,174,230,56,1,3288772
fbd47b981078ba1f,192,197,5,1,1865520
fb86e9cc4f031734,1260,1759,499,1,23428947
fbd7151f36b8e2f9,241,353,112,1,9711697
fbe078e45cf707e3,111,157,46,1,2432238
f9dd13d7f8c57689,8457,11319,2862,1,386915776
fbde004e14798ccd,850,1137,287,1,27920999
fc11c6047e2443c2,76,100,24,1,5223035
fc1ad0f9e386cc93,40,52,12,1,1546270
fbf54e0fe9e133d6,1012,1381,369,1,33332178
fc0dbccaafccad40,301,397,96,1,14893462
fc1e2e8f47351f20,125,154,29,1,3635912
fc2bc9591bae0ec5,10,13,3,1,382965
fc0feca87b33c242,454,613,159,1,19183268
fc1cce4b9d75a145,348,470,122,1,8024282
fc2afd584ffbf1a7,216,254,38,1,3531529
fc21b0fbf4c9c657,202,281,79,1,7225798
fc30e5733bf033ab,266,297,31,1,3672101
fc150e0e01870fc4,398,518,120,1,16659249
fc3e461b015d06e3,328,392,64,1,4437979
fc47536761e9d778,263,287,24,1,3419166
fc5234baf98473c3,25,32,7,1,510406
fc3889c14e554c80,563,613,50,1,11755280
fc5e7b1071a93b64,219,229,10,1,2715137
fc69106257f9433b,99,139,40,1,4106659
fc5f80b74c0fdd3d,290,371,81,1,6552362
fc9264f6ce60defe,2,3,1,1,134777
fc5b0c1f007e848a,931,1276,345,1,41667185
fc8703e194bedda8,480,581,101,1,15573019
fb8b9aac1ee350a3,4212,5535,1323,1,191537080
fca46e6ad3a34706,94,128,34,1,2502027
fca31f9960cdbeac,258,295,37,1,3953541
fc72a12aff6ff06b,1315,1512,197,1,31558017
fcaac7a88c76b87b,435,562,127,1,12331909
fc9e8f4f31a33c13,952,1241,289,1,34802267
fb5b4327f52f3785,7365,8989,1624,1,232658902
fcb00fe9f8172587,1313,1495,182,1,30197247
fcbc07075cc04f7f,793,1024,231,1,21662950
fcdcbc895f338fb2,127,178,51,1,2956661
fc47dad6881fa5c7,3617,4781,1164,1,128711798
fd18007ae33ebc4c,69,90,21,1,1659654
fd08cb5d48cc9635,115,164,49,1,3122426
fd226fd8c41e7793,335,396,61,1,3318443
fd15812ec60a08e5,101,136,35,1,4057351
fd11317acb5f49fb,290,342,52,1,4945523
fd3057742dbbc583,315,351,36,1,3941785
fd3506ad5392d90f,281,319,38,1,6242462
fcfd3393517ff98e,507,614,107,1,12336256
fd464b1bef3032ec,3,3,0,0,78921
fcfeec8f1d377dd2,812,1048,236,1,23264829
fcee53fc5750e45c,498,675,177,1,24750447
fd1e3a6bdccd50fe,493,679,186,1,24450437
fd46dc09d80fc0ee,484,576,92,1,7724090
fcf85955ec5c894b,1440,1839,399,1,43323569
fd4ef1c077b85b76,331,391,60,1,4796069
fd56d1c6762bdd55,402,502,100,1,6588971
fd50a3103100882b,788,967,179,1,14116770
fd699a7db6c2196a,66,93,27,1,1316258
fd6d5677d80b9e5f,101,134,33,1,2217820
fd7523dd4f257e73,103,134,31,1,4819763
fd64831980aad27b,749,1058,309,1,24622445
fd76e199f6d0b913,409,466,57,1,8587641
fd8bdb3b6d13c25c,64,89,25,1,1986060
fd9b3144043c850e,194,206,12,1,2223280
fdaec06fd0cf6e1e,82,116,34,1,2521447
fd8091d2452be30b,1237,1719,482,1,39333300
fdae792a4cb0ed5b,486,679,193,1,11302922
fdbb4b41938e2c11,310,337,27,1,6121826
fa6cb3727d855b49,14024,17152,3128,1,590750506
fdd272ddeab9c35c,118,148,30,1,2483824
fdca260aefb7dd44,687,875,188,1,16008188
fd9c6084f26ee94a,1140,1579,439,1,42771981
fde7c3b54c8a6bfd,289,351,62,1,4706683
fdd27bd1e8c05419,1030,1367,337,1,24784791
fdfa3030ec03ee20,63,86,23,1,1543183
fdf0c1a42941c52d,314,351,37,1,5620580
fdf2dc36211dcc0b,335,424,89,1,6662479
fdf511e22569d84e,369,456,87,1,6942829
fe0b61e335463327,24,35,11,1,1696973
fe0e20093b3812ed,434,550,116,1,14904525
fe1bf67fbb66d0c2,441,544,103,1,7882561
fe3df22776cae7dc,3,3,0,0,123028
fe4f857e1462d20d,25,31,6,1,471250
fe4993acbb5894fb,41,54,13,1,933270
fe3c45fd526f3d6d,29,44,15,1,1134975
fe45eb6f1938a8fb,227,323,96,1,8427547
fcdf7f5875897205,6963,9126,2163,1,287264857
fe233396b655cad4,310,416,106,1,14133516
fde87725edb89469,2303,2979,676,1,90023928
fe5b5823e49e4950,182,187,5,1,2135616
fe61ed7304c35aaf,10,14,4,1,280847
fe2d312e1b01040a,1149,1368,219,1,28770691
fe62fca28e6b433d,275,314,39,1,3984080
fe57729d498e7915,754,1015,261,1,30190219
fdfaa5ad8fec730c,2881,3873,992,1,95697598
fe6b9bf2d7f903f0,24,32,8,1,600763
fe90e02b900f42d9,2,3,1,1,124417
fe70e283aea22aa5,129,171,42,1,3726247
fe9b75b6f08f1672,378,424,46,1,6435335
fea463805c2b1499,30,41,11,1,871468
feaf89def922db41,199,207,8,1,2408109
fea7cf11bd3f5519,140,185,45,1,3527704
feb84dbf1cc8634a,194,200,6,1,1908357
fea4b1215f5e6a6a,408,533,125,1,8860914
fec43a995fc7c1d4,2,3,1,1,70539
fed8b3897dd08551,2,3,1,1,122415
fe9e282683cbadf2,1176,1646,470,1,37867917
fe826ecb189c7b2d,1550,2134,584,1,58719455
fed9f847ea0faef8,273,356,83,1,5700412
feca720e40de0ba2,857,1110,253,1,22372725
fed9fe722d7a46c1,479,624,145,1,9525023
fe1c8e1da783cf11,4515,5932,1417,1,159310760
feedb483358b8248,385,491,106,1,13182095
fed93c994d8e6249,1065,1437,372,1,36009061
fef4d5b0dc2e5224,3,3,0,0,125502
fef5e3407f27b9f9,85,125,40,1,3198131
ff450c56b6b884da,120,166,46,1,3055196
ff3e7da6934adfba,103,146,43,1,3211954
ff527543c4e26479,251,273,22,1,5661685
fefcee66f1b089f8,288,345,57,1,9601878
fe650b222116237c,4525,6021,1496,1,181206715
ff463b1b4ed179d3,317,411,94,1,11476912
ff033428f0291064,715,907,192,1,19949351
ff54a57952c64a46,540,735,195,1,19664980
ff6851576e0e0983,197,255,58,1,7094106
ff0cb106b66bbae5,1121,1499,378,1,38455271
ff76c2ef6e4925c3,462,620,158,1,14880637
ff7f1090c5093540,253,283,30,1,5096687
ff803abbbf665dfe,276,314,38,1,4552005
ff8194bab18fd0d7,359,404,45,1,6736366
ff7e1f14cea14a58,570,796,226,1,24885466
ff2da578baf40e26,2552,3303,751,1,100564824
ff98ac6129cec727,23,35,12,1,506172
ffa6f0fe88516a85,19,23,4,1,429038
ffb69f3a6f970bb5,7,7,0,0,81514
ff9ebaf56bb070a7,17,23,6,1,797850
ff87f956723fca1e,93,130,37,1,2489175
ffc941370f85a549,5,6,1,1,158626
ff9bebb296cc9750,92,122,30,1,2851458
ffac323ca6f626b3,82,103,21,1,2790074
ffa7534d4f1acfcd,174,244,70,1,4658495
ffe5de52d8f010ab,110,143,33,1,2112359
ffb6b7bd26464faa,290,331,41,1,4670668
fff5ccff1cfee5ef,126,170,44,1,2491696
ff8b130c3568594c,299,363,64,1,7643496
ffccc9760ebe04c0,324,385,61,1,5558129
ffc508e9e49f64be,391,477,86,1,8960918
ffed7f063f6d2fc0,304,365,61,1,11878429
fff66c2dac55184a,605,781,176,1,16126674
ffcfdecf5f8f06b9,632,792,160,1,19917654
ff98da5fb8cc8a31,2302,2985,683,1,61124890
ff83eac20eb06da9,1476,1979,503,1,62671872
fee3df7c89c680c8,8792,11384,2592,1,414463173
ff74f7f55003ebc5,13469,16406,2937,1,548185275
